record_id,ao_locus_tag,liu_ao_locus_tag,gene_name,function,record_type,subsystem,subsystem_source,subsystem_confidence,subsystem_rationale,pathway_order,compartment,compartment_source,compartment_confidence,glycosylation_role,glycosylation_role_source,glycosylation_role_confidence,sig_all_three,direction_all_three,record_origin,evidence_source,yeast_ortholog,citation,mapping_status,mapping_method,manual_review_required,uniprot_accession,kegg_gene_id,kegg_ko,ncbi_gene_id
AOC00001,AO090020000010,AO090020000010,,Tetratricopeptide repeat and J domain-containing co-chaperone DNJ1,secretory_client,,unassigned,low,Secretory clients are not assigned to machinery subsystems.,,unknown,unassigned,low,none,,,True,up,liu2014,database_prediction,,10.1186/1752-0509-8-73,exact,direct AO090 match in UniProt cross-reference,False,Q2U5A5,aor:AO090020000010,ko:K09523,5996479
AOC00002,AO090701000797,AO090701000797,,Endoplasmic reticulum-Golgi intermediate compartment protein,secretory_client,,unassigned,low,Secretory clients are not assigned to machinery subsystems.,,unknown,unassigned,low,none,,,True,up,liu2014,database_prediction,,10.1186/1752-0509-8-73,exact,direct AO090 match in UniProt cross-reference,False,Q2U7L0,aor:AO090701000797,ko:K20366,5995645
AOC00003,AO090120000396,AO090120000396,,"DNA, SC113",secretory_client,,unassigned,low,Secretory clients are not assigned to machinery subsystems.,,unknown,unassigned,low,none,,,True,up,liu2014,database_prediction,,10.1186/1752-0509-8-73,exact,direct AO090 match in UniProt cross-reference,False,Q2U637,aor:AO090120000396,ko:K00863,5996370
AOC00004,AO090003000350,AO090003000350,,Poly [ADP-ribose] polymerase (PARP) (EC 2.4.2.-),secretory_client,,unassigned,low,Secretory clients are not assigned to machinery subsystems.,,unknown,unassigned,low,none,,,True,up,liu2014,database_prediction,,10.1186/1752-0509-8-73,exact,direct AO090 match in UniProt cross-reference,False,Q2ULM4,aor:AO090003000350,ko:K28005,5991526
AOC00005,AO090011000473,AO090011000473,,"DNA, SC011",secretory_client,,unassigned,low,Secretory clients are not assigned to machinery subsystems.,,unknown,unassigned,low,none,,,True,up,liu2014,database_prediction,,10.1186/1752-0509-8-73,exact,direct AO090 match in UniProt cross-reference,False,Q2U0E2,aor:AO090011000473,ko:K00306,5998209
AOC00006,AO090009000104,AO090009000104,,"DNA, SC009",secretory_client,,unassigned,low,Secretory clients are not assigned to machinery subsystems.,,unknown,unassigned,low,none,,,True,up,liu2014,database_prediction,,10.1186/1752-0509-8-73,exact,direct AO090 match in UniProt cross-reference,False,Q2UV02,aor:AO090009000104,,5988545
AOC00007,AO090701000291,AO090701000291,,"DNA, SC111",secretory_client,,unassigned,low,Secretory clients are not assigned to machinery subsystems.,,unknown,unassigned,low,none,,,True,up,liu2014,database_prediction,,10.1186/1752-0509-8-73,exact,direct AO090 match in UniProt cross-reference,False,Q2U8U3,aor:AO090701000291,ko:K12274,5995212
AOC00008,AO090011000515,AO090011000515,,"DNA, SC011",secretory_client,,unassigned,low,Secretory clients are not assigned to machinery subsystems.,,unknown,unassigned,low,none,,,True,up,liu2014,database_prediction,,10.1186/1752-0509-8-73,exact,direct AO090 match in UniProt cross-reference,False,Q2U0A7,aor:AO090011000515,ko:K11718,5998244
AOC00009,AO090038000134,AO090038000134,,"DNA, SC038",secretory_client,,unassigned,low,Secretory clients are not assigned to machinery subsystems.,,unknown,unassigned,low,none,,,True,up,liu2014,database_prediction,,10.1186/1752-0509-8-73,exact,direct AO090 match in UniProt cross-reference,False,Q2U392,aor:AO090038000134,,5997201
AOC00010,AO090005000572,AO090005000572,,"DNA, SC005",secretory_client,,unassigned,low,Secretory clients are not assigned to machinery subsystems.,,unknown,unassigned,low,none,,,True,up,liu2014,database_prediction,,10.1186/1752-0509-8-73,exact,direct AO090 match in UniProt cross-reference,False,Q2US49,aor:AO090005000572,,5989563
AOC00011,AO090023000457,AO090023000457,,"DNA, SC023",secretory_client,,unassigned,low,Secretory clients are not assigned to machinery subsystems.,,unknown,unassigned,low,none,,,True,up,liu2014,database_prediction,,10.1186/1752-0509-8-73,exact,direct AO090 match in UniProt cross-reference,False,Q2UHG3,aor:AO090023000457,,5993006
AOC00012,AO090010000166,AO090010000166,oryJ,Oryzines biosynthesis cluster protein J,secretory_client,,unassigned,low,Secretory clients are not assigned to machinery subsystems.,,unknown,unassigned,low,none,,,False,,liu2014,database_prediction,,10.1186/1752-0509-8-73,exact,direct AO090 match in UniProt cross-reference,False,Q2TXF5,,,
AOC00013,AO090009000277,AO090009000277,,"DNA, SC009",secretory_client,,unassigned,low,Secretory clients are not assigned to machinery subsystems.,,unknown,unassigned,low,none,,,True,down,liu2014,database_prediction,,10.1186/1752-0509-8-73,exact,direct AO090 match in UniProt cross-reference,False,Q2UUK8,aor:AO090009000277,,5988689
AOC00014,AO090003000845,AO090003000845,,"DNA, SC003",secretory_client,,unassigned,low,Secretory clients are not assigned to machinery subsystems.,,unknown,unassigned,low,none,,,False,,liu2014,database_prediction,,10.1186/1752-0509-8-73,exact,direct AO090 match in UniProt cross-reference,False,Q2UKE1,aor:AO090003000845,,5991959
AOC00015,AO090005001111,AO090005001111,,"DNA, SC005",secretory_client,,unassigned,low,Secretory clients are not assigned to machinery subsystems.,,unknown,unassigned,low,none,,,True,down,liu2014,database_prediction,,10.1186/1752-0509-8-73,exact,direct AO090 match in UniProt cross-reference,False,Q2UQT5,aor:AO090005001111,,5990027
AOC00016,AO090001000482,AO090001000482,,"DNA, SC001",secretory_client,,unassigned,low,Secretory clients are not assigned to machinery subsystems.,,unknown,unassigned,low,none,,,False,,liu2014,database_prediction,,10.1186/1752-0509-8-73,exact,direct AO090 match in UniProt cross-reference,False,Q2UN71,aor:AO090001000482,ko:K20222,5990967
AOC00017,AO090023000256,AO090023000256,,Guanine deaminase (Guanase) (EC 3.5.4.3) (Guanine aminohydrolase),secretory_client,,unassigned,low,Secretory clients are not assigned to machinery subsystems.,,unknown,unassigned,low,none,,,True,down,liu2014,database_prediction,,10.1186/1752-0509-8-73,exact,direct AO090 match in UniProt cross-reference,False,Q2UHY8,aor:AO090023000256,ko:K01487,5992831
AOC00018,AO090026000056,AO090026000056,,chitinase (EC 3.2.1.14),secretory_client,,unassigned,low,Secretory clients are not assigned to machinery subsystems.,,unknown,unassigned,low,none,,,True,down,liu2014,database_prediction,,10.1186/1752-0509-8-73,exact,direct AO090 match in UniProt cross-reference,False,Q2UFW1,aor:AO090026000056,,5993584
AOC00019,AO090012000986,AO090012000986,,"DNA, SC012",secretory_client,,unassigned,low,Secretory clients are not assigned to machinery subsystems.,,unknown,unassigned,low,none,,,False,,liu2014,database_prediction,,10.1186/1752-0509-8-73,exact,direct AO090 match in UniProt cross-reference,False,Q2UBI3,aor:AO090012000986,,5988395
AOC00020,AO090001000003,AO090001000003,,"DNA, SC001",secretory_client,,unassigned,low,Secretory clients are not assigned to machinery subsystems.,,unknown,unassigned,low,none,,,False,,liu2014,database_prediction,,10.1186/1752-0509-8-73,exact,direct AO090 match in UniProt cross-reference,False,Q2UPE6,aor:AO090001000003,,5990542
AOC00021,AO090001000009,AO090001000009,,"DNA, SC001",secretory_client,,unassigned,low,Secretory clients are not assigned to machinery subsystems.,,unknown,unassigned,low,none,,,False,,liu2014,database_prediction,,10.1186/1752-0509-8-73,exact,direct AO090 match in UniProt cross-reference,False,Q2UPE2,aor:AO090001000009,,5990546
AOC00022,AO090001000014,AO090001000014,,"DNA, SC001",secretory_client,,unassigned,low,Secretory clients are not assigned to machinery subsystems.,,unknown,unassigned,low,none,,,False,,liu2014,database_prediction,,10.1186/1752-0509-8-73,exact,direct AO090 match in UniProt cross-reference,False,Q2UPD7,aor:AO090001000014,,5990551
AOC00023,AO090001000024,AO090001000024,aclH,Flavin-dependent halogenase aclH (EC 1.14.14.-) (Aspirochlorine biosynthesis protein H),secretory_client,,unassigned,low,Secretory clients are not assigned to machinery subsystems.,,unknown,unassigned,low,none,,,False,,liu2014,database_prediction,,10.1186/1752-0509-8-73,exact,direct AO090 match in UniProt cross-reference,False,Q2UPC7,aor:AO090001000024,ko:K23319,5990561
AOC00024,AO090001000028,AO090001000028,aclL,Cytochrome P450 monooxygenase aclL (EC 1.-.-.-) (Aspirochlorine biosynthesis protein L),secretory_client,,unassigned,low,Secretory clients are not assigned to machinery subsystems.,,unknown,unassigned,low,none,,,False,,liu2014,database_prediction,,10.1186/1752-0509-8-73,exact,direct AO090 match in UniProt cross-reference,False,Q2UPC4,,ko:K23321,
AOC00025,AO090001000029,AO090001000029,aclZ,C6 finger domain transcription factor aclZ (Aspirochlorine biosynthesis protein Z),secretory_client,,unassigned,low,Secretory clients are not assigned to machinery subsystems.,,unknown,unassigned,low,none,,,False,,liu2014,database_prediction,,10.1186/1752-0509-8-73,exact,direct AO090 match in UniProt cross-reference,False,Q2UPC3,,,
AOC00026,AO090001000035,AO090001000035,aclB,Cytochrome P450 monooxygenase aclB (EC 1.-.-.-) (Aspirochlorine biosynthesis protein B),secretory_client,,unassigned,low,Secretory clients are not assigned to machinery subsystems.,,unknown,unassigned,low,none,,,False,,liu2014,database_prediction,,10.1186/1752-0509-8-73,exact,direct AO090 match in UniProt cross-reference,False,Q2UPB7,,ko:K23320,
AOC00027,AO090001000038,AO090001000038,aclT,Thioredoxin reductase aclT (EC 1.8.1.-) (Aspirochlorine biosynthesis protein T),secretory_client,,unassigned,low,Secretory clients are not assigned to machinery subsystems.,,unknown,unassigned,low,none,,,False,,liu2014,database_prediction,,10.1186/1752-0509-8-73,exact,direct AO090 match in UniProt cross-reference,False,Q2UPB4,aor:AO090001000038,ko:K22124,5990574
AOC00028,AO090001000042,AO090001000042,aclJ,Dipeptidase aclJ (EC 3.4.13.19) (Aspirochlorine biosynthesis protein J),secretory_client,,unassigned,low,Secretory clients are not assigned to machinery subsystems.,,unknown,unassigned,low,none,,,False,,liu2014,database_prediction,,10.1186/1752-0509-8-73,exact,direct AO090 match in UniProt cross-reference,False,Q2UPB0,aor:AO090001000042,ko:K01273,
AOC00029,AO090001000046,AO090001000046,aclU,O-methyltransferase aclU (EC 2.1.1.-) (Aspirochlorine biosynthesis protein U),secretory_client,,unassigned,low,Secretory clients are not assigned to machinery subsystems.,,unknown,unassigned,low,none,,,False,,liu2014,database_prediction,,10.1186/1752-0509-8-73,exact,direct AO090 match in UniProt cross-reference,False,Q2UPA6,,ko:K23323,
AOC00030,AO090001000051,AO090001000051,,"DNA, SC001",secretory_client,,unassigned,low,Secretory clients are not assigned to machinery subsystems.,,unknown,unassigned,low,none,,,False,,liu2014,database_prediction,,10.1186/1752-0509-8-73,exact,direct AO090 match in UniProt cross-reference,False,Q2UPA1,aor:AO090001000051,,5990587
AOC00031,AO090001000058,AO090001000058,,"DNA, SC001",secretory_client,,unassigned,low,Secretory clients are not assigned to machinery subsystems.,,unknown,unassigned,low,none,,,False,,liu2014,database_prediction,,10.1186/1752-0509-8-73,exact,direct AO090 match in UniProt cross-reference,False,Q2UP95,aor:AO090001000058,,5990593
AOC00032,AO090001000068,AO090001000068,,"DNA, SC001",secretory_client,,unassigned,low,Secretory clients are not assigned to machinery subsystems.,,unknown,unassigned,low,none,,,False,,liu2014,database_prediction,,10.1186/1752-0509-8-73,exact,direct AO090 match in UniProt cross-reference,False,Q2UP87,aor:AO090001000068,,5990601
AOC00033,AO090001000087,AO090001000087,,"DNA, SC001",secretory_client,,unassigned,low,Secretory clients are not assigned to machinery subsystems.,,unknown,unassigned,low,none,,,False,,liu2014,database_prediction,,10.1186/1752-0509-8-73,exact,direct AO090 match in UniProt cross-reference,False,Q2UP73,aor:AO090001000087,,5990615
AOC00034,AO090001000099,AO090001000099,,"DNA, SC001",secretory_client,,unassigned,low,Secretory clients are not assigned to machinery subsystems.,,unknown,unassigned,low,none,,,False,,liu2014,database_prediction,,10.1186/1752-0509-8-73,exact,direct AO090 match in UniProt cross-reference,False,Q2UP62,aor:AO090001000099,,5990626
AOC00035,AO090001000105,AO090001000105,,"DNA, SC001",secretory_client,,unassigned,low,Secretory clients are not assigned to machinery subsystems.,,unknown,unassigned,low,none,,,False,,liu2014,database_prediction,,10.1186/1752-0509-8-73,exact,direct AO090 match in UniProt cross-reference,False,Q2UP57,aor:AO090001000105,,5990631
AOC00036,AO090001000107,AO090001000107,,"DNA, SC001",secretory_client,,unassigned,low,Secretory clients are not assigned to machinery subsystems.,,unknown,unassigned,low,none,,,False,,liu2014,database_prediction,,10.1186/1752-0509-8-73,exact,direct AO090 match in UniProt cross-reference,False,Q2UP55,aor:AO090001000107,,5990633
AOC00037,AO090001000131,AO090001000131,,"DNA, SC001",secretory_client,,unassigned,low,Secretory clients are not assigned to machinery subsystems.,,unknown,unassigned,low,none,,,False,,liu2014,database_prediction,,10.1186/1752-0509-8-73,exact,direct AO090 match in UniProt cross-reference,False,Q2UP33,aor:AO090001000131,,5990655
AOC00038,AO090001000136,AO090001000136,,"DNA, SC001",secretory_client,,unassigned,low,Secretory clients are not assigned to machinery subsystems.,,unknown,unassigned,low,none,,,False,,liu2014,database_prediction,,10.1186/1752-0509-8-73,exact,direct AO090 match in UniProt cross-reference,False,Q2UP29,aor:AO090001000136,,5990659
AOC00039,AO090001000149,AO090001000149,,"DNA, SC001",secretory_client,,unassigned,low,Secretory clients are not assigned to machinery subsystems.,,unknown,unassigned,low,none,,,False,,liu2014,database_prediction,,10.1186/1752-0509-8-73,exact,direct AO090 match in UniProt cross-reference,False,Q2UP17,aor:AO090001000149,,5990671
AOC00040,AO090001000158,AO090001000158,,"DNA, SC001",secretory_client,,unassigned,low,Secretory clients are not assigned to machinery subsystems.,,unknown,unassigned,low,none,,,False,,liu2014,database_prediction,,10.1186/1752-0509-8-73,exact,direct AO090 match in UniProt cross-reference,False,Q2UP08,aor:AO090001000158,ko:K23272,5990680
AOC00041,AO090001000160,AO090001000160,,"DNA, SC001",secretory_client,,unassigned,low,Secretory clients are not assigned to machinery subsystems.,,unknown,unassigned,low,none,,,False,,liu2014,database_prediction,,10.1186/1752-0509-8-73,exact,direct AO090 match in UniProt cross-reference,False,Q2UP06,aor:AO090001000160,,5990682
AOC00042,AO090001000168,AO090001000168,,"DNA, SC001",secretory_client,,unassigned,low,Secretory clients are not assigned to machinery subsystems.,,unknown,unassigned,low,none,,,False,,liu2014,database_prediction,,10.1186/1752-0509-8-73,exact,direct AO090 match in UniProt cross-reference,False,Q2UNZ8,aor:AO090001000168,,5990690
AOC00043,AO090001000170,AO090001000170,,"DNA, SC001",secretory_client,,unassigned,low,Secretory clients are not assigned to machinery subsystems.,,unknown,unassigned,low,none,,,False,,liu2014,database_prediction,,10.1186/1752-0509-8-73,exact,direct AO090 match in UniProt cross-reference,False,Q2UNZ6,aor:AO090001000170,,5990692
AOC00044,AO090001000171,AO090001000171,,"DNA, SC001",secretory_client,,unassigned,low,Secretory clients are not assigned to machinery subsystems.,,unknown,unassigned,low,none,,,False,,liu2014,database_prediction,,10.1186/1752-0509-8-73,exact,direct AO090 match in UniProt cross-reference,False,Q2UNZ5,aor:AO090001000171,,5990693
AOC00045,AO090001000180,AO090001000180,,"DNA, SC001",secretory_client,,unassigned,low,Secretory clients are not assigned to machinery subsystems.,,unknown,unassigned,low,none,,,False,,liu2014,database_prediction,,10.1186/1752-0509-8-73,exact,direct AO090 match in UniProt cross-reference,False,Q2UNY6,aor:AO090001000180,,5990702
AOC00046,AO090001000211,AO090001000211,,"DNA, SC001",secretory_client,,unassigned,low,Secretory clients are not assigned to machinery subsystems.,,unknown,unassigned,low,none,,,False,,liu2014,database_prediction,,10.1186/1752-0509-8-73,exact,direct AO090 match in UniProt cross-reference,False,Q2UNW1,aor:AO090001000211,,5990727
AOC00047,AO090001000230,AO090001000230,,"DNA, SC001",secretory_client,,unassigned,low,Secretory clients are not assigned to machinery subsystems.,,unknown,unassigned,low,none,,,False,,liu2014,database_prediction,,10.1186/1752-0509-8-73,exact,direct AO090 match in UniProt cross-reference,False,Q2UNU3,aor:AO090001000230,ko:K00306,5990745
AOC00048,AO090001000260,AO090001000260,,"DNA, SC001",secretory_client,,unassigned,low,Secretory clients are not assigned to machinery subsystems.,,unknown,unassigned,low,none,,,False,,liu2014,database_prediction,,10.1186/1752-0509-8-73,exact,direct AO090 match in UniProt cross-reference,False,Q2UNR6,aor:AO090001000260,,5990772
AOC00049,AO090001000267,AO090001000267,,"DNA, SC001",secretory_client,,unassigned,low,Secretory clients are not assigned to machinery subsystems.,,unknown,unassigned,low,none,,,False,,liu2014,database_prediction,,10.1186/1752-0509-8-73,exact,direct AO090 match in UniProt cross-reference,False,Q2UNQ9,aor:AO090001000267,,35119492
AOC00050,AO090001000272,AO090001000272,,"DNA, SC001",secretory_client,,unassigned,low,Secretory clients are not assigned to machinery subsystems.,,unknown,unassigned,low,none,,,False,,liu2014,database_prediction,,10.1186/1752-0509-8-73,exact,direct AO090 match in UniProt cross-reference,False,Q2UNQ4,aor:AO090001000272,,35119493
AOC00051,AO090001000275,AO090001000275,,"DNA, SC001",secretory_client,,unassigned,low,Secretory clients are not assigned to machinery subsystems.,,unknown,unassigned,low,none,,,False,,liu2014,database_prediction,,10.1186/1752-0509-8-73,exact,direct AO090 match in UniProt cross-reference,False,Q2UNQ2,aor:AO090001000275,,5990786
AOC00052,AO090001000284,AO090001000284,,"DNA, SC001",secretory_client,,unassigned,low,Secretory clients are not assigned to machinery subsystems.,,unknown,unassigned,low,none,,,False,,liu2014,database_prediction,,10.1186/1752-0509-8-73,exact,direct AO090 match in UniProt cross-reference,False,Q2UNP4,aor:AO090001000284,,5990794
AOC00053,AO090001000290,AO090001000290,,"DNA, SC001",secretory_client,,unassigned,low,Secretory clients are not assigned to machinery subsystems.,,unknown,unassigned,low,none,,,False,,liu2014,database_prediction,,10.1186/1752-0509-8-73,exact,direct AO090 match in UniProt cross-reference,False,Q2UNN8,aor:AO090001000290,,5990800
AOC00054,AO090001000293,AO090001000293,,"DNA, SC001",secretory_client,,unassigned,low,Secretory clients are not assigned to machinery subsystems.,,unknown,unassigned,low,none,,,False,,liu2014,database_prediction,,10.1186/1752-0509-8-73,exact,direct AO090 match in UniProt cross-reference,False,Q2UNN5,aor:AO090001000293,,5990803
AOC00055,AO090001000311,AO090001000311,,Arylsulfatase (AS) (EC 3.1.6.1) (Aryl-sulfate sulphohydrolase),secretory_client,,unassigned,low,Secretory clients are not assigned to machinery subsystems.,,unknown,unassigned,low,none,,,False,,liu2014,database_prediction,,10.1186/1752-0509-8-73,exact,direct AO090 match in UniProt cross-reference,False,Q2UNM0,aor:AO090001000311,,5990818
AOC00056,AO090001000342,AO090001000342,,"DNA, SC001",secretory_client,,unassigned,low,Secretory clients are not assigned to machinery subsystems.,,unknown,unassigned,low,none,,,False,,liu2014,database_prediction,,10.1186/1752-0509-8-73,exact,direct AO090 match in UniProt cross-reference,False,Q2UNJ2,aor:AO090001000342,,5990846
AOC00057,AO090001000345,AO090001000345,,"DNA, SC001",secretory_client,,unassigned,low,Secretory clients are not assigned to machinery subsystems.,,unknown,unassigned,low,none,,,False,,liu2014,database_prediction,,10.1186/1752-0509-8-73,exact,direct AO090 match in UniProt cross-reference,False,Q2UNI9,aor:AO090001000345,,5990849
AOC00058,AO090001000350,AO090001000350,,"DNA, SC001",secretory_client,,unassigned,low,Secretory clients are not assigned to machinery subsystems.,,unknown,unassigned,low,none,,,False,,liu2014,database_prediction,,10.1186/1752-0509-8-73,exact,direct AO090 match in UniProt cross-reference,False,Q2UNI7,aor:AO090001000350,ko:K20061,5990851
AOC00059,AO090001000371,AO090001000371,,"DNA, SC001",secretory_client,,unassigned,low,Secretory clients are not assigned to machinery subsystems.,,unknown,unassigned,low,none,,,False,,liu2014,database_prediction,,10.1186/1752-0509-8-73,exact,direct AO090 match in UniProt cross-reference,False,Q2UNH0,aor:AO090001000371,,5990868
AOC00060,AO090001000399,AO090001000399,,"DNA, SC001",secretory_client,,unassigned,low,Secretory clients are not assigned to machinery subsystems.,,unknown,unassigned,low,none,,,False,,liu2014,database_prediction,,10.1186/1752-0509-8-73,exact,direct AO090 match in UniProt cross-reference,False,Q2UNE4,aor:AO090001000399,,35119496
AOC00061,AO090001000400,AO090001000400,,"DNA, SC001",secretory_client,,unassigned,low,Secretory clients are not assigned to machinery subsystems.,,unknown,unassigned,low,none,,,False,,liu2014,database_prediction,,10.1186/1752-0509-8-73,exact,direct AO090 match in UniProt cross-reference,False,Q2UNE3,aor:AO090001000400,,5990895
AOC00062,AO090001000403,AO090001000403,,"DNA, SC001",secretory_client,,unassigned,low,Secretory clients are not assigned to machinery subsystems.,,unknown,unassigned,low,none,,,False,,liu2014,database_prediction,,10.1186/1752-0509-8-73,exact,direct AO090 match in UniProt cross-reference,False,Q2UNE0,aor:AO090001000403,,5990898
AOC00063,AO090001000429,AO090001000429,,Phosphoacetylglucosamine mutase (PAGM) (EC 5.4.2.3) (Acetylglucosamine phosphomutase) (N-acetylglucosamine-phosphate mutase),secretory_client,,unassigned,low,Secretory clients are not assigned to machinery subsystems.,,unknown,unassigned,low,none,,,False,,liu2014,database_prediction,,10.1186/1752-0509-8-73,exact,direct AO090 match in UniProt cross-reference,False,Q2UNB6,aor:AO090001000429,ko:K01836,
AOC00064,AO090001000448,AO090001000448,,"DNA, SC001",secretory_client,,unassigned,low,Secretory clients are not assigned to machinery subsystems.,,unknown,unassigned,low,none,,,False,,liu2014,database_prediction,,10.1186/1752-0509-8-73,exact,direct AO090 match in UniProt cross-reference,False,Q2UN99,aor:AO090001000448,ko:K12861,5990939
AOC00065,AO090009000582,AO090009000582,,Very long-chain fatty acid transport protein (Very-long-chain acyl-CoA synthetase),secretory_client,,unassigned,low,Secretory clients are not assigned to machinery subsystems.,,unknown,unassigned,low,none,,,True,down,liu2014,database_prediction,,10.1186/1752-0509-8-73,exact,direct AO090 match in UniProt cross-reference,False,Q2UTU9,aor:AO090009000582,ko:K08745,5988948
AOC00066,AO090001000485,AO090001000485,,Large ribosomal subunit protein P1 (60S acidic ribosomal protein P1),secretory_client,,unassigned,low,Secretory clients are not assigned to machinery subsystems.,,unknown,unassigned,low,none,,,False,,liu2014,database_prediction,,10.1186/1752-0509-8-73,exact,direct AO090 match in UniProt cross-reference,False,Q2UN68,aor:AO090001000485,ko:K02942,
AOC00067,AO090001000489,AO090001000489,,"DNA, SC001",secretory_client,,unassigned,low,Secretory clients are not assigned to machinery subsystems.,,unknown,unassigned,low,none,,,False,,liu2014,database_prediction,,10.1186/1752-0509-8-73,exact,direct AO090 match in UniProt cross-reference,False,Q2UN64,aor:AO090001000489,ko:K17797,5990974
AOC00068,AO090001000533,AO090001000533,,"DNA, SC001",secretory_client,,unassigned,low,Secretory clients are not assigned to machinery subsystems.,,unknown,unassigned,low,none,,,False,,liu2014,database_prediction,,10.1186/1752-0509-8-73,exact,direct AO090 match in UniProt cross-reference,False,Q2UN23,aor:AO090001000533,,5991015
AOC00069,AO090001000537,AO090001000537,,"DNA, SC001",secretory_client,,unassigned,low,Secretory clients are not assigned to machinery subsystems.,,unknown,unassigned,low,none,,,False,,liu2014,database_prediction,,10.1186/1752-0509-8-73,exact,direct AO090 match in UniProt cross-reference,False,Q2UN19,aor:AO090001000537,,5991020
AOC00070,AO090001000539,AO090001000539,,"DNA, SC001",secretory_client,,unassigned,low,Secretory clients are not assigned to machinery subsystems.,,unknown,unassigned,low,none,,,False,,liu2014,database_prediction,,10.1186/1752-0509-8-73,exact,direct AO090 match in UniProt cross-reference,False,Q2UN17,aor:AO090001000539,,5991021
AOC00071,AO090001000542,AO090001000542,,"DNA, SC001",secretory_client,,unassigned,low,Secretory clients are not assigned to machinery subsystems.,,unknown,unassigned,low,none,,,False,,liu2014,database_prediction,,10.1186/1752-0509-8-73,exact,direct AO090 match in UniProt cross-reference,False,Q2UN14,aor:AO090001000542,,5991024
AOC00072,AO090001000551,AO090001000551,,"DNA, SC001",secretory_client,,unassigned,low,Secretory clients are not assigned to machinery subsystems.,,unknown,unassigned,low,none,,,False,,liu2014,database_prediction,,10.1186/1752-0509-8-73,exact,direct AO090 match in UniProt cross-reference,False,Q2UN05,aor:AO090001000551,,5991033
AOC00073,AO090001000556,AO090001000556,mndA,Beta-mannosidase A (EC 3.2.1.25) (Mannanase A) (Mannase A),secretory_client,,unassigned,low,Secretory clients are not assigned to machinery subsystems.,,unknown,unassigned,low,none,,,False,,liu2014,database_prediction,,10.1186/1752-0509-8-73,exact,direct AO090 match in UniProt cross-reference,False,Q2UN00,,ko:K01192,
AOC00074,AO090001000564,AO090001000564,,"DNA, SC001",secretory_client,,unassigned,low,Secretory clients are not assigned to machinery subsystems.,,unknown,unassigned,low,none,,,False,,liu2014,database_prediction,,10.1186/1752-0509-8-73,exact,direct AO090 match in UniProt cross-reference,False,Q2UMZ2,aor:AO090001000564,,5991046
AOC00075,AO090001000568,AO090001000568,,"DNA, SC001",secretory_client,,unassigned,low,Secretory clients are not assigned to machinery subsystems.,,unknown,unassigned,low,none,,,False,,liu2014,database_prediction,,10.1186/1752-0509-8-73,exact,direct AO090 match in UniProt cross-reference,False,Q2UMY8,aor:AO090001000568,,5991050
AOC00076,AO090001000570,AO090001000570,,Putative tRNA (cytidine(32)/guanosine(34)-2'-O)-methyltransferase (EC 2.1.1.205) (2'-O-ribose RNA methyltransferase TRM7 homolog),secretory_client,,unassigned,low,Secretory clients are not assigned to machinery subsystems.,,unknown,unassigned,low,none,,,False,,liu2014,database_prediction,,10.1186/1752-0509-8-73,exact,direct AO090 match in UniProt cross-reference,False,Q2UMY6,aor:AO090001000570,ko:K14864,5991052
AOC00077,AO090001000572,AO090001000572,fmp521,"Protein fmp52-1, mitochondrial",secretory_client,,unassigned,low,Secretory clients are not assigned to machinery subsystems.,,unknown,unassigned,low,none,,,False,,liu2014,database_prediction,,10.1186/1752-0509-8-73,exact,direct AO090 match in UniProt cross-reference,False,Q2UMY4,aor:AO090001000572,,5991054
AOC00078,AO090001000588,AO090001000588,,"DNA, SC001",secretory_client,,unassigned,low,Secretory clients are not assigned to machinery subsystems.,,unknown,unassigned,low,none,,,False,,liu2014,database_prediction,,10.1186/1752-0509-8-73,exact,direct AO090 match in UniProt cross-reference,False,Q2UMX0,aor:AO090001000588,,5991068
AOC00079,AO090001000599,AO090001000599,,"DNA, SC001",secretory_client,,unassigned,low,Secretory clients are not assigned to machinery subsystems.,,unknown,unassigned,low,none,,,False,,liu2014,database_prediction,,10.1186/1752-0509-8-73,exact,direct AO090 match in UniProt cross-reference,False,Q2UMW0,aor:AO090001000599,ko:K11415,5991078
AOC00080,AO090001000613,AO090001000613,,"DNA, SC001",secretory_client,,unassigned,low,Secretory clients are not assigned to machinery subsystems.,,unknown,unassigned,low,none,,,False,,liu2014,database_prediction,,10.1186/1752-0509-8-73,exact,direct AO090 match in UniProt cross-reference,False,Q2UMV2,aor:AO090001000613,,5991086
AOC00081,AO090001000616,AO090001000616,,"DNA, SC001",secretory_client,,unassigned,low,Secretory clients are not assigned to machinery subsystems.,,unknown,unassigned,low,none,,,False,,liu2014,database_prediction,,10.1186/1752-0509-8-73,exact,direct AO090 match in UniProt cross-reference,False,Q2UMU9,aor:AO090001000616,,5991089
AOC00082,AO090001000619,AO090001000619,,"DNA, SC001",secretory_client,,unassigned,low,Secretory clients are not assigned to machinery subsystems.,,unknown,unassigned,low,none,,,False,,liu2014,database_prediction,,10.1186/1752-0509-8-73,exact,direct AO090 match in UniProt cross-reference,False,Q2UMU6,aor:AO090001000619,,5991092
AOC00083,AO090001000621,AO090001000621,,"DNA, SC001",secretory_client,,unassigned,low,Secretory clients are not assigned to machinery subsystems.,,unknown,unassigned,low,none,,,False,,liu2014,database_prediction,,10.1186/1752-0509-8-73,exact,direct AO090 match in UniProt cross-reference,False,Q2UMU4,aor:AO090001000621,,5991094
AOC00084,AO090001000638,AO090001000638,,"DNA, SC001",secretory_client,,unassigned,low,Secretory clients are not assigned to machinery subsystems.,,unknown,unassigned,low,none,,,False,,liu2014,database_prediction,,10.1186/1752-0509-8-73,exact,direct AO090 match in UniProt cross-reference,False,Q2UMS8,aor:AO090001000638,,5991110
AOC00085,AO090001000715,AO090001000715,,"DNA, SC001",secretory_client,,unassigned,low,Secretory clients are not assigned to machinery subsystems.,,unknown,unassigned,low,none,,,False,,liu2014,database_prediction,,10.1186/1752-0509-8-73,exact,direct AO090 match in UniProt cross-reference,False,Q2UML0,aor:AO090001000715,,5991178
AOC00086,AO090001000752,AO090001000752,,Ubiquitin carboxyl-terminal hydrolase (EC 3.4.19.12),secretory_client,,unassigned,low,Secretory clients are not assigned to machinery subsystems.,,unknown,unassigned,low,none,,,False,,liu2014,database_prediction,,10.1186/1752-0509-8-73,exact,direct AO090 match in UniProt cross-reference,False,Q2UMH5,aor:AO090001000752,ko:K11836,5991213
AOC00087,AO090003000009,AO090003000009,,"DNA, SC003",secretory_client,,unassigned,low,Secretory clients are not assigned to machinery subsystems.,,unknown,unassigned,low,none,,,False,,liu2014,database_prediction,,10.1186/1752-0509-8-73,exact,direct AO090 match in UniProt cross-reference,False,Q2UMG6,aor:AO090003000009,ko:K19306,5991234
AOC00088,AO090003000026,AO090003000026,,"DNA, SC003",secretory_client,,unassigned,low,Secretory clients are not assigned to machinery subsystems.,,unknown,unassigned,low,none,,,False,,liu2014,database_prediction,,10.1186/1752-0509-8-73,exact,direct AO090 match in UniProt cross-reference,False,Q2UMF0,aor:AO090003000026,ko:K11886,5991250
AOC00089,AO090003000053,AO090003000053,,"DNA, SC003",secretory_client,,unassigned,low,Secretory clients are not assigned to machinery subsystems.,,unknown,unassigned,low,none,,,False,,liu2014,database_prediction,,10.1186/1752-0509-8-73,exact,direct AO090 match in UniProt cross-reference,False,Q2UMC6,aor:AO090003000053,ko:K06630,5991274
AOC00090,AO090003000071,AO090003000071,,"DNA, SC003",secretory_client,,unassigned,low,Secretory clients are not assigned to machinery subsystems.,,unknown,unassigned,low,none,,,False,,liu2014,database_prediction,,10.1186/1752-0509-8-73,exact,direct AO090 match in UniProt cross-reference,False,Q2UMA9,aor:AO090003000071,ko:K04513,
AOC00091,AO090003000099,AO090003000099,,"DNA, SC003",secretory_client,,unassigned,low,Secretory clients are not assigned to machinery subsystems.,,unknown,unassigned,low,none,,,False,,liu2014,database_prediction,,10.1186/1752-0509-8-73,exact,direct AO090 match in UniProt cross-reference,False,Q2UM85,aor:AO090003000099,,35119512
AOC00092,AO090003000120,AO090003000120,,"DNA, SC003",secretory_client,,unassigned,low,Secretory clients are not assigned to machinery subsystems.,,unknown,unassigned,low,none,,,False,,liu2014,database_prediction,,10.1186/1752-0509-8-73,exact,direct AO090 match in UniProt cross-reference,False,Q2UM67,aor:AO090003000120,ko:K23643,5991333
AOC00093,AO090003000183,AO090003000183,,"DNA, SC003",secretory_client,,unassigned,low,Secretory clients are not assigned to machinery subsystems.,,unknown,unassigned,low,none,,,False,,liu2014,database_prediction,,10.1186/1752-0509-8-73,exact,direct AO090 match in UniProt cross-reference,False,Q2UM14,aor:AO090003000183,ko:K03241,5991386
AOC00094,AO090003000191,AO090003000191,,"DNA, SC003",secretory_client,,unassigned,low,Secretory clients are not assigned to machinery subsystems.,,unknown,unassigned,low,none,,,False,,liu2014,database_prediction,,10.1186/1752-0509-8-73,exact,direct AO090 match in UniProt cross-reference,False,Q2UM08,aor:AO090003000191,,5991392
AOC00095,AO090003000194,AO090003000194,,"DNA, SC003",secretory_client,,unassigned,low,Secretory clients are not assigned to machinery subsystems.,,unknown,unassigned,low,none,,,False,,liu2014,database_prediction,,10.1186/1752-0509-8-73,exact,direct AO090 match in UniProt cross-reference,False,Q2UM05,aor:AO090003000194,,5991395
AOC00096,AO090003000195,AO090003000195,,"DNA, SC003",secretory_client,,unassigned,low,Secretory clients are not assigned to machinery subsystems.,,unknown,unassigned,low,none,,,False,,liu2014,database_prediction,,10.1186/1752-0509-8-73,exact,direct AO090 match in UniProt cross-reference,False,Q2UM04,aor:AO090003000195,ko:K20003,5991396
AOC00097,AO090003000201,AO090003000201,,"DNA, SC003",secretory_client,,unassigned,low,Secretory clients are not assigned to machinery subsystems.,,unknown,unassigned,low,none,,,False,,liu2014,database_prediction,,10.1186/1752-0509-8-73,exact,direct AO090 match in UniProt cross-reference,False,Q2UM00,aor:AO090003000201,,5991400
AOC00098,AO090003000228,AO090003000228,,"DNA, SC003",secretory_client,,unassigned,low,Secretory clients are not assigned to machinery subsystems.,,unknown,unassigned,low,none,,,False,,liu2014,database_prediction,,10.1186/1752-0509-8-73,exact,direct AO090 match in UniProt cross-reference,False,Q2ULX7,aor:AO090003000228,,5991422
AOC00099,AO090003000258,AO090003000258,,"DNA, SC003",secretory_client,,unassigned,low,Secretory clients are not assigned to machinery subsystems.,,unknown,unassigned,low,none,,,False,,liu2014,database_prediction,,10.1186/1752-0509-8-73,exact,direct AO090 match in UniProt cross-reference,False,Q2ULV0,aor:AO090003000258,,5991450
AOC00100,AO090003000262,AO090003000262,,Elongation factor 1 alpha-like protein (Elongation factor 1-alpha),secretory_client,,unassigned,low,Secretory clients are not assigned to machinery subsystems.,,unknown,unassigned,low,none,,,False,,liu2014,database_prediction,,10.1186/1752-0509-8-73,exact,direct AO090 match in UniProt cross-reference,False,Q2ULU7,aor:AO090003000262,ko:K14416,5991453
AOC00101,AO090003000314,AO090003000314,,"DNA, SC003",secretory_client,,unassigned,low,Secretory clients are not assigned to machinery subsystems.,,unknown,unassigned,low,none,,,False,,liu2014,database_prediction,,10.1186/1752-0509-8-73,exact,direct AO090 match in UniProt cross-reference,False,Q2ULQ3,aor:AO090003000314,ko:K19589,5991497
AOC00102,AO090003000321,AO090003000321,,"glucan 1,4-alpha-glucosidase (EC 3.2.1.3) (1,4-alpha-D-glucan glucohydrolase) (Glucan 1,4-alpha-glucosidase)",secretory_client,,unassigned,low,Secretory clients are not assigned to machinery subsystems.,,unknown,unassigned,low,none,,,False,,liu2014,database_prediction,,10.1186/1752-0509-8-73,exact,direct AO090 match in UniProt cross-reference,False,Q2ULP9,aor:AO090003000321,ko:K01178,5991501
AOC00103,AO090003000328,AO090003000328,,"DNA, SC003",secretory_client,,unassigned,low,Secretory clients are not assigned to machinery subsystems.,,unknown,unassigned,low,none,,,False,,liu2014,database_prediction,,10.1186/1752-0509-8-73,exact,direct AO090 match in UniProt cross-reference,False,Q2ULP2,aor:AO090003000328,,5991508
AOC00104,AO090003000331,AO090003000331,,"DNA, SC003",secretory_client,,unassigned,low,Secretory clients are not assigned to machinery subsystems.,,unknown,unassigned,low,none,,,False,,liu2014,database_prediction,,10.1186/1752-0509-8-73,exact,direct AO090 match in UniProt cross-reference,False,Q2ULP0,aor:AO090003000331,,5991510
AOC00105,AO090003000337,AO090003000337,,"DNA, SC003",secretory_client,,unassigned,low,Secretory clients are not assigned to machinery subsystems.,,unknown,unassigned,low,none,,,False,,liu2014,database_prediction,,10.1186/1752-0509-8-73,exact,direct AO090 match in UniProt cross-reference,False,Q2ULN4,aor:AO090003000337,,5991516
AOC00106,AO090003000338,AO090003000338,,"DNA, SC003",secretory_client,,unassigned,low,Secretory clients are not assigned to machinery subsystems.,,unknown,unassigned,low,none,,,False,,liu2014,database_prediction,,10.1186/1752-0509-8-73,exact,direct AO090 match in UniProt cross-reference,False,Q2ULN3,aor:AO090003000338,,5991517
AOC00107,AO090003000348,AO090003000348,,"DNA, SC003",secretory_client,,unassigned,low,Secretory clients are not assigned to machinery subsystems.,,unknown,unassigned,low,none,,,False,,liu2014,database_prediction,,10.1186/1752-0509-8-73,exact,direct AO090 match in UniProt cross-reference,False,Q2ULM6,aor:AO090003000348,,5991524
AOC00108,AO090003000361,AO090003000361,,"DNA, SC003",secretory_client,,unassigned,low,Secretory clients are not assigned to machinery subsystems.,,unknown,unassigned,low,none,,,False,,liu2014,database_prediction,,10.1186/1752-0509-8-73,exact,direct AO090 match in UniProt cross-reference,False,Q2ULL7,aor:AO090003000361,,5991533
AOC00109,AO090003000378,AO090003000378,,"DNA, SC003",secretory_client,,unassigned,low,Secretory clients are not assigned to machinery subsystems.,,unknown,unassigned,low,none,,,False,,liu2014,database_prediction,,10.1186/1752-0509-8-73,exact,direct AO090 match in UniProt cross-reference,False,Q2ULK3,aor:AO090003000378,,35119524
AOC00110,AO090003000382,AO090003000382,,"DNA, SC003",secretory_client,,unassigned,low,Secretory clients are not assigned to machinery subsystems.,,unknown,unassigned,low,none,,,False,,liu2014,database_prediction,,10.1186/1752-0509-8-73,exact,direct AO090 match in UniProt cross-reference,False,Q2ULJ9,aor:AO090003000382,ko:K25059,5991551
AOC00111,AO090003000389,AO090003000389,,"DNA, SC003",secretory_client,,unassigned,low,Secretory clients are not assigned to machinery subsystems.,,unknown,unassigned,low,none,,,False,,liu2014,database_prediction,,10.1186/1752-0509-8-73,exact,direct AO090 match in UniProt cross-reference,False,Q2ULJ3,aor:AO090003000389,ko:K11366,5991557
AOC00112,AO090003000391,AO090003000391,,"DNA, SC003",secretory_client,,unassigned,low,Secretory clients are not assigned to machinery subsystems.,,unknown,unassigned,low,none,,,False,,liu2014,database_prediction,,10.1186/1752-0509-8-73,exact,direct AO090 match in UniProt cross-reference,False,Q2ULJ1,aor:AO090003000391,,5991559
AOC00113,AO090023000307,AO090023000307,,"DNA, SC023",secretory_client,,unassigned,low,Secretory clients are not assigned to machinery subsystems.,,unknown,unassigned,low,none,,,True,down,liu2014,database_prediction,,10.1186/1752-0509-8-73,exact,direct AO090 match in UniProt cross-reference,False,Q2UHU5,aor:AO090023000307,ko:K25951,5992874
AOC00114,AO090003000417,AO090003000417,,Trehalose-6-phosphate synthase (EC 2.4.1.15) (UDP-glucose-glucosephosphate glucosyltransferase),secretory_client,,unassigned,low,Secretory clients are not assigned to machinery subsystems.,,unknown,unassigned,low,none,,,False,,liu2014,database_prediction,,10.1186/1752-0509-8-73,exact,direct AO090 match in UniProt cross-reference,False,Q2ULG8,aor:AO090003000417,ko:K00697,5991582
AOC00115,AO090003000442,AO090003000442,,E2 ubiquitin-conjugating enzyme (EC 2.3.2.23) (E2 ubiquitin-conjugating enzyme 11) (Ubiquitin carrier protein) (Ubiquitin-protein ligase),secretory_client,,unassigned,low,Secretory clients are not assigned to machinery subsystems.,,unknown,unassigned,low,none,,,False,,liu2014,database_prediction,,10.1186/1752-0509-8-73,exact,direct AO090 match in UniProt cross-reference,False,Q2ULE4,aor:AO090003000442,ko:K06688,5991606
AOC00116,AO090003000448,AO090003000448,,"DNA, SC003",secretory_client,,unassigned,low,Secretory clients are not assigned to machinery subsystems.,,unknown,unassigned,low,none,,,False,,liu2014,database_prediction,,10.1186/1752-0509-8-73,exact,direct AO090 match in UniProt cross-reference,False,Q2ULD8,aor:AO090003000448,ko:K13566,5991612
AOC00117,AO090003000450,AO090003000450,,"DNA, SC003",secretory_client,,unassigned,low,Secretory clients are not assigned to machinery subsystems.,,unknown,unassigned,low,none,,,False,,liu2014,database_prediction,,10.1186/1752-0509-8-73,exact,direct AO090 match in UniProt cross-reference,False,Q2ULD7,aor:AO090003000450,,5991613
AOC00118,AO090003000486,AO090003000486,,"DNA, SC003",secretory_client,,unassigned,low,Secretory clients are not assigned to machinery subsystems.,,unknown,unassigned,low,none,,,True,down,liu2014,database_prediction,,10.1186/1752-0509-8-73,exact,direct AO090 match in UniProt cross-reference,False,Q2ULA3,aor:AO090003000486,ko:K24758,5991648
AOC00119,AO090003000509,AO090003000509,,"DNA, SC003",secretory_client,,unassigned,low,Secretory clients are not assigned to machinery subsystems.,,unknown,unassigned,low,none,,,False,,liu2014,database_prediction,,10.1186/1752-0509-8-73,exact,direct AO090 match in UniProt cross-reference,False,Q2UL86,aor:AO090003000509,ko:K26544,5991664
AOC00120,AO090003000520,AO090003000520,,"DNA, SC003",secretory_client,,unassigned,low,Secretory clients are not assigned to machinery subsystems.,,unknown,unassigned,low,none,,,False,,liu2014,database_prediction,,10.1186/1752-0509-8-73,exact,direct AO090 match in UniProt cross-reference,False,Q2UL76,aor:AO090003000520,ko:K00059,5991674
AOC00121,AO090003000539,AO090003000539,,Conserved oligomeric Golgi complex subunit 8 (Component of oligomeric Golgi complex 8),secretory_client,,unassigned,low,Secretory clients are not assigned to machinery subsystems.,,unknown,unassigned,low,none,,,False,,liu2014,database_prediction,,10.1186/1752-0509-8-73,exact,direct AO090 match in UniProt cross-reference,False,Q2UL59,aor:AO090003000539,ko:K20295,5991691
AOC00122,AO090003000554,AO090003000554,ndc80,Probable kinetochore protein ndc80,secretory_client,,unassigned,low,Secretory clients are not assigned to machinery subsystems.,,unknown,unassigned,low,none,,,False,,liu2014,database_prediction,,10.1186/1752-0509-8-73,exact,direct AO090 match in UniProt cross-reference,False,Q2UL45,aor:AO090003000554,ko:K11547,5991705
AOC00123,AO090003000557,AO090003000557,,"DNA, SC003",secretory_client,,unassigned,low,Secretory clients are not assigned to machinery subsystems.,,unknown,unassigned,low,none,,,False,,liu2014,database_prediction,,10.1186/1752-0509-8-73,exact,direct AO090 match in UniProt cross-reference,False,Q2UL42,aor:AO090003000557,ko:K06047,5991708
AOC00124,AO090003000558,AO090003000558,,"DNA, SC003",secretory_client,,unassigned,low,Secretory clients are not assigned to machinery subsystems.,,unknown,unassigned,low,none,,,False,,liu2014,database_prediction,,10.1186/1752-0509-8-73,exact,direct AO090 match in UniProt cross-reference,False,Q2UL41,aor:AO090003000558,,5991709
AOC00125,AO090003000561,AO090003000561,,"DNA, SC003",secretory_client,,unassigned,low,Secretory clients are not assigned to machinery subsystems.,,unknown,unassigned,low,none,,,False,,liu2014,database_prediction,,10.1186/1752-0509-8-73,exact,direct AO090 match in UniProt cross-reference,False,Q2UL38,aor:AO090003000561,,5991712
AOC00126,AO090003000579,AO090003000579,,"DNA, SC003",secretory_client,,unassigned,low,Secretory clients are not assigned to machinery subsystems.,,unknown,unassigned,low,none,,,False,,liu2014,database_prediction,,10.1186/1752-0509-8-73,exact,direct AO090 match in UniProt cross-reference,False,Q2UL21,aor:AO090003000579,,5991729
AOC00127,AO090003000601,AO090003000601,,"DNA, SC003",secretory_client,,unassigned,low,Secretory clients are not assigned to machinery subsystems.,,unknown,unassigned,low,none,,,False,,liu2014,database_prediction,,10.1186/1752-0509-8-73,exact,direct AO090 match in UniProt cross-reference,False,Q2UL02,aor:AO090003000601,,5991748
AOC00128,AO090003000626,AO090003000626,,"DNA, SC003",secretory_client,,unassigned,low,Secretory clients are not assigned to machinery subsystems.,,unknown,unassigned,low,none,,,False,,liu2014,database_prediction,,10.1186/1752-0509-8-73,exact,direct AO090 match in UniProt cross-reference,False,Q2UKY1,aor:AO090003000626,,5991769
AOC00129,AO090003000677,AO090003000677,,ribonuclease T2 (EC 4.6.1.19),secretory_client,,unassigned,low,Secretory clients are not assigned to machinery subsystems.,,unknown,unassigned,low,none,,,False,,liu2014,database_prediction,,10.1186/1752-0509-8-73,exact,direct AO090 match in UniProt cross-reference,False,Q2UKU0,aor:AO090003000677,ko:K01166,5991810
AOC00130,AO090003000685,AO090003000685,,Basic leucine zipper (bZIP) transcription factor atfB,secretory_client,,unassigned,low,Secretory clients are not assigned to machinery subsystems.,,unknown,unassigned,low,none,,,False,,liu2014,database_prediction,,10.1186/1752-0509-8-73,exact,direct AO090 match in UniProt cross-reference,False,Q2UKT3,aor:AO090003000685,ko:K09051,
AOC00131,AO090003000687,AO090003000687,,5-hydroxyisourate hydrolase (HIU hydrolase) (HIUHase) (EC 3.5.2.17),secretory_client,,unassigned,low,Secretory clients are not assigned to machinery subsystems.,,unknown,unassigned,low,none,,,False,,liu2014,database_prediction,,10.1186/1752-0509-8-73,exact,direct AO090 match in UniProt cross-reference,False,Q2UKT1,aor:AO090003000687,ko:K07127,5991819
AOC00132,AO090003000689,AO090003000689,int6,Eukaryotic translation initiation factor 3 subunit E (eIF3e),secretory_client,,unassigned,low,Secretory clients are not assigned to machinery subsystems.,,unknown,unassigned,low,none,,,False,,liu2014,database_prediction,,10.1186/1752-0509-8-73,exact,direct AO090 match in UniProt cross-reference,False,Q2UKS9,aor:AO090003000689,ko:K03250,5991821
AOC00133,AO090003000702,AO090003000702,,"DNA, SC003",secretory_client,,unassigned,low,Secretory clients are not assigned to machinery subsystems.,,unknown,unassigned,low,none,,,False,,liu2014,database_prediction,,10.1186/1752-0509-8-73,exact,direct AO090 match in UniProt cross-reference,False,Q2UKR7,aor:AO090003000702,,5991833
AOC00134,AO090003000704,AO090003000704,,"DNA, SC003",secretory_client,,unassigned,low,Secretory clients are not assigned to machinery subsystems.,,unknown,unassigned,low,none,,,False,,liu2014,database_prediction,,10.1186/1752-0509-8-73,exact,direct AO090 match in UniProt cross-reference,False,Q2UKR5,aor:AO090003000704,,5991835
AOC00135,AO090003000712,AO090003000712,,"DNA, SC003",secretory_client,,unassigned,low,Secretory clients are not assigned to machinery subsystems.,,unknown,unassigned,low,none,,,False,,liu2014,database_prediction,,10.1186/1752-0509-8-73,exact,direct AO090 match in UniProt cross-reference,False,Q2UKQ8,aor:AO090003000712,,5991842
AOC00136,AO090003000733,AO090003000733,,"DNA, SC003",secretory_client,,unassigned,low,Secretory clients are not assigned to machinery subsystems.,,unknown,unassigned,low,none,,,False,,liu2014,database_prediction,,10.1186/1752-0509-8-73,exact,direct AO090 match in UniProt cross-reference,False,Q2UKN7,aor:AO090003000733,,5991863
AOC00137,AO090003000735,AO090003000735,,"DNA, SC003",secretory_client,,unassigned,low,Secretory clients are not assigned to machinery subsystems.,,unknown,unassigned,low,none,,,False,,liu2014,database_prediction,,10.1186/1752-0509-8-73,exact,direct AO090 match in UniProt cross-reference,False,Q2UKN5,aor:AO090003000735,ko:K20465,5991865
AOC00138,AO090003000741,AO090003000741,,"DNA, SC003",secretory_client,,unassigned,low,Secretory clients are not assigned to machinery subsystems.,,unknown,unassigned,low,none,,,False,,liu2014,database_prediction,,10.1186/1752-0509-8-73,exact,direct AO090 match in UniProt cross-reference,False,Q2UKN1,aor:AO090003000741,ko:K01207,5991869
AOC00139,AO090003000747,AO090003000747,,"DNA, SC003",secretory_client,,unassigned,low,Secretory clients are not assigned to machinery subsystems.,,unknown,unassigned,low,none,,,False,,liu2014,database_prediction,,10.1186/1752-0509-8-73,exact,direct AO090 match in UniProt cross-reference,False,Q2UKM7,aor:AO090003000747,,5991873
AOC00140,AO090003000758,AO090003000758,pacC,pH-response transcription factor pacC/RIM101,secretory_client,,unassigned,low,Secretory clients are not assigned to machinery subsystems.,,unknown,unassigned,low,none,,,False,,liu2014,database_prediction,,10.1186/1752-0509-8-73,exact,direct AO090 match in UniProt cross-reference,False,Q9HFB3,aor:AO090003000758,,5991884
AOC00141,AO090003000759,AO090003000759,,"DNA, SC003",secretory_client,,unassigned,low,Secretory clients are not assigned to machinery subsystems.,,unknown,unassigned,low,none,,,False,,liu2014,database_prediction,,10.1186/1752-0509-8-73,exact,direct AO090 match in UniProt cross-reference,False,Q2UKL5,aor:AO090003000759,ko:K07827,5991885
AOC00142,AO090003000776,AO090003000776,,"DNA, SC003",secretory_client,,unassigned,low,Secretory clients are not assigned to machinery subsystems.,,unknown,unassigned,low,none,,,False,,liu2014,database_prediction,,10.1186/1752-0509-8-73,exact,direct AO090 match in UniProt cross-reference,False,Q2UKJ9,aor:AO090003000776,,5991901
AOC00143,AO090003000780,AO090003000780,,"DNA, SC003",secretory_client,,unassigned,low,Secretory clients are not assigned to machinery subsystems.,,unknown,unassigned,low,none,,,False,,liu2014,database_prediction,,10.1186/1752-0509-8-73,exact,direct AO090 match in UniProt cross-reference,False,Q2UKJ5,aor:AO090003000780,,10100163
AOC00144,AO090003000803,AO090003000803,,Uroporphyrinogen decarboxylase (EC 4.1.1.37),secretory_client,,unassigned,low,Secretory clients are not assigned to machinery subsystems.,,unknown,unassigned,low,none,,,False,,liu2014,database_prediction,,10.1186/1752-0509-8-73,exact,direct AO090 match in UniProt cross-reference,False,Q2UKH8,aor:AO090003000803,ko:K01599,5991922
AOC00145,AO090003000821,AO090003000821,,"DNA, SC003",secretory_client,,unassigned,low,Secretory clients are not assigned to machinery subsystems.,,unknown,unassigned,low,none,,,False,,liu2014,database_prediction,,10.1186/1752-0509-8-73,exact,direct AO090 match in UniProt cross-reference,False,Q2UKG2,aor:AO090003000821,,5991938
AOC00146,AO090003000840,AO090003000840,,"DNA, SC003",secretory_client,,unassigned,low,Secretory clients are not assigned to machinery subsystems.,,unknown,unassigned,low,none,,,False,,liu2014,database_prediction,,10.1186/1752-0509-8-73,exact,direct AO090 match in UniProt cross-reference,False,Q2UKE5,aor:AO090003000840,,5991955
AOC00147,AO090003000861,AO090003000861,,"DNA, SC003",secretory_client,,unassigned,low,Secretory clients are not assigned to machinery subsystems.,,unknown,unassigned,low,none,,,False,,liu2014,database_prediction,,10.1186/1752-0509-8-73,exact,direct AO090 match in UniProt cross-reference,False,Q2UKC8,aor:AO090003000861,ko:K15731,
AOC00148,AO090003000867,AO090003000867,,Lysine--tRNA ligase (EC 6.1.1.6) (Lysyl-tRNA synthetase),secretory_client,,unassigned,low,Secretory clients are not assigned to machinery subsystems.,,unknown,unassigned,low,none,,,False,,liu2014,database_prediction,,10.1186/1752-0509-8-73,exact,direct AO090 match in UniProt cross-reference,False,Q2UKC4,aor:AO090003000867,ko:K04567,5991976
AOC00149,AO090003000888,AO090003000888,,"DNA, SC003",secretory_client,,unassigned,low,Secretory clients are not assigned to machinery subsystems.,,unknown,unassigned,low,none,,,False,,liu2014,database_prediction,,10.1186/1752-0509-8-73,exact,direct AO090 match in UniProt cross-reference,False,Q2UKA7,aor:AO090003000888,ko:K17818,5991993
AOC00150,AO090003000892,AO090003000892,,"DNA, SC003",secretory_client,,unassigned,low,Secretory clients are not assigned to machinery subsystems.,,unknown,unassigned,low,none,,,False,,liu2014,database_prediction,,10.1186/1752-0509-8-73,exact,direct AO090 match in UniProt cross-reference,False,Q2UKA5,aor:AO090003000892,,5991995
AOC00151,AO090003000907,AO090003000907,,"DNA, SC003",secretory_client,,unassigned,low,Secretory clients are not assigned to machinery subsystems.,,unknown,unassigned,low,none,,,False,,liu2014,database_prediction,,10.1186/1752-0509-8-73,exact,direct AO090 match in UniProt cross-reference,False,Q2UK91,aor:AO090003000907,,5992009
AOC00152,AO090003000909,AO090003000909,,"DNA, SC003",secretory_client,,unassigned,low,Secretory clients are not assigned to machinery subsystems.,,unknown,unassigned,low,none,,,False,,liu2014,database_prediction,,10.1186/1752-0509-8-73,exact,direct AO090 match in UniProt cross-reference,False,Q2UK89,aor:AO090003000909,,5992011
AOC00153,AO090003000937,AO090003000937,,"DNA, SC003",secretory_client,,unassigned,low,Secretory clients are not assigned to machinery subsystems.,,unknown,unassigned,low,none,,,False,,liu2014,database_prediction,,10.1186/1752-0509-8-73,exact,direct AO090 match in UniProt cross-reference,False,Q2UK64,aor:AO090003000937,,5992036
AOC00154,AO090003000977,AO090003000977,,"DNA, SC003",secretory_client,,unassigned,low,Secretory clients are not assigned to machinery subsystems.,,unknown,unassigned,low,none,,,False,,liu2014,database_prediction,,10.1186/1752-0509-8-73,exact,direct AO090 match in UniProt cross-reference,False,Q2UK28,aor:AO090003000977,,5992072
AOC00155,AO090003000990,AO090003000990,exgA,"Glucan 1,3-beta-glucosidase A (EC 3.2.1.58) (Exo-1,3-beta-glucanase 1) (Exo-1,3-beta-glucanase A)",secretory_client,,unassigned,low,Secretory clients are not assigned to machinery subsystems.,,unknown,unassigned,low,none,,,False,,liu2014,database_prediction,,10.1186/1752-0509-8-73,exact,direct AO090 match in UniProt cross-reference,False,Q7Z9L3,,ko:K01210,
AOC00156,AO090003001050,AO090003001050,,"DNA, SC003",secretory_client,,unassigned,low,Secretory clients are not assigned to machinery subsystems.,,unknown,unassigned,low,none,,,False,,liu2014,database_prediction,,10.1186/1752-0509-8-73,exact,direct AO090 match in UniProt cross-reference,False,Q2UJW2,aor:AO090003001050,,5992138
AOC00157,AO090003001082,AO090003001082,,"DNA, SC003",secretory_client,,unassigned,low,Secretory clients are not assigned to machinery subsystems.,,unknown,unassigned,low,none,,,False,,liu2014,database_prediction,,10.1186/1752-0509-8-73,exact,direct AO090 match in UniProt cross-reference,False,Q2UJT5,aor:AO090003001082,ko:K00416,5992165
AOC00158,AO090003001136,AO090003001136,,"DNA, SC003",secretory_client,,unassigned,low,Secretory clients are not assigned to machinery subsystems.,,unknown,unassigned,low,none,,,False,,liu2014,database_prediction,,10.1186/1752-0509-8-73,exact,direct AO090 match in UniProt cross-reference,False,Q2UJN8,aor:AO090003001136,,35119543
AOC00159,AO090003001149,AO090003001149,,"DNA, SC003",secretory_client,,unassigned,low,Secretory clients are not assigned to machinery subsystems.,,unknown,unassigned,low,none,,,False,,liu2014,database_prediction,,10.1186/1752-0509-8-73,exact,direct AO090 match in UniProt cross-reference,False,Q2UJM5,aor:AO090003001149,ko:K11696,5992225
AOC00160,AO090003001161,AO090003001161,,"DNA, SC003",secretory_client,,unassigned,low,Secretory clients are not assigned to machinery subsystems.,,unknown,unassigned,low,none,,,False,,liu2014,database_prediction,,10.1186/1752-0509-8-73,exact,direct AO090 match in UniProt cross-reference,False,Q2UJL6,aor:AO090003001161,ko:K18666,5992234
AOC00161,AO090003001209,AO090003001209,agdA,Alpha-glucosidase (AGL) (EC 3.2.1.20) (Maltase),secretory_client,,unassigned,low,Secretory clients are not assigned to machinery subsystems.,,unknown,unassigned,low,none,,,False,,liu2014,database_prediction,,10.1186/1752-0509-8-73,exact,direct AO090 match in UniProt cross-reference,False,Q12558,aor:AO090003001209,ko:K01187,5992274
AOC00162,AO090003001211,AO090003001211,prtT,Transcriptional activator of proteases prtT (Zn(2)-C6 zinc finger-containing protein prtT),secretory_client,,unassigned,low,Secretory clients are not assigned to machinery subsystems.,,unknown,unassigned,low,none,,,False,,liu2014,database_prediction,,10.1186/1752-0509-8-73,exact,direct AO090 match in UniProt cross-reference,False,A7BJS7,,,
AOC00163,AO090003001243,AO090003001243,,"DNA, SC003",secretory_client,,unassigned,low,Secretory clients are not assigned to machinery subsystems.,,unknown,unassigned,low,none,,,False,,liu2014,database_prediction,,10.1186/1752-0509-8-73,exact,direct AO090 match in UniProt cross-reference,False,Q2UJF1,aor:AO090003001243,,5992299
AOC00164,AO090003001282,AO090003001282,,"DNA, SC003",secretory_client,,unassigned,low,Secretory clients are not assigned to machinery subsystems.,,unknown,unassigned,low,none,,,False,,liu2014,database_prediction,,10.1186/1752-0509-8-73,exact,direct AO090 match in UniProt cross-reference,False,Q2UJB9,aor:AO090003001282,,
AOC00165,AO090003001290,AO090003001290,,"DNA, SC003",secretory_client,,unassigned,low,Secretory clients are not assigned to machinery subsystems.,,unknown,unassigned,low,none,,,False,,liu2014,database_prediction,,10.1186/1752-0509-8-73,exact,direct AO090 match in UniProt cross-reference,False,Q2UJB2,aor:AO090003001290,,5992338
AOC00166,AO090003001297,AO090003001297,,"DNA, SC003",secretory_client,,unassigned,low,Secretory clients are not assigned to machinery subsystems.,,unknown,unassigned,low,none,,,False,,liu2014,database_prediction,,10.1186/1752-0509-8-73,exact,direct AO090 match in UniProt cross-reference,False,Q2UJA5,aor:AO090003001297,,5992345
AOC00167,AO090003001327,AO090003001327,,"DNA, SC003",secretory_client,,unassigned,low,Secretory clients are not assigned to machinery subsystems.,,unknown,unassigned,low,none,,,False,,liu2014,database_prediction,,10.1186/1752-0509-8-73,exact,direct AO090 match in UniProt cross-reference,False,Q2UJ77,aor:AO090003001327,,5992373
AOC00168,AO090003001332,AO090003001332,,"DNA, SC003",secretory_client,,unassigned,low,Secretory clients are not assigned to machinery subsystems.,,unknown,unassigned,low,none,,,False,,liu2014,database_prediction,,10.1186/1752-0509-8-73,exact,direct AO090 match in UniProt cross-reference,False,Q2UJ72,aor:AO090003001332,ko:K01598,5992378
AOC00169,AO090003001333,AO090003001333,,"DNA, SC003",secretory_client,,unassigned,low,Secretory clients are not assigned to machinery subsystems.,,unknown,unassigned,low,none,,,False,,liu2014,database_prediction,,10.1186/1752-0509-8-73,exact,direct AO090 match in UniProt cross-reference,False,Q2UJ71,aor:AO090003001333,,5992380
AOC00170,AO090003001335,AO090003001335,,"DNA, SC003",secretory_client,,unassigned,low,Secretory clients are not assigned to machinery subsystems.,,unknown,unassigned,low,none,,,False,,liu2014,database_prediction,,10.1186/1752-0509-8-73,exact,direct AO090 match in UniProt cross-reference,False,Q2UJ70,aor:AO090003001335,,5992594
AOC00171,AO090003001356,AO090003001356,,"DNA, SC003",secretory_client,,unassigned,low,Secretory clients are not assigned to machinery subsystems.,,unknown,unassigned,low,none,,,False,,liu2014,database_prediction,,10.1186/1752-0509-8-73,exact,direct AO090 match in UniProt cross-reference,False,Q2UJ51,aor:AO090003001356,,5992399
AOC00172,AO090003001360,AO090003001360,,"DNA, SC003",secretory_client,,unassigned,low,Secretory clients are not assigned to machinery subsystems.,,unknown,unassigned,low,none,,,False,,liu2014,database_prediction,,10.1186/1752-0509-8-73,exact,direct AO090 match in UniProt cross-reference,False,Q2UJ47,aor:AO090003001360,,10099768
AOC00173,AO090003001367,AO090003001367,,"DNA, SC003",secretory_client,,unassigned,low,Secretory clients are not assigned to machinery subsystems.,,unknown,unassigned,low,none,,,False,,liu2014,database_prediction,,10.1186/1752-0509-8-73,exact,direct AO090 match in UniProt cross-reference,False,Q2UJ40,aor:AO090003001367,,5992410
AOC00174,AO090003001389,AO090003001389,,IMP-specific 5'-nucleotidase 1 (EC 3.1.3.-),secretory_client,,unassigned,low,Secretory clients are not assigned to machinery subsystems.,,unknown,unassigned,low,none,,,False,,liu2014,database_prediction,,10.1186/1752-0509-8-73,exact,direct AO090 match in UniProt cross-reference,False,Q2UJ18,aor:AO090003001389,ko:K18550,
AOC00175,AO090001000637,AO090001000637,,"DNA, SC001",secretory_client,,unassigned,low,Secretory clients are not assigned to machinery subsystems.,,unknown,unassigned,low,none,,,True,down,liu2014,database_prediction,,10.1186/1752-0509-8-73,exact,direct AO090 match in UniProt cross-reference,False,Q2UMS9,aor:AO090001000637,,5991109
AOC00176,AO090003001409,AO090003001409,,"DNA, SC003",secretory_client,,unassigned,low,Secretory clients are not assigned to machinery subsystems.,,unknown,unassigned,low,none,,,False,,liu2014,database_prediction,,10.1186/1752-0509-8-73,exact,direct AO090 match in UniProt cross-reference,False,Q2UJ02,aor:AO090003001409,,5992448
AOC00177,AO090003001410,AO090003001410,,"DNA, SC003",secretory_client,,unassigned,low,Secretory clients are not assigned to machinery subsystems.,,unknown,unassigned,low,none,,,False,,liu2014,database_prediction,,10.1186/1752-0509-8-73,exact,direct AO090 match in UniProt cross-reference,False,Q2UJ01,aor:AO090003001410,ko:K15855,5992449
AOC00178,AO090003001424,AO090003001424,,"DNA, SC003",secretory_client,,unassigned,low,Secretory clients are not assigned to machinery subsystems.,,unknown,unassigned,low,none,,,False,,liu2014,database_prediction,,10.1186/1752-0509-8-73,exact,direct AO090 match in UniProt cross-reference,False,Q2UIY7,aor:AO090003001424,,5992463
AOC00179,AO090003001450,AO090003001450,,"DNA, SC003",secretory_client,,unassigned,low,Secretory clients are not assigned to machinery subsystems.,,unknown,unassigned,low,none,,,False,,liu2014,database_prediction,,10.1186/1752-0509-8-73,exact,direct AO090 match in UniProt cross-reference,False,Q2UIW4,aor:AO090003001450,,5992486
AOC00180,AO090003001451,AO090003001451,,"DNA, SC003",secretory_client,,unassigned,low,Secretory clients are not assigned to machinery subsystems.,,unknown,unassigned,low,none,,,False,,liu2014,database_prediction,,10.1186/1752-0509-8-73,exact,direct AO090 match in UniProt cross-reference,False,Q2UIW3,aor:AO090003001451,,5992487
AOC00181,AO090003001478,AO090003001478,,"DNA, SC003",secretory_client,,unassigned,low,Secretory clients are not assigned to machinery subsystems.,,unknown,unassigned,low,none,,,False,,liu2014,database_prediction,,10.1186/1752-0509-8-73,exact,direct AO090 match in UniProt cross-reference,False,Q2UIU1,aor:AO090003001478,,5992509
AOC00182,AO090003001517,AO090003001517,,"DNA, SC003",secretory_client,,unassigned,low,Secretory clients are not assigned to machinery subsystems.,,unknown,unassigned,low,none,,,False,,liu2014,database_prediction,,10.1186/1752-0509-8-73,exact,direct AO090 match in UniProt cross-reference,False,Q2UIR0,aor:AO090003001517,,5992540
AOC00183,AO090003001521,AO090003001521,,"DNA, SC003",secretory_client,,unassigned,low,Secretory clients are not assigned to machinery subsystems.,,unknown,unassigned,low,none,,,False,,liu2014,database_prediction,,10.1186/1752-0509-8-73,exact,direct AO090 match in UniProt cross-reference,False,Q2UIQ6,aor:AO090003001521,,5992544
AOC00184,AO090003001529,AO090003001529,,"DNA, SC003",secretory_client,,unassigned,low,Secretory clients are not assigned to machinery subsystems.,,unknown,unassigned,low,none,,,False,,liu2014,database_prediction,,10.1186/1752-0509-8-73,exact,direct AO090 match in UniProt cross-reference,False,Q2UIP9,aor:AO090003001529,,5992551
AOC00185,AO090005000006,AO090005000006,,"DNA, SC005",secretory_client,,unassigned,low,Secretory clients are not assigned to machinery subsystems.,,unknown,unassigned,low,none,,,False,,liu2014,database_prediction,,10.1186/1752-0509-8-73,exact,direct AO090 match in UniProt cross-reference,False,Q2UTI2,aor:AO090005000006,,5989080
AOC00186,AO090005000011,AO090005000011,,"DNA, SC005",secretory_client,,unassigned,low,Secretory clients are not assigned to machinery subsystems.,,unknown,unassigned,low,none,,,False,,liu2014,database_prediction,,10.1186/1752-0509-8-73,exact,direct AO090 match in UniProt cross-reference,False,Q2UTH8,aor:AO090005000011,,5989084
AOC00187,AO090005000051,AO090005000051,,"DNA, SC005",secretory_client,,unassigned,low,Secretory clients are not assigned to machinery subsystems.,,unknown,unassigned,low,none,,,False,,liu2014,database_prediction,,10.1186/1752-0509-8-73,exact,direct AO090 match in UniProt cross-reference,False,Q2UTE4,aor:AO090005000051,,5989118
AOC00188,AO090005000083,AO090005000083,,Phosphotransferase (EC 2.7.1.-),secretory_client,,unassigned,low,Secretory clients are not assigned to machinery subsystems.,,unknown,unassigned,low,none,,,False,,liu2014,database_prediction,,10.1186/1752-0509-8-73,exact,direct AO090 match in UniProt cross-reference,False,Q2UTB6,aor:AO090005000083,ko:K00844,5989146
AOC00189,AO090005000084,AO090005000084,,"DNA, SC005",secretory_client,,unassigned,low,Secretory clients are not assigned to machinery subsystems.,,unknown,unassigned,low,none,,,False,,liu2014,database_prediction,,10.1186/1752-0509-8-73,exact,direct AO090 match in UniProt cross-reference,False,Q2UTB5,aor:AO090005000084,,5989147
AOC00190,AO090005000091,AO090005000091,,Large ribosomal subunit protein mL50,secretory_client,,unassigned,low,Secretory clients are not assigned to machinery subsystems.,,unknown,unassigned,low,none,,,False,,liu2014,database_prediction,,10.1186/1752-0509-8-73,exact,direct AO090 match in UniProt cross-reference,False,Q2UTB0,aor:AO090005000091,,5989152
AOC00191,AO090005000099,AO090005000099,,"DNA, SC005",secretory_client,,unassigned,low,Secretory clients are not assigned to machinery subsystems.,,unknown,unassigned,low,none,,,False,,liu2014,database_prediction,,10.1186/1752-0509-8-73,exact,direct AO090 match in UniProt cross-reference,False,Q2UTA2,aor:AO090005000099,,5989160
AOC00192,AO090005000125,AO090005000125,,"DNA, SC005",secretory_client,,unassigned,low,Secretory clients are not assigned to machinery subsystems.,,unknown,unassigned,low,none,,,False,,liu2014,database_prediction,,10.1186/1752-0509-8-73,exact,direct AO090 match in UniProt cross-reference,False,Q2UT79,aor:AO090005000125,ko:K13953,5989183
AOC00193,AO090005000132,AO090005000132,,Geranylgeranyl transferase type-2 subunit beta (EC 2.5.1.60),secretory_client,,unassigned,low,Secretory clients are not assigned to machinery subsystems.,,unknown,unassigned,low,none,,,False,,liu2014,database_prediction,,10.1186/1752-0509-8-73,exact,direct AO090 match in UniProt cross-reference,False,Q2UT72,aor:AO090005000132,ko:K05956,5989190
AOC00194,AO090005000139,AO090005000139,,"DNA, SC005",secretory_client,,unassigned,low,Secretory clients are not assigned to machinery subsystems.,,unknown,unassigned,low,none,,,False,,liu2014,database_prediction,,10.1186/1752-0509-8-73,exact,direct AO090 match in UniProt cross-reference,False,Q2UT65,aor:AO090005000139,,5989197
AOC00195,AO090005000148,AO090005000148,,"DNA, SC005",secretory_client,,unassigned,low,Secretory clients are not assigned to machinery subsystems.,,unknown,unassigned,low,none,,,False,,liu2014,database_prediction,,10.1186/1752-0509-8-73,exact,direct AO090 match in UniProt cross-reference,False,Q2UT57,aor:AO090005000148,,5989205
AOC00196,AO090005000167,AO090005000167,,"DNA, SC005",secretory_client,,unassigned,low,Secretory clients are not assigned to machinery subsystems.,,unknown,unassigned,low,none,,,False,,liu2014,database_prediction,,10.1186/1752-0509-8-73,exact,direct AO090 match in UniProt cross-reference,False,Q2UT41,aor:AO090005000167,,5989221
AOC00197,AO090005000169,AO090005000169,,"DNA, SC005",secretory_client,,unassigned,low,Secretory clients are not assigned to machinery subsystems.,,unknown,unassigned,low,none,,,False,,liu2014,database_prediction,,10.1186/1752-0509-8-73,exact,direct AO090 match in UniProt cross-reference,False,Q2UT40,aor:AO090005000169,ko:K00681,5989222
AOC00198,AO090005000179,AO090005000179,,"DNA, SC005",secretory_client,,unassigned,low,Secretory clients are not assigned to machinery subsystems.,,unknown,unassigned,low,none,,,False,,liu2014,database_prediction,,10.1186/1752-0509-8-73,exact,direct AO090 match in UniProt cross-reference,False,Q2UT34,aor:AO090005000179,,5989228
AOC00199,AO090005000200,AO090005000200,,"DNA, SC005",secretory_client,,unassigned,low,Secretory clients are not assigned to machinery subsystems.,,unknown,unassigned,low,none,,,False,,liu2014,database_prediction,,10.1186/1752-0509-8-73,exact,direct AO090 match in UniProt cross-reference,False,Q2UT19,aor:AO090005000200,,5989243
AOC00200,AO090005000220,AO090005000220,,"DNA, SC005",secretory_client,,unassigned,low,Secretory clients are not assigned to machinery subsystems.,,unknown,unassigned,low,none,,,False,,liu2014,database_prediction,,10.1186/1752-0509-8-73,exact,direct AO090 match in UniProt cross-reference,False,Q2UT03,aor:AO090005000220,,5989259
AOC00201,AO090005000222,AO090005000222,,"DNA, SC005",secretory_client,,unassigned,low,Secretory clients are not assigned to machinery subsystems.,,unknown,unassigned,low,none,,,False,,liu2014,database_prediction,,10.1186/1752-0509-8-73,exact,direct AO090 match in UniProt cross-reference,False,Q2UT01,aor:AO090005000222,,5989261
AOC00202,AO090005000241,AO090005000241,,"DNA, SC005",secretory_client,,unassigned,low,Secretory clients are not assigned to machinery subsystems.,,unknown,unassigned,low,none,,,False,,liu2014,database_prediction,,10.1186/1752-0509-8-73,exact,direct AO090 match in UniProt cross-reference,False,Q2USY4,aor:AO090005000241,,5989278
AOC00203,AO090005000251,AO090005000251,,"DNA, SC005",secretory_client,,unassigned,low,Secretory clients are not assigned to machinery subsystems.,,unknown,unassigned,low,none,,,False,,liu2014,database_prediction,,10.1186/1752-0509-8-73,exact,direct AO090 match in UniProt cross-reference,False,Q2USX5,aor:AO090005000251,,10099964
AOC00204,AO090005000256,AO090005000256,,"DNA, SC005",secretory_client,,unassigned,low,Secretory clients are not assigned to machinery subsystems.,,unknown,unassigned,low,none,,,False,,liu2014,database_prediction,,10.1186/1752-0509-8-73,exact,direct AO090 match in UniProt cross-reference,False,Q2USX1,aor:AO090005000256,,5989291
AOC00205,AO090005000279,AO090005000279,,"DNA, SC005",secretory_client,,unassigned,low,Secretory clients are not assigned to machinery subsystems.,,unknown,unassigned,low,none,,,False,,liu2014,database_prediction,,10.1186/1752-0509-8-73,exact,direct AO090 match in UniProt cross-reference,False,Q2USV4,aor:AO090005000279,ko:K01113,5989308
AOC00206,AO090005000281,AO090005000281,,"DNA, SC005",secretory_client,,unassigned,low,Secretory clients are not assigned to machinery subsystems.,,unknown,unassigned,low,none,,,False,,liu2014,database_prediction,,10.1186/1752-0509-8-73,exact,direct AO090 match in UniProt cross-reference,False,Q2USV2,aor:AO090005000281,,5989310
AOC00207,AO090005000284,AO090005000284,,NAD-dependent protein deacetylase (EC 2.3.1.286),secretory_client,,unassigned,low,Secretory clients are not assigned to machinery subsystems.,,unknown,unassigned,low,none,,,False,,liu2014,database_prediction,,10.1186/1752-0509-8-73,exact,direct AO090 match in UniProt cross-reference,False,Q2USV0,aor:AO090005000284,ko:K11121,5989312
AOC00208,AO090005000290,AO090005000290,,"DNA, SC005",secretory_client,,unassigned,low,Secretory clients are not assigned to machinery subsystems.,,unknown,unassigned,low,none,,,False,,liu2014,database_prediction,,10.1186/1752-0509-8-73,exact,direct AO090 match in UniProt cross-reference,False,Q2USU5,aor:AO090005000290,,5989317
AOC00209,AO090005000291,AO090005000291,,"DNA, SC005",secretory_client,,unassigned,low,Secretory clients are not assigned to machinery subsystems.,,unknown,unassigned,low,none,,,False,,liu2014,database_prediction,,10.1186/1752-0509-8-73,exact,direct AO090 match in UniProt cross-reference,False,Q2USU4,aor:AO090005000291,,5989318
AOC00210,AO090005000307,AO090005000307,,"DNA, SC005",secretory_client,,unassigned,low,Secretory clients are not assigned to machinery subsystems.,,unknown,unassigned,low,none,,,False,,liu2014,database_prediction,,10.1186/1752-0509-8-73,exact,direct AO090 match in UniProt cross-reference,False,Q2USS9,aor:AO090005000307,,5989333
AOC00211,AO090005000314,AO090005000314,,"DNA, SC005",secretory_client,,unassigned,low,Secretory clients are not assigned to machinery subsystems.,,unknown,unassigned,low,none,,,False,,liu2014,database_prediction,,10.1186/1752-0509-8-73,exact,direct AO090 match in UniProt cross-reference,False,Q2USS2,aor:AO090005000314,,5989340
AOC00212,AO090005000317,AO090005000317,,"DNA, SC005",secretory_client,,unassigned,low,Secretory clients are not assigned to machinery subsystems.,,unknown,unassigned,low,none,,,False,,liu2014,database_prediction,,10.1186/1752-0509-8-73,exact,direct AO090 match in UniProt cross-reference,False,Q2USR9,aor:AO090005000317,,35119564
AOC00213,AO090005000345,AO090005000345,,"DNA, SC005",secretory_client,,unassigned,low,Secretory clients are not assigned to machinery subsystems.,,unknown,unassigned,low,none,,,False,,liu2014,database_prediction,,10.1186/1752-0509-8-73,exact,direct AO090 match in UniProt cross-reference,False,Q2USP7,aor:AO090005000345,,5989365
AOC00214,AO090005000356,AO090005000356,,"DNA, SC005",secretory_client,,unassigned,low,Secretory clients are not assigned to machinery subsystems.,,unknown,unassigned,low,none,,,False,,liu2014,database_prediction,,10.1186/1752-0509-8-73,exact,direct AO090 match in UniProt cross-reference,False,Q2USN6,aor:AO090005000356,,5989376
AOC00215,AO090005000371,AO090005000371,,"DNA, SC005",secretory_client,,unassigned,low,Secretory clients are not assigned to machinery subsystems.,,unknown,unassigned,low,none,,,False,,liu2014,database_prediction,,10.1186/1752-0509-8-73,exact,direct AO090 match in UniProt cross-reference,False,Q2USM3,aor:AO090005000371,,5989389
AOC00216,AO090005000375,AO090005000375,,"DNA, SC005",secretory_client,,unassigned,low,Secretory clients are not assigned to machinery subsystems.,,unknown,unassigned,low,none,,,False,,liu2014,database_prediction,,10.1186/1752-0509-8-73,exact,direct AO090 match in UniProt cross-reference,False,Q2USM0,aor:AO090005000375,,5989392
AOC00217,AO090005000378,AO090005000378,,"DNA, SC005",secretory_client,,unassigned,low,Secretory clients are not assigned to machinery subsystems.,,unknown,unassigned,low,none,,,False,,liu2014,database_prediction,,10.1186/1752-0509-8-73,exact,direct AO090 match in UniProt cross-reference,False,Q2USL7,aor:AO090005000378,ko:K20724,5989395
AOC00218,AO090005000389,AO090005000389,,"DNA, SC005",secretory_client,,unassigned,low,Secretory clients are not assigned to machinery subsystems.,,unknown,unassigned,low,none,,,False,,liu2014,database_prediction,,10.1186/1752-0509-8-73,exact,direct AO090 match in UniProt cross-reference,False,Q2USK6,aor:AO090005000389,,5989406
AOC00219,AO090005000424,AO090005000424,,Cell pattern formation-associated protein stuA (Transcription factor SWI6),secretory_client,,unassigned,low,Secretory clients are not assigned to machinery subsystems.,,unknown,unassigned,low,none,,,False,,liu2014,database_prediction,,10.1186/1752-0509-8-73,exact,direct AO090 match in UniProt cross-reference,False,Q2USH6,aor:AO090005000424,,5989436
AOC00220,AO090005000429,AO090005000429,,"DNA, SC005",secretory_client,,unassigned,low,Secretory clients are not assigned to machinery subsystems.,,unknown,unassigned,low,none,,,False,,liu2014,database_prediction,,10.1186/1752-0509-8-73,exact,direct AO090 match in UniProt cross-reference,False,Q2USH1,aor:AO090005000429,ko:K24935,5989441
AOC00221,AO090005000432,AO090005000432,,"DNA, SC005",secretory_client,,unassigned,low,Secretory clients are not assigned to machinery subsystems.,,unknown,unassigned,low,none,,,False,,liu2014,database_prediction,,10.1186/1752-0509-8-73,exact,direct AO090 match in UniProt cross-reference,False,Q2USG9,aor:AO090005000432,ko:K00948,5989443
AOC00222,AO090005000435,AO090005000435,,"DNA, SC005",secretory_client,,unassigned,low,Secretory clients are not assigned to machinery subsystems.,,unknown,unassigned,low,none,,,False,,liu2014,database_prediction,,10.1186/1752-0509-8-73,exact,direct AO090 match in UniProt cross-reference,False,Q2USG6,aor:AO090005000435,ko:K18442,5989446
AOC00223,AO090005000448,AO090005000448,,"DNA, SC005",secretory_client,,unassigned,low,Secretory clients are not assigned to machinery subsystems.,,unknown,unassigned,low,none,,,False,,liu2014,database_prediction,,10.1186/1752-0509-8-73,exact,direct AO090 match in UniProt cross-reference,False,Q2USF3,aor:AO090005000448,,5989459
AOC00224,AO090005000453,AO090005000453,,DNA repair protein RAD51 homolog 3,secretory_client,,unassigned,low,Secretory clients are not assigned to machinery subsystems.,,unknown,unassigned,low,none,,,False,,liu2014,database_prediction,,10.1186/1752-0509-8-73,exact,direct AO090 match in UniProt cross-reference,False,Q2USE9,aor:AO090005000453,,5989463
AOC00225,AO090005000477,AO090005000477,,"DNA, SC005",secretory_client,,unassigned,low,Secretory clients are not assigned to machinery subsystems.,,unknown,unassigned,low,none,,,False,,liu2014,database_prediction,,10.1186/1752-0509-8-73,exact,direct AO090 match in UniProt cross-reference,False,Q2USD0,aor:AO090005000477,,5989482
AOC00226,AO090005000498,AO090005000498,,"DNA, SC005",secretory_client,,unassigned,low,Secretory clients are not assigned to machinery subsystems.,,unknown,unassigned,low,none,,,False,,liu2014,database_prediction,,10.1186/1752-0509-8-73,exact,direct AO090 match in UniProt cross-reference,False,Q2USB2,aor:AO090005000498,,5989500
AOC00227,AO090005000500,AO090005000500,,protein S-acyltransferase (EC 2.3.1.225),secretory_client,,unassigned,low,Secretory clients are not assigned to machinery subsystems.,,unknown,unassigned,low,none,,,False,,liu2014,database_prediction,,10.1186/1752-0509-8-73,exact,direct AO090 match in UniProt cross-reference,False,Q2USB0,aor:AO090005000500,,5989502
AOC00228,AO090005000511,AO090005000511,,"DNA, SC005",secretory_client,,unassigned,low,Secretory clients are not assigned to machinery subsystems.,,unknown,unassigned,low,none,,,False,,liu2014,database_prediction,,10.1186/1752-0509-8-73,exact,direct AO090 match in UniProt cross-reference,False,Q2USA1,aor:AO090005000511,,5989511
AOC00229,AO090005000518,AO090005000518,,"DNA, SC005",secretory_client,,unassigned,low,Secretory clients are not assigned to machinery subsystems.,,unknown,unassigned,low,none,,,False,,liu2014,database_prediction,,10.1186/1752-0509-8-73,exact,direct AO090 match in UniProt cross-reference,False,Q2US95,aor:AO090005000518,,35119570
AOC00230,AO090005000530,AO090005000530,,"DNA, SC005",secretory_client,,unassigned,low,Secretory clients are not assigned to machinery subsystems.,,unknown,unassigned,low,none,,,False,,liu2014,database_prediction,,10.1186/1752-0509-8-73,exact,direct AO090 match in UniProt cross-reference,False,Q2US84,aor:AO090005000530,,5989528
AOC00231,AO090005000561,AO090005000561,,"Mannan endo-1,6-alpha-mannosidase (EC 3.2.1.101)",secretory_client,,unassigned,low,Secretory clients are not assigned to machinery subsystems.,,unknown,unassigned,low,none,,,False,,liu2014,database_prediction,,10.1186/1752-0509-8-73,exact,direct AO090 match in UniProt cross-reference,False,Q2US57,aor:AO090005000561,ko:K08257,5989555
AOC00232,AO090005000580,AO090005000580,,"DNA, SC005",secretory_client,,unassigned,low,Secretory clients are not assigned to machinery subsystems.,,unknown,unassigned,low,none,,,False,,liu2014,database_prediction,,10.1186/1752-0509-8-73,exact,direct AO090 match in UniProt cross-reference,False,Q2US41,aor:AO090005000580,,5989571
AOC00233,AO090005000603,AO090005000603,,"DNA, SC005",secretory_client,,unassigned,low,Secretory clients are not assigned to machinery subsystems.,,unknown,unassigned,low,none,,,False,,liu2014,database_prediction,,10.1186/1752-0509-8-73,exact,direct AO090 match in UniProt cross-reference,False,Q2US20,aor:AO090005000603,,5989592
AOC00234,AO090005000639,AO090005000639,,Beta-hexosaminidase (EC 3.2.1.52),secretory_client,,unassigned,low,Secretory clients are not assigned to machinery subsystems.,,unknown,unassigned,low,none,,,False,,liu2014,database_prediction,,10.1186/1752-0509-8-73,exact,direct AO090 match in UniProt cross-reference,False,Q2URY6,aor:AO090005000639,ko:K12373,5989626
AOC00235,AO090005000642,AO090005000642,,"DNA, SC005",secretory_client,,unassigned,low,Secretory clients are not assigned to machinery subsystems.,,unknown,unassigned,low,none,,,False,,liu2014,database_prediction,,10.1186/1752-0509-8-73,exact,direct AO090 match in UniProt cross-reference,False,Q2URY4,aor:AO090005000642,ko:K00988,5989628
AOC00236,AO090005000687,AO090005000687,,"DNA, SC005",secretory_client,,unassigned,low,Secretory clients are not assigned to machinery subsystems.,,unknown,unassigned,low,none,,,False,,liu2014,database_prediction,,10.1186/1752-0509-8-73,exact,direct AO090 match in UniProt cross-reference,False,Q2URU4,aor:AO090005000687,,35119576
AOC00237,AO090005000713,AO090005000713,,"DNA, SC005",secretory_client,,unassigned,low,Secretory clients are not assigned to machinery subsystems.,,unknown,unassigned,low,none,,,False,,liu2014,database_prediction,,10.1186/1752-0509-8-73,exact,direct AO090 match in UniProt cross-reference,False,Q2URS0,aor:AO090005000713,,5989692
AOC00238,AO090005000723,AO090005000723,,"DNA, SC005",secretory_client,,unassigned,low,Secretory clients are not assigned to machinery subsystems.,,unknown,unassigned,low,none,,,False,,liu2014,database_prediction,,10.1186/1752-0509-8-73,exact,direct AO090 match in UniProt cross-reference,False,Q2URR1,aor:AO090005000723,,5989701
AOC00239,AO090005000733,AO090005000733,,"DNA, SC005",secretory_client,,unassigned,low,Secretory clients are not assigned to machinery subsystems.,,unknown,unassigned,low,none,,,False,,liu2014,database_prediction,,10.1186/1752-0509-8-73,exact,direct AO090 match in UniProt cross-reference,False,Q2URQ2,aor:AO090005000733,,5989710
AOC00240,AO090005000751,AO090005000751,,"DNA, SC005",secretory_client,,unassigned,low,Secretory clients are not assigned to machinery subsystems.,,unknown,unassigned,low,none,,,False,,liu2014,database_prediction,,10.1186/1752-0509-8-73,exact,direct AO090 match in UniProt cross-reference,False,Q2URN7,aor:AO090005000751,,5989725
AOC00241,AO090005000757,AO090005000757,lcl3,Probable endonuclease lcl3 (EC 3.1.-.-),secretory_client,,unassigned,low,Secretory clients are not assigned to machinery subsystems.,,unknown,unassigned,low,none,,,False,,liu2014,database_prediction,,10.1186/1752-0509-8-73,exact,direct AO090 match in UniProt cross-reference,False,Q2URN2,aor:AO090005000757,,5989730
AOC00242,AO090005000785,AO090005000785,,"DNA, SC005",secretory_client,,unassigned,low,Secretory clients are not assigned to machinery subsystems.,,unknown,unassigned,low,none,,,False,,liu2014,database_prediction,,10.1186/1752-0509-8-73,exact,direct AO090 match in UniProt cross-reference,False,Q2URL0,aor:AO090005000785,ko:K02179,5989752
AOC00243,AO090005000787,AO090005000787,,"DNA, SC005",secretory_client,,unassigned,low,Secretory clients are not assigned to machinery subsystems.,,unknown,unassigned,low,none,,,False,,liu2014,database_prediction,,10.1186/1752-0509-8-73,exact,direct AO090 match in UniProt cross-reference,False,Q2URK8,aor:AO090005000787,,5989753
AOC00244,AO090005000825,AO090005000825,,Arp2/3 complex 34 kDa subunit,secretory_client,,unassigned,low,Secretory clients are not assigned to machinery subsystems.,,unknown,unassigned,low,none,,,False,,liu2014,database_prediction,,10.1186/1752-0509-8-73,exact,direct AO090 match in UniProt cross-reference,False,Q2URH6,aor:AO090005000825,ko:K05758,5989786
AOC00245,AO090005000830,AO090005000830,,Protein phosphatase (EC 3.1.3.16),secretory_client,,unassigned,low,Secretory clients are not assigned to machinery subsystems.,,unknown,unassigned,low,none,,,False,,liu2014,database_prediction,,10.1186/1752-0509-8-73,exact,direct AO090 match in UniProt cross-reference,False,Q2URH1,aor:AO090005000830,,5989791
AOC00246,AO090005000844,AO090005000844,,"DNA, SC005",secretory_client,,unassigned,low,Secretory clients are not assigned to machinery subsystems.,,unknown,unassigned,low,none,,,False,,liu2014,database_prediction,,10.1186/1752-0509-8-73,exact,direct AO090 match in UniProt cross-reference,False,Q2URF9,aor:AO090005000844,ko:K02607,5989803
AOC00247,AO090005000864,AO090005000864,,"DNA, SC005",secretory_client,,unassigned,low,Secretory clients are not assigned to machinery subsystems.,,unknown,unassigned,low,none,,,False,,liu2014,database_prediction,,10.1186/1752-0509-8-73,exact,direct AO090 match in UniProt cross-reference,False,Q2URE3,aor:AO090005000864,,5989820
AOC00248,AO090005000905,AO090005000905,,"DNA, SC005",secretory_client,,unassigned,low,Secretory clients are not assigned to machinery subsystems.,,unknown,unassigned,low,none,,,False,,liu2014,database_prediction,,10.1186/1752-0509-8-73,exact,direct AO090 match in UniProt cross-reference,False,Q2URA4,aor:AO090005000905,,5989858
AOC00249,AO090005000906,AO090005000906,,"DNA, SC005",secretory_client,,unassigned,low,Secretory clients are not assigned to machinery subsystems.,,unknown,unassigned,low,none,,,False,,liu2014,database_prediction,,10.1186/1752-0509-8-73,exact,direct AO090 match in UniProt cross-reference,False,Q2URA3,aor:AO090005000906,,5989859
AOC00250,AO090005000915,AO090005000915,,"DNA, SC005",secretory_client,,unassigned,low,Secretory clients are not assigned to machinery subsystems.,,unknown,unassigned,low,none,,,False,,liu2014,database_prediction,,10.1186/1752-0509-8-73,exact,direct AO090 match in UniProt cross-reference,False,Q2UR96,aor:AO090005000915,,5989866
AOC00251,AO090005000934,AO090005000934,,non-specific serine/threonine protein kinase (EC 2.7.11.1),secretory_client,,unassigned,low,Secretory clients are not assigned to machinery subsystems.,,unknown,unassigned,low,none,,,False,,liu2014,database_prediction,,10.1186/1752-0509-8-73,exact,direct AO090 match in UniProt cross-reference,False,Q2UR79,aor:AO090005000934,ko:K08852,
AOC00252,AO090005000943,AO090005000943,,"DNA, SC005",secretory_client,,unassigned,low,Secretory clients are not assigned to machinery subsystems.,,unknown,unassigned,low,none,,,False,,liu2014,database_prediction,,10.1186/1752-0509-8-73,exact,direct AO090 match in UniProt cross-reference,False,Q2UR71,aor:AO090005000943,,5989891
AOC00253,AO090005000951,AO090005000951,,"DNA, SC005",secretory_client,,unassigned,low,Secretory clients are not assigned to machinery subsystems.,,unknown,unassigned,low,none,,,False,,liu2014,database_prediction,,10.1186/1752-0509-8-73,exact,direct AO090 match in UniProt cross-reference,False,Q2UR67,aor:AO090005000951,,5989895
AOC00254,AO090005000971,AO090005000971,,"DNA, SC005",secretory_client,,unassigned,low,Secretory clients are not assigned to machinery subsystems.,,unknown,unassigned,low,none,,,False,,liu2014,database_prediction,,10.1186/1752-0509-8-73,exact,direct AO090 match in UniProt cross-reference,False,Q2UR49,aor:AO090005000971,,5989913
AOC00255,AO090005001009,AO090005001009,,"DNA, SC005",secretory_client,,unassigned,low,Secretory clients are not assigned to machinery subsystems.,,unknown,unassigned,low,none,,,False,,liu2014,database_prediction,,10.1186/1752-0509-8-73,exact,direct AO090 match in UniProt cross-reference,False,Q2UR19,aor:AO090005001009,,5989943
AOC00256,AO090005001010,AO090005001010,,"DNA, SC005",secretory_client,,unassigned,low,Secretory clients are not assigned to machinery subsystems.,,unknown,unassigned,low,none,,,False,,liu2014,database_prediction,,10.1186/1752-0509-8-73,exact,direct AO090 match in UniProt cross-reference,False,Q2UR18,aor:AO090005001010,,5989944
AOC00257,AO090005001055,AO090005001055,poa1,ADP-ribose 1''-phosphate phosphatase (EC 3.1.3.84),secretory_client,,unassigned,low,Secretory clients are not assigned to machinery subsystems.,,unknown,unassigned,low,none,,,False,,liu2014,database_prediction,,10.1186/1752-0509-8-73,exact,direct AO090 match in UniProt cross-reference,False,Q2UQY2,,ko:K15529,
AOC00258,AO090005001062,AO090005001062,,"DNA, SC005",secretory_client,,unassigned,low,Secretory clients are not assigned to machinery subsystems.,,unknown,unassigned,low,none,,,False,,liu2014,database_prediction,,10.1186/1752-0509-8-73,exact,direct AO090 match in UniProt cross-reference,False,Q2UQX5,aor:AO090005001062,ko:K01078,5989987
AOC00259,AO090005001065,AO090005001065,,Thioredoxin,secretory_client,,unassigned,low,Secretory clients are not assigned to machinery subsystems.,,unknown,unassigned,low,none,,,False,,liu2014,database_prediction,,10.1186/1752-0509-8-73,exact,direct AO090 match in UniProt cross-reference,False,Q2UQX3,aor:AO090005001065,ko:K03671,5989989
AOC00260,AO090005001093,AO090005001093,,mitogen-activated protein kinase kinase (EC 2.7.12.2),secretory_client,,unassigned,low,Secretory clients are not assigned to machinery subsystems.,,unknown,unassigned,low,none,,,False,,liu2014,database_prediction,,10.1186/1752-0509-8-73,exact,direct AO090 match in UniProt cross-reference,False,Q2UQU9,aor:AO090005001093,ko:K11227,
AOC00261,AO090009000102,AO090009000102,,"DNA, SC009",secretory_client,,unassigned,low,Secretory clients are not assigned to machinery subsystems.,,unknown,unassigned,low,none,,,True,down,liu2014,database_prediction,,10.1186/1752-0509-8-73,exact,direct AO090 match in UniProt cross-reference,False,Q2UV04,aor:AO090009000102,,5988543
AOC00262,AO090005001164,AO090005001164,,"DNA, SC005",secretory_client,,unassigned,low,Secretory clients are not assigned to machinery subsystems.,,unknown,unassigned,low,none,,,False,,liu2014,database_prediction,,10.1186/1752-0509-8-73,exact,direct AO090 match in UniProt cross-reference,False,Q2UQP2,aor:AO090005001164,,35119587
AOC00263,AO090005001165,AO090005001165,,"DNA, SC005",secretory_client,,unassigned,low,Secretory clients are not assigned to machinery subsystems.,,unknown,unassigned,low,none,,,False,,liu2014,database_prediction,,10.1186/1752-0509-8-73,exact,direct AO090 match in UniProt cross-reference,False,Q2UQP1,aor:AO090005001165,,35119588
AOC00264,AO090005001192,AO090005001192,,"DNA, SC005",secretory_client,,unassigned,low,Secretory clients are not assigned to machinery subsystems.,,unknown,unassigned,low,none,,,False,,liu2014,database_prediction,,10.1186/1752-0509-8-73,exact,direct AO090 match in UniProt cross-reference,False,Q2UQL9,aor:AO090005001192,ko:K15102,5990093
AOC00265,AO090005001199,AO090005001199,,carnosine N-methyltransferase (EC 2.1.1.22),secretory_client,,unassigned,low,Secretory clients are not assigned to machinery subsystems.,,unknown,unassigned,low,none,,,False,,liu2014,database_prediction,,10.1186/1752-0509-8-73,exact,direct AO090 match in UniProt cross-reference,False,Q2UQL2,aor:AO090005001199,ko:K19787,5990100
AOC00266,AO090005001209,AO090005001209,,"DNA, SC005",secretory_client,,unassigned,low,Secretory clients are not assigned to machinery subsystems.,,unknown,unassigned,low,none,,,False,,liu2014,database_prediction,,10.1186/1752-0509-8-73,exact,direct AO090 match in UniProt cross-reference,False,Q2UQK6,aor:AO090005001209,ko:K03695,5990106
AOC00267,AO090005001241,AO090005001241,,Protein SSH4 (Protein ssh4),secretory_client,,unassigned,low,Secretory clients are not assigned to machinery subsystems.,,unknown,unassigned,low,none,,,False,,liu2014,database_prediction,,10.1186/1752-0509-8-73,exact,direct AO090 match in UniProt cross-reference,False,Q2UQH8,aor:AO090005001241,ko:K28544,5990134
AOC00268,AO090005001249,AO090005001249,,"DNA, SC005",secretory_client,,unassigned,low,Secretory clients are not assigned to machinery subsystems.,,unknown,unassigned,low,none,,,False,,liu2014,database_prediction,,10.1186/1752-0509-8-73,exact,direct AO090 match in UniProt cross-reference,False,Q2UQH1,aor:AO090005001249,ko:K19366,5990141
AOC00269,AO090005001274,AO090005001274,,"DNA, SC005",secretory_client,,unassigned,low,Secretory clients are not assigned to machinery subsystems.,,unknown,unassigned,low,none,,,False,,liu2014,database_prediction,,10.1186/1752-0509-8-73,exact,direct AO090 match in UniProt cross-reference,False,Q2UQF3,aor:AO090005001274,ko:K15033,5990159
AOC00270,AO090005001277,AO090005001277,,Cleavage and polyadenylation specificity factor subunit 2 (Cleavage and polyadenylation specificity factor 100 kDa subunit),secretory_client,,unassigned,low,Secretory clients are not assigned to machinery subsystems.,,unknown,unassigned,low,none,,,False,,liu2014,database_prediction,,10.1186/1752-0509-8-73,exact,direct AO090 match in UniProt cross-reference,False,Q2UQF0,aor:AO090005001277,ko:K14402,5990162
AOC00271,AO090005001333,AO090005001333,,"DNA, SC005",secretory_client,,unassigned,low,Secretory clients are not assigned to machinery subsystems.,,unknown,unassigned,low,none,,,False,,liu2014,database_prediction,,10.1186/1752-0509-8-73,exact,direct AO090 match in UniProt cross-reference,False,Q2UQA3,aor:AO090005001333,,5990209
AOC00272,AO090005001337,AO090005001337,,"DNA, SC005",secretory_client,,unassigned,low,Secretory clients are not assigned to machinery subsystems.,,unknown,unassigned,low,none,,,False,,liu2014,database_prediction,,10.1186/1752-0509-8-73,exact,direct AO090 match in UniProt cross-reference,False,Q2UQA0,aor:AO090005001337,,5990212
AOC00273,AO090005001345,AO090005001345,,"DNA, SC005",secretory_client,,unassigned,low,Secretory clients are not assigned to machinery subsystems.,,unknown,unassigned,low,none,,,False,,liu2014,database_prediction,,10.1186/1752-0509-8-73,exact,direct AO090 match in UniProt cross-reference,False,Q2UQ92,aor:AO090005001345,,5990220
AOC00274,AO090005001347,AO090005001347,,"DNA, SC005",secretory_client,,unassigned,low,Secretory clients are not assigned to machinery subsystems.,,unknown,unassigned,low,none,,,False,,liu2014,database_prediction,,10.1186/1752-0509-8-73,exact,direct AO090 match in UniProt cross-reference,False,Q2UQ90,aor:AO090005001347,,5990222
AOC00275,AO090005001354,AO090005001354,,Coatomer subunit alpha,secretory_client,,unassigned,low,Secretory clients are not assigned to machinery subsystems.,,unknown,unassigned,low,none,,,False,,liu2014,database_prediction,,10.1186/1752-0509-8-73,exact,direct AO090 match in UniProt cross-reference,False,Q2UQ84,aor:AO090005001354,ko:K05236,5990228
AOC00276,AO090005001359,AO090005001359,,"DNA, SC005",secretory_client,,unassigned,low,Secretory clients are not assigned to machinery subsystems.,,unknown,unassigned,low,none,,,False,,liu2014,database_prediction,,10.1186/1752-0509-8-73,exact,direct AO090 match in UniProt cross-reference,False,Q2UQ79,aor:AO090005001359,,
AOC00277,AO090005001377,AO090005001377,,"DNA, SC005",secretory_client,,unassigned,low,Secretory clients are not assigned to machinery subsystems.,,unknown,unassigned,low,none,,,False,,liu2014,database_prediction,,10.1186/1752-0509-8-73,exact,direct AO090 match in UniProt cross-reference,False,Q2UQ63,aor:AO090005001377,,10099172
AOC00278,AO090005001381,AO090005001381,,"DNA, SC005",secretory_client,,unassigned,low,Secretory clients are not assigned to machinery subsystems.,,unknown,unassigned,low,none,,,False,,liu2014,database_prediction,,10.1186/1752-0509-8-73,exact,direct AO090 match in UniProt cross-reference,False,Q2UQ59,aor:AO090005001381,ko:K03031,
AOC00279,AO090005001387,AO090005001387,,RecQ-mediated genome instability protein 1,secretory_client,,unassigned,low,Secretory clients are not assigned to machinery subsystems.,,unknown,unassigned,low,none,,,False,,liu2014,database_prediction,,10.1186/1752-0509-8-73,exact,direct AO090 match in UniProt cross-reference,False,Q2UQ53,aor:AO090005001387,ko:K15364,5990259
AOC00280,AO090005001427,AO090005001427,,Glucose-6-phosphate 1-dehydrogenase (EC 1.1.1.49),secretory_client,,unassigned,low,Secretory clients are not assigned to machinery subsystems.,,unknown,unassigned,low,none,,,False,,liu2014,database_prediction,,10.1186/1752-0509-8-73,exact,direct AO090 match in UniProt cross-reference,False,Q2UQ13,aor:AO090005001427,,5990299
AOC00281,AO090005001469,AO090005001469,,"DNA, SC005",secretory_client,,unassigned,low,Secretory clients are not assigned to machinery subsystems.,,unknown,unassigned,low,none,,,False,,liu2014,database_prediction,,10.1186/1752-0509-8-73,exact,direct AO090 match in UniProt cross-reference,False,Q2UPX6,aor:AO090005001469,,35119595
AOC00282,AO090005001472,AO090005001472,,"DNA, SC005",secretory_client,,unassigned,low,Secretory clients are not assigned to machinery subsystems.,,unknown,unassigned,low,none,,,False,,liu2014,database_prediction,,10.1186/1752-0509-8-73,exact,direct AO090 match in UniProt cross-reference,False,Q2UPX3,aor:AO090005001472,,5990339
AOC00283,AO090005001475,AO090005001475,,"DNA, SC005",secretory_client,,unassigned,low,Secretory clients are not assigned to machinery subsystems.,,unknown,unassigned,low,none,,,False,,liu2014,database_prediction,,10.1186/1752-0509-8-73,exact,direct AO090 match in UniProt cross-reference,False,Q2UPX1,aor:AO090005001475,,5990341
AOC00284,AO090005001503,AO090005001503,,"DNA, SC005",secretory_client,,unassigned,low,Secretory clients are not assigned to machinery subsystems.,,unknown,unassigned,low,none,,,False,,liu2014,database_prediction,,10.1186/1752-0509-8-73,exact,direct AO090 match in UniProt cross-reference,False,Q2UPU6,aor:AO090005001503,ko:K22132,5990366
AOC00285,AO090005001507,AO090005001507,,"DNA, SC005",secretory_client,,unassigned,low,Secretory clients are not assigned to machinery subsystems.,,unknown,unassigned,low,none,,,False,,liu2014,database_prediction,,10.1186/1752-0509-8-73,exact,direct AO090 match in UniProt cross-reference,False,Q2UPU3,aor:AO090005001507,ko:K22285,5990369
AOC00286,AO090005001510,AO090005001510,,"DNA, SC005",secretory_client,,unassigned,low,Secretory clients are not assigned to machinery subsystems.,,unknown,unassigned,low,none,,,False,,liu2014,database_prediction,,10.1186/1752-0509-8-73,exact,direct AO090 match in UniProt cross-reference,False,Q2UPU0,aor:AO090005001510,ko:K17714,5990372
AOC00287,AO090005001531,AO090005001531,,"DNA, SC005",secretory_client,,unassigned,low,Secretory clients are not assigned to machinery subsystems.,,unknown,unassigned,low,none,,,False,,liu2014,database_prediction,,10.1186/1752-0509-8-73,exact,direct AO090 match in UniProt cross-reference,False,Q2UPS2,aor:AO090005001531,ko:K22337,5990390
AOC00288,AO090005001551,AO090005001551,,"DNA, SC005",secretory_client,,unassigned,low,Secretory clients are not assigned to machinery subsystems.,,unknown,unassigned,low,none,,,False,,liu2014,database_prediction,,10.1186/1752-0509-8-73,exact,direct AO090 match in UniProt cross-reference,False,Q2UPQ6,aor:AO090005001551,,5990406
AOC00289,AO090005001555,AO090005001555,,1-phosphatidylinositol-3-phosphate 5-kinase (EC 2.7.1.150) (Type III PIP kinase),secretory_client,,unassigned,low,Secretory clients are not assigned to machinery subsystems.,,unknown,unassigned,low,none,,,False,,liu2014,database_prediction,,10.1186/1752-0509-8-73,exact,direct AO090 match in UniProt cross-reference,False,Q2UPQ2,aor:AO090005001555,ko:K00921,5990410
AOC00290,AO090005001565,AO090005001565,,"DNA, SC005",secretory_client,,unassigned,low,Secretory clients are not assigned to machinery subsystems.,,unknown,unassigned,low,none,,,False,,liu2014,database_prediction,,10.1186/1752-0509-8-73,exact,direct AO090 match in UniProt cross-reference,False,Q2UPP3,aor:AO090005001565,ko:K02994,35119597
AOC00291,AO090005001567,AO090005001567,bna4,Kynurenine 3-monooxygenase (EC 1.14.13.9) (Biosynthesis of nicotinic acid protein 4) (Kynurenine 3-hydroxylase),secretory_client,,unassigned,low,Secretory clients are not assigned to machinery subsystems.,,unknown,unassigned,low,none,,,False,,liu2014,database_prediction,,10.1186/1752-0509-8-73,exact,direct AO090 match in UniProt cross-reference,False,Q2UPP1,aor:AO090005001567,ko:K00486,5990421
AOC00292,AO090005001589,AO090005001589,,Transcription initiation factor TFIID subunit 13,secretory_client,,unassigned,low,Secretory clients are not assigned to machinery subsystems.,,unknown,unassigned,low,none,,,False,,liu2014,database_prediction,,10.1186/1752-0509-8-73,exact,direct AO090 match in UniProt cross-reference,False,Q2UPM1,aor:AO090005001589,ko:K03127,5990441
AOC00293,AO090005001599,AO090005001599,,"DNA, SC005",secretory_client,,unassigned,low,Secretory clients are not assigned to machinery subsystems.,,unknown,unassigned,low,none,,,False,,liu2014,database_prediction,,10.1186/1752-0509-8-73,exact,direct AO090 match in UniProt cross-reference,False,Q2UPL1,aor:AO090005001599,,5990451
AOC00294,AO090005001603,AO090005001603,,"DNA, SC005",secretory_client,,unassigned,low,Secretory clients are not assigned to machinery subsystems.,,unknown,unassigned,low,none,,,False,,liu2014,database_prediction,,10.1186/1752-0509-8-73,exact,direct AO090 match in UniProt cross-reference,False,Q2UPK7,aor:AO090005001603,,5990455
AOC00295,AO090005001631,AO090005001631,,"DNA, SC005",secretory_client,,unassigned,low,Secretory clients are not assigned to machinery subsystems.,,unknown,unassigned,low,none,,,False,,liu2014,database_prediction,,10.1186/1752-0509-8-73,exact,direct AO090 match in UniProt cross-reference,False,Q2UPI2,aor:AO090005001631,,5990480
AOC00296,AO090005001632,AO090005001632,kex1,Pheromone-processing carboxypeptidase kex1 (EC 3.4.16.6) (Carboxypeptidase D),secretory_client,,unassigned,low,Secretory clients are not assigned to machinery subsystems.,,unknown,unassigned,low,none,,,False,,liu2014,database_prediction,,10.1186/1752-0509-8-73,exact,direct AO090 match in UniProt cross-reference,False,Q2UPI1,aor:AO090005001632,ko:K01288,
AOC00297,AO090009000010,AO090009000010,,"DNA, SC009",secretory_client,,unassigned,low,Secretory clients are not assigned to machinery subsystems.,,unknown,unassigned,low,none,,,False,,liu2014,database_prediction,,10.1186/1752-0509-8-73,exact,direct AO090 match in UniProt cross-reference,False,Q2UV79,aor:AO090009000010,,5988465
AOC00298,AO090009000018,AO090009000018,,"DNA, SC009",secretory_client,,unassigned,low,Secretory clients are not assigned to machinery subsystems.,,unknown,unassigned,low,none,,,False,,liu2014,database_prediction,,10.1186/1752-0509-8-73,exact,direct AO090 match in UniProt cross-reference,False,Q2UV72,aor:AO090009000018,,5988472
AOC00299,AO090009000022,AO090009000022,,"DNA, SC009",secretory_client,,unassigned,low,Secretory clients are not assigned to machinery subsystems.,,unknown,unassigned,low,none,,,False,,liu2014,database_prediction,,10.1186/1752-0509-8-73,exact,direct AO090 match in UniProt cross-reference,False,Q2UV68,aor:AO090009000022,,5988476
AOC00300,AO090009000028,AO090009000028,,"DNA, SC009",secretory_client,,unassigned,low,Secretory clients are not assigned to machinery subsystems.,,unknown,unassigned,low,none,,,False,,liu2014,database_prediction,,10.1186/1752-0509-8-73,exact,direct AO090 match in UniProt cross-reference,False,Q2UV86,aor:AO090009000028,,5988482
AOC00301,AO090009000033,AO090009000033,,gluconokinase (EC 2.7.1.12) (Gluconate kinase),secretory_client,,unassigned,low,Secretory clients are not assigned to machinery subsystems.,,unknown,unassigned,low,none,,,False,,liu2014,database_prediction,,10.1186/1752-0509-8-73,exact,direct AO090 match in UniProt cross-reference,False,Q2UV60,aor:AO090009000033,,5988487
AOC00302,AO090009000042,AO090009000042,,"DNA, SC009",secretory_client,,unassigned,low,Secretory clients are not assigned to machinery subsystems.,,unknown,unassigned,low,none,,,False,,liu2014,database_prediction,,10.1186/1752-0509-8-73,exact,direct AO090 match in UniProt cross-reference,False,Q2UV52,aor:AO090009000042,,5988495
AOC00303,AO090009000057,AO090009000057,,"DNA, SC009",secretory_client,,unassigned,low,Secretory clients are not assigned to machinery subsystems.,,unknown,unassigned,low,none,,,False,,liu2014,database_prediction,,10.1186/1752-0509-8-73,exact,direct AO090 match in UniProt cross-reference,False,Q2UV39,aor:AO090009000057,,5988508
AOC00304,AO090009000065,AO090009000065,,Fructose-bisphosphate aldolase (FBP aldolase) (EC 4.1.2.13),secretory_client,,unassigned,low,Secretory clients are not assigned to machinery subsystems.,,unknown,unassigned,low,none,,,False,,liu2014,database_prediction,,10.1186/1752-0509-8-73,exact,direct AO090 match in UniProt cross-reference,False,Q2UV34,aor:AO090009000065,ko:K01624,5988513
AOC00305,AO090009000075,AO090009000075,,"DNA, SC009",secretory_client,,unassigned,low,Secretory clients are not assigned to machinery subsystems.,,unknown,unassigned,low,none,,,False,,liu2014,database_prediction,,10.1186/1752-0509-8-73,exact,direct AO090 match in UniProt cross-reference,False,Q2UV25,aor:AO090009000075,,5988522
AOC00306,AO090009000078,AO090009000078,,"DNA, SC009",secretory_client,,unassigned,low,Secretory clients are not assigned to machinery subsystems.,,unknown,unassigned,low,none,,,False,,liu2014,database_prediction,,10.1186/1752-0509-8-73,exact,direct AO090 match in UniProt cross-reference,False,Q2UV23,aor:AO090009000078,,5988524
AOC00307,AO090009000095,AO090009000095,,"DNA, SC009",secretory_client,,unassigned,low,Secretory clients are not assigned to machinery subsystems.,,unknown,unassigned,low,none,,,False,,liu2014,database_prediction,,10.1186/1752-0509-8-73,exact,direct AO090 match in UniProt cross-reference,False,Q2UV10,aor:AO090009000095,,5988537
AOC00308,AO090009000098,AO090009000098,,"DNA, SC009",secretory_client,,unassigned,low,Secretory clients are not assigned to machinery subsystems.,,unknown,unassigned,low,none,,,False,,liu2014,database_prediction,,10.1186/1752-0509-8-73,exact,direct AO090 match in UniProt cross-reference,False,Q2UV08,aor:AO090009000098,,5988539
AOC00309,AO090026000705,AO090026000705,,Translation initiation factor eIF2B subunit alpha (eIF2B GDP-GTP exchange factor subunit alpha),secretory_client,,unassigned,low,Secretory clients are not assigned to machinery subsystems.,,unknown,unassigned,low,none,,,True,down,liu2014,database_prediction,,10.1186/1752-0509-8-73,exact,direct AO090 match in UniProt cross-reference,False,Q2UE99,aor:AO090026000705,ko:K03239,5994146
AOC00310,AO090102000413,AO090102000413,,"DNA, SC102",secretory_client,,unassigned,low,Secretory clients are not assigned to machinery subsystems.,,unknown,unassigned,low,none,,,True,down,liu2014,database_prediction,,10.1186/1752-0509-8-73,exact,direct AO090 match in UniProt cross-reference,False,Q2UAF3,aor:AO090102000413,,5994640
AOC00311,AO090009000106,AO090009000106,,"DNA, SC009",secretory_client,,unassigned,low,Secretory clients are not assigned to machinery subsystems.,,unknown,unassigned,low,none,,,False,,liu2014,database_prediction,,10.1186/1752-0509-8-73,exact,direct AO090 match in UniProt cross-reference,False,Q2UV00,aor:AO090009000106,,5988547
AOC00312,AO090009000139,AO090009000139,,"DNA, SC009",secretory_client,,unassigned,low,Secretory clients are not assigned to machinery subsystems.,,unknown,unassigned,low,none,,,False,,liu2014,database_prediction,,10.1186/1752-0509-8-73,exact,direct AO090 match in UniProt cross-reference,False,Q2UUX1,aor:AO090009000139,ko:K00295,5989065
AOC00313,AO090009000159,AO090009000159,,"DNA, SC009",secretory_client,,unassigned,low,Secretory clients are not assigned to machinery subsystems.,,unknown,unassigned,low,none,,,False,,liu2014,database_prediction,,10.1186/1752-0509-8-73,exact,direct AO090 match in UniProt cross-reference,False,Q2UUV7,aor:AO090009000159,,5988590
AOC00314,AO090009000161,AO090009000161,,"DNA, SC009",secretory_client,,unassigned,low,Secretory clients are not assigned to machinery subsystems.,,unknown,unassigned,low,none,,,False,,liu2014,database_prediction,,10.1186/1752-0509-8-73,exact,direct AO090 match in UniProt cross-reference,False,Q2UUV5,aor:AO090009000161,,5988592
AOC00315,AO090009000162,AO090009000162,,"DNA, SC009",secretory_client,,unassigned,low,Secretory clients are not assigned to machinery subsystems.,,unknown,unassigned,low,none,,,False,,liu2014,database_prediction,,10.1186/1752-0509-8-73,exact,direct AO090 match in UniProt cross-reference,False,Q2UUV4,aor:AO090009000162,,5988593
AOC00316,AO090009000163,AO090009000163,cog6,Conserved oligomeric Golgi complex subunit 6 (COG complex subunit 6) (Component of oligomeric Golgi complex 6),secretory_client,,unassigned,low,Secretory clients are not assigned to machinery subsystems.,,unknown,unassigned,low,none,,,False,,liu2014,database_prediction,,10.1186/1752-0509-8-73,exact,direct AO090 match in UniProt cross-reference,False,Q2UUV3,,ko:K20293,5988594
AOC00317,AO090009000175,AO090009000175,,"DNA, SC009",secretory_client,,unassigned,low,Secretory clients are not assigned to machinery subsystems.,,unknown,unassigned,low,none,,,False,,liu2014,database_prediction,,10.1186/1752-0509-8-73,exact,direct AO090 match in UniProt cross-reference,False,Q2UUU3,aor:AO090009000175,,5988604
AOC00318,AO090009000211,AO090009000211,,"DNA, SC009",secretory_client,,unassigned,low,Secretory clients are not assigned to machinery subsystems.,,unknown,unassigned,low,none,,,False,,liu2014,database_prediction,,10.1186/1752-0509-8-73,exact,direct AO090 match in UniProt cross-reference,False,Q2UUR3,aor:AO090009000211,ko:K00681,5988634
AOC00319,AO090009000247,AO090009000247,,"DNA, SC009",secretory_client,,unassigned,low,Secretory clients are not assigned to machinery subsystems.,,unknown,unassigned,low,none,,,False,,liu2014,database_prediction,,10.1186/1752-0509-8-73,exact,direct AO090 match in UniProt cross-reference,False,Q2UUN3,aor:AO090009000247,,5988664
AOC00320,AO090009000294,AO090009000294,COQ6,"Ubiquinone biosynthesis monooxygenase COQ6, mitochondrial (EC 1.14.15.45) (2-methoxy-6-polyprenolphenol 4-hydroxylase) (EC 1.14.15.46)",secretory_client,,unassigned,low,Secretory clients are not assigned to machinery subsystems.,,unknown,unassigned,low,none,,,False,,liu2014,database_prediction,,10.1186/1752-0509-8-73,exact,direct AO090 match in UniProt cross-reference,False,Q2UUJ2,aor:AO090009000294,ko:K06126,5988705
AOC00321,AO090009000304,AO090009000304,,"DNA, SC009",secretory_client,,unassigned,low,Secretory clients are not assigned to machinery subsystems.,,unknown,unassigned,low,none,,,False,,liu2014,database_prediction,,10.1186/1752-0509-8-73,exact,direct AO090 match in UniProt cross-reference,False,Q2UUI2,aor:AO090009000304,,5988715
AOC00322,AO090009000324,AO090009000324,,Fructose-bisphosphate aldolase (FBP aldolase) (EC 4.1.2.13),secretory_client,,unassigned,low,Secretory clients are not assigned to machinery subsystems.,,unknown,unassigned,low,none,,,False,,liu2014,database_prediction,,10.1186/1752-0509-8-73,exact,direct AO090 match in UniProt cross-reference,False,Q2UUG4,aor:AO090009000324,ko:K01624,5988733
AOC00323,AO090009000335,AO090009000335,,"DNA, SC009",secretory_client,,unassigned,low,Secretory clients are not assigned to machinery subsystems.,,unknown,unassigned,low,none,,,False,,liu2014,database_prediction,,10.1186/1752-0509-8-73,exact,direct AO090 match in UniProt cross-reference,False,Q2UUF5,aor:AO090009000335,,5988742
AOC00324,AO090009000356,AO090009000356,bglA,Probable beta-glucosidase A (EC 3.2.1.21) (Beta-D-glucoside glucohydrolase A) (Cellobiase A) (Gentiobiase A),secretory_client,,unassigned,low,Secretory clients are not assigned to machinery subsystems.,,unknown,unassigned,low,none,,,False,,liu2014,database_prediction,,10.1186/1752-0509-8-73,exact,direct AO090 match in UniProt cross-reference,False,Q2UUD6,aor:AO090009000356,ko:K05349,5988761
AOC00325,AO090009000357,AO090009000357,,"DNA, SC009",secretory_client,,unassigned,low,Secretory clients are not assigned to machinery subsystems.,,unknown,unassigned,low,none,,,False,,liu2014,database_prediction,,10.1186/1752-0509-8-73,exact,direct AO090 match in UniProt cross-reference,False,Q2UUD5,aor:AO090009000357,,5988762
AOC00326,AO090009000366,AO090009000366,,"DNA, SC009",secretory_client,,unassigned,low,Secretory clients are not assigned to machinery subsystems.,,unknown,unassigned,low,none,,,False,,liu2014,database_prediction,,10.1186/1752-0509-8-73,exact,direct AO090 match in UniProt cross-reference,False,Q2UUC8,aor:AO090009000366,,5988769
AOC00327,AO090009000384,AO090009000384,,Cysteine dioxygenase (EC 1.13.11.20),secretory_client,,unassigned,low,Secretory clients are not assigned to machinery subsystems.,,unknown,unassigned,low,none,,,False,,liu2014,database_prediction,,10.1186/1752-0509-8-73,exact,direct AO090 match in UniProt cross-reference,False,Q2UUB2,aor:AO090009000384,ko:K00456,5988785
AOC00328,AO090009000389,AO090009000389,,"DNA, SC009",secretory_client,,unassigned,low,Secretory clients are not assigned to machinery subsystems.,,unknown,unassigned,low,none,,,False,,liu2014,database_prediction,,10.1186/1752-0509-8-73,exact,direct AO090 match in UniProt cross-reference,False,Q2UUA8,aor:AO090009000389,,5988789
AOC00329,AO090009000413,AO090009000413,,"DNA, SC009",secretory_client,,unassigned,low,Secretory clients are not assigned to machinery subsystems.,,unknown,unassigned,low,none,,,False,,liu2014,database_prediction,,10.1186/1752-0509-8-73,exact,direct AO090 match in UniProt cross-reference,False,Q2UU89,aor:AO090009000413,,5988808
AOC00330,AO090009000419,AO090009000419,,"DNA, SC009",secretory_client,,unassigned,low,Secretory clients are not assigned to machinery subsystems.,,unknown,unassigned,low,none,,,False,,liu2014,database_prediction,,10.1186/1752-0509-8-73,exact,direct AO090 match in UniProt cross-reference,False,Q2UU83,aor:AO090009000419,ko:K25201,5988814
AOC00331,AO090009000429,AO090009000429,,"DNA, SC009",secretory_client,,unassigned,low,Secretory clients are not assigned to machinery subsystems.,,unknown,unassigned,low,none,,,False,,liu2014,database_prediction,,10.1186/1752-0509-8-73,exact,direct AO090 match in UniProt cross-reference,False,Q2UU73,aor:AO090009000429,,5988824
AOC00332,AO090009000436,AO090009000436,,Mitochondrial glycine transporter (Solute carrier family 25 member 38 homolog),secretory_client,,unassigned,low,Secretory clients are not assigned to machinery subsystems.,,unknown,unassigned,low,none,,,False,,liu2014,database_prediction,,10.1186/1752-0509-8-73,exact,direct AO090 match in UniProt cross-reference,False,Q2UU67,aor:AO090009000436,ko:K15118,5988830
AOC00333,AO090009000440,AO090009000440,,"DNA, SC009",secretory_client,,unassigned,low,Secretory clients are not assigned to machinery subsystems.,,unknown,unassigned,low,none,,,False,,liu2014,database_prediction,,10.1186/1752-0509-8-73,exact,direct AO090 match in UniProt cross-reference,False,Q2UU64,aor:AO090009000440,,5988833
AOC00334,AO090009000447,AO090009000447,,"DNA, SC009",secretory_client,,unassigned,low,Secretory clients are not assigned to machinery subsystems.,,unknown,unassigned,low,none,,,False,,liu2014,database_prediction,,10.1186/1752-0509-8-73,exact,direct AO090 match in UniProt cross-reference,False,Q2UU58,aor:AO090009000447,ko:K12606,5988839
AOC00335,AO090009000460,AO090009000460,,"DNA, SC009",secretory_client,,unassigned,low,Secretory clients are not assigned to machinery subsystems.,,unknown,unassigned,low,none,,,False,,liu2014,database_prediction,,10.1186/1752-0509-8-73,exact,direct AO090 match in UniProt cross-reference,False,Q2UU49,aor:AO090009000460,,5988848
AOC00336,AO090009000484,AO090009000484,,"DNA, SC009",secretory_client,,unassigned,low,Secretory clients are not assigned to machinery subsystems.,,unknown,unassigned,low,none,,,False,,liu2014,database_prediction,,10.1186/1752-0509-8-73,exact,direct AO090 match in UniProt cross-reference,False,Q2UU27,aor:AO090009000484,ko:K00654,5988870
AOC00337,AO090009000505,AO090009000505,,UDP-N-acetylmuramate--L-alanine ligase (EC 6.3.2.8),secretory_client,,unassigned,low,Secretory clients are not assigned to machinery subsystems.,,unknown,unassigned,low,none,,,False,,liu2014,database_prediction,,10.1186/1752-0509-8-73,exact,direct AO090 match in UniProt cross-reference,False,Q2UU14,aor:AO090009000505,,5988883
AOC00338,AO090009000510,AO090009000510,,"DNA, SC009",secretory_client,,unassigned,low,Secretory clients are not assigned to machinery subsystems.,,unknown,unassigned,low,none,,,False,,liu2014,database_prediction,,10.1186/1752-0509-8-73,exact,direct AO090 match in UniProt cross-reference,False,Q2UU09,aor:AO090009000510,,5988888
AOC00339,AO090009000516,AO090009000516,,"DNA, SC009",secretory_client,,unassigned,low,Secretory clients are not assigned to machinery subsystems.,,unknown,unassigned,low,none,,,False,,liu2014,database_prediction,,10.1186/1752-0509-8-73,exact,direct AO090 match in UniProt cross-reference,False,Q2UU05,aor:AO090009000516,,5988892
AOC00340,AO090009000539,AO090009000539,,"DNA, SC009",secretory_client,,unassigned,low,Secretory clients are not assigned to machinery subsystems.,,unknown,unassigned,low,none,,,False,,liu2014,database_prediction,,10.1186/1752-0509-8-73,exact,direct AO090 match in UniProt cross-reference,False,Q2UTY5,aor:AO090009000539,,5988912
AOC00341,AO090009000555,AO090009000555,,"DNA, SC009",secretory_client,,unassigned,low,Secretory clients are not assigned to machinery subsystems.,,unknown,unassigned,low,none,,,False,,liu2014,database_prediction,,10.1186/1752-0509-8-73,exact,direct AO090 match in UniProt cross-reference,False,Q2UTX4,aor:AO090009000555,,5988923
AOC00342,AO090009000560,AO090009000560,,"DNA, SC009",secretory_client,,unassigned,low,Secretory clients are not assigned to machinery subsystems.,,unknown,unassigned,low,none,,,False,,liu2014,database_prediction,,10.1186/1752-0509-8-73,exact,direct AO090 match in UniProt cross-reference,False,Q2UTW9,aor:AO090009000560,,5988928
AOC00343,AO090023000337,AO090023000337,,"DNA, SC023",secretory_client,,unassigned,low,Secretory clients are not assigned to machinery subsystems.,,unknown,unassigned,low,none,,,True,down,liu2014,database_prediction,,10.1186/1752-0509-8-73,exact,direct AO090 match in UniProt cross-reference,False,Q2UHR9,aor:AO090023000337,,5992900
AOC00344,AO090009000588,AO090009000588,,"DNA, SC009",secretory_client,,unassigned,low,Secretory clients are not assigned to machinery subsystems.,,unknown,unassigned,low,none,,,False,,liu2014,database_prediction,,10.1186/1752-0509-8-73,exact,direct AO090 match in UniProt cross-reference,False,Q2UTU6,aor:AO090009000588,,5988951
AOC00345,AO090009000650,AO090009000650,,"DNA, SC009",secretory_client,,unassigned,low,Secretory clients are not assigned to machinery subsystems.,,unknown,unassigned,low,none,,,False,,liu2014,database_prediction,,10.1186/1752-0509-8-73,exact,direct AO090 match in UniProt cross-reference,False,Q2UTP3,aor:AO090009000650,ko:K10991,5989004
AOC00346,AO090009000690,AO090009000690,,"DNA, SC009",secretory_client,,unassigned,low,Secretory clients are not assigned to machinery subsystems.,,unknown,unassigned,low,none,,,False,,liu2014,database_prediction,,10.1186/1752-0509-8-73,exact,direct AO090 match in UniProt cross-reference,False,Q2UTK9,aor:AO090009000690,ko:K18624,35119621
AOC00347,AO090009000693,AO090009000693,,prephenate dehydratase (EC 4.2.1.51),secretory_client,,unassigned,low,Secretory clients are not assigned to machinery subsystems.,,unknown,unassigned,low,none,,,False,,liu2014,database_prediction,,10.1186/1752-0509-8-73,exact,direct AO090 match in UniProt cross-reference,False,Q2UTK6,aor:AO090009000693,ko:K04518,5989041
AOC00348,AO090010000001,AO090010000001,,"DNA, SC010",secretory_client,,unassigned,low,Secretory clients are not assigned to machinery subsystems.,,unknown,unassigned,low,none,,,False,,liu2014,database_prediction,,10.1186/1752-0509-8-73,exact,direct AO090 match in UniProt cross-reference,False,Q2TXV0,aor:AO090010000001,,5999863
AOC00349,AO090010000005,AO090010000005,,"DNA, SC010",secretory_client,,unassigned,low,Secretory clients are not assigned to machinery subsystems.,,unknown,unassigned,low,none,,,False,,liu2014,database_prediction,,10.1186/1752-0509-8-73,exact,direct AO090 match in UniProt cross-reference,False,Q2TXU8,aor:AO090010000005,,5999192
AOC00350,AO090010000009,AO090010000009,,"DNA, SC010",secretory_client,,unassigned,low,Secretory clients are not assigned to machinery subsystems.,,unknown,unassigned,low,none,,,False,,liu2014,database_prediction,,10.1186/1752-0509-8-73,exact,direct AO090 match in UniProt cross-reference,False,Q2TXU4,aor:AO090010000009,,5999196
AOC00351,AO090010000013,AO090010000013,,"DNA, SC010",secretory_client,,unassigned,low,Secretory clients are not assigned to machinery subsystems.,,unknown,unassigned,low,none,,,False,,liu2014,database_prediction,,10.1186/1752-0509-8-73,exact,direct AO090 match in UniProt cross-reference,False,Q2TXU0,aor:AO090010000013,,5999864
AOC00352,AO090010000015,AO090010000015,,"DNA, SC010",secretory_client,,unassigned,low,Secretory clients are not assigned to machinery subsystems.,,unknown,unassigned,low,none,,,False,,liu2014,database_prediction,,10.1186/1752-0509-8-73,exact,direct AO090 match in UniProt cross-reference,False,Q2TXT8,aor:AO090010000015,,5999202
AOC00353,AO090010000028,AO090010000028,,"DNA, SC010",secretory_client,,unassigned,low,Secretory clients are not assigned to machinery subsystems.,,unknown,unassigned,low,none,,,False,,liu2014,database_prediction,,10.1186/1752-0509-8-73,exact,direct AO090 match in UniProt cross-reference,False,Q2TXS6,aor:AO090010000028,,5999214
AOC00354,AO090010000029,AO090010000029,,"DNA, SC010",secretory_client,,unassigned,low,Secretory clients are not assigned to machinery subsystems.,,unknown,unassigned,low,none,,,False,,liu2014,database_prediction,,10.1186/1752-0509-8-73,exact,direct AO090 match in UniProt cross-reference,False,Q2TXS5,aor:AO090010000029,,5999215
AOC00355,AO090010000043,AO090010000043,,"DNA, SC010",secretory_client,,unassigned,low,Secretory clients are not assigned to machinery subsystems.,,unknown,unassigned,low,none,,,False,,liu2014,database_prediction,,10.1186/1752-0509-8-73,exact,direct AO090 match in UniProt cross-reference,False,Q2TXR2,aor:AO090010000043,,5999228
AOC00356,AO090010000065,AO090010000065,,UDP-glucose 6-dehydrogenase (EC 1.1.1.22),secretory_client,,unassigned,low,Secretory clients are not assigned to machinery subsystems.,,unknown,unassigned,low,none,,,False,,liu2014,database_prediction,,10.1186/1752-0509-8-73,exact,direct AO090 match in UniProt cross-reference,False,Q2TXP4,aor:AO090010000065,ko:K00012,
AOC00357,AO090010000071,AO090010000071,,"DNA, SC010",secretory_client,,unassigned,low,Secretory clients are not assigned to machinery subsystems.,,unknown,unassigned,low,none,,,False,,liu2014,database_prediction,,10.1186/1752-0509-8-73,exact,direct AO090 match in UniProt cross-reference,False,Q2TXN9,aor:AO090010000071,,5999251
AOC00358,AO090010000078,AO090010000078,,"DNA, SC010",secretory_client,,unassigned,low,Secretory clients are not assigned to machinery subsystems.,,unknown,unassigned,low,none,,,False,,liu2014,database_prediction,,10.1186/1752-0509-8-73,exact,direct AO090 match in UniProt cross-reference,False,Q2TXN2,aor:AO090010000078,,5999258
AOC00359,AO090010000103,AO090010000103,,"DNA, SC010",secretory_client,,unassigned,low,Secretory clients are not assigned to machinery subsystems.,,unknown,unassigned,low,none,,,False,,liu2014,database_prediction,,10.1186/1752-0509-8-73,exact,direct AO090 match in UniProt cross-reference,False,Q2TXK9,aor:AO090010000103,ko:K00547,5999281
AOC00360,AO090010000107,AO090010000107,,"DNA, SC010",secretory_client,,unassigned,low,Secretory clients are not assigned to machinery subsystems.,,unknown,unassigned,low,none,,,False,,liu2014,database_prediction,,10.1186/1752-0509-8-73,exact,direct AO090 match in UniProt cross-reference,False,Q2TXK5,aor:AO090010000107,ko:K00667,5999285
AOC00361,AO090010000136,AO090010000136,,"DNA, SC010",secretory_client,,unassigned,low,Secretory clients are not assigned to machinery subsystems.,,unknown,unassigned,low,none,,,False,,liu2014,database_prediction,,10.1186/1752-0509-8-73,exact,direct AO090 match in UniProt cross-reference,False,Q2TXH9,aor:AO090010000136,,5999311
AOC00362,AO090010000141,AO090010000141,,"DNA, SC010",secretory_client,,unassigned,low,Secretory clients are not assigned to machinery subsystems.,,unknown,unassigned,low,none,,,False,,liu2014,database_prediction,,10.1186/1752-0509-8-73,exact,direct AO090 match in UniProt cross-reference,False,Q2TXH5,aor:AO090010000141,,5999315
AOC00363,AO090010000147,AO090010000147,,"DNA, SC010",secretory_client,,unassigned,low,Secretory clients are not assigned to machinery subsystems.,,unknown,unassigned,low,none,,,False,,liu2014,database_prediction,,10.1186/1752-0509-8-73,exact,direct AO090 match in UniProt cross-reference,False,Q2TXH0,aor:AO090010000147,,5999866
AOC00364,AO090010000152,AO090010000152,,"DNA, SC010",secretory_client,,unassigned,low,Secretory clients are not assigned to machinery subsystems.,,unknown,unassigned,low,none,,,False,,liu2014,database_prediction,,10.1186/1752-0509-8-73,exact,direct AO090 match in UniProt cross-reference,False,Q2TXG7,aor:AO090010000152,,5999323
AOC00365,AO090010000161,AO090010000161,oryM,Cis-aconitate decarboxylase-like protein oryM (EC 4.1.1.-) (Oryzines biosynthesis cluster protein M),secretory_client,,unassigned,low,Secretory clients are not assigned to machinery subsystems.,,unknown,unassigned,low,none,,,False,,liu2014,database_prediction,,10.1186/1752-0509-8-73,exact,direct AO090 match in UniProt cross-reference,False,Q2TXG0,aor:AO090010000161,ko:K17724,5999330
AOC00366,AO090026000800,AO090026000800,,"DNA, SC026",secretory_client,,unassigned,low,Secretory clients are not assigned to machinery subsystems.,,unknown,unassigned,low,none,,,True,down,liu2014,database_prediction,,10.1186/1752-0509-8-73,exact,direct AO090 match in UniProt cross-reference,False,Q2UE14,aor:AO090026000800,ko:K06017,5994231
AOC00367,AO090010000171,AO090010000171,oryfasA,Fatty acid synthase subunit alpha (EC 2.3.1.86) (Oryzines biosynthesis cluster protein oryfasA) [Includes: 3-oxoacyl-[acyl-carrier-protein] reductase (EC 1.1.1.100) (Beta-ketoacyl reductase); 3-oxoacyl-[acyl-carrier-protein] synthase (EC 2.3.1.41)],secretory_client,,unassigned,low,Secretory clients are not assigned to machinery subsystems.,,unknown,unassigned,low,none,,,False,,liu2014,database_prediction,,10.1186/1752-0509-8-73,exact,direct AO090 match in UniProt cross-reference,False,Q2TXF0,aor:AO090010000171,ko:K00667,5999340
AOC00368,AO090010000182,AO090010000182,,"DNA, SC010",secretory_client,,unassigned,low,Secretory clients are not assigned to machinery subsystems.,,unknown,unassigned,low,none,,,False,,liu2014,database_prediction,,10.1186/1752-0509-8-73,exact,direct AO090 match in UniProt cross-reference,False,Q2TXE1,aor:AO090010000182,,5999349
AOC00369,AO090010000210,AO090010000210,,"DNA, SC010",secretory_client,,unassigned,low,Secretory clients are not assigned to machinery subsystems.,,unknown,unassigned,low,none,,,False,,liu2014,database_prediction,,10.1186/1752-0509-8-73,exact,direct AO090 match in UniProt cross-reference,False,Q2TXB5,aor:AO090010000210,,5999375
AOC00370,AO090010000236,AO090010000236,,"DNA, SC010",secretory_client,,unassigned,low,Secretory clients are not assigned to machinery subsystems.,,unknown,unassigned,low,none,,,False,,liu2014,database_prediction,,10.1186/1752-0509-8-73,exact,direct AO090 match in UniProt cross-reference,False,Q2TX91,aor:AO090010000236,,5999399
AOC00371,AO090010000256,AO090010000256,,"DNA, SC010",secretory_client,,unassigned,low,Secretory clients are not assigned to machinery subsystems.,,unknown,unassigned,low,none,,,False,,liu2014,database_prediction,,10.1186/1752-0509-8-73,exact,direct AO090 match in UniProt cross-reference,False,Q2TX59,aor:AO090010000256,,
AOC00372,AO090010000270,AO090010000270,,"DNA, SC010",secretory_client,,unassigned,low,Secretory clients are not assigned to machinery subsystems.,,unknown,unassigned,low,none,,,False,,liu2014,database_prediction,,10.1186/1752-0509-8-73,exact,direct AO090 match in UniProt cross-reference,False,Q2TX63,aor:AO090010000270,,5999427
AOC00373,AO090010000277,AO090010000277,,"DNA, SC010",secretory_client,,unassigned,low,Secretory clients are not assigned to machinery subsystems.,,unknown,unassigned,low,none,,,False,,liu2014,database_prediction,,10.1186/1752-0509-8-73,exact,direct AO090 match in UniProt cross-reference,False,Q2TX59,,,
AOC00374,AO090010000297,AO090010000297,,"DNA, SC010",secretory_client,,unassigned,low,Secretory clients are not assigned to machinery subsystems.,,unknown,unassigned,low,none,,,False,,liu2014,database_prediction,,10.1186/1752-0509-8-73,exact,direct AO090 match in UniProt cross-reference,False,Q2TX43,aor:AO090010000297,,5999447
AOC00375,AO090010000305,AO090010000305,,"DNA, SC010",secretory_client,,unassigned,low,Secretory clients are not assigned to machinery subsystems.,,unknown,unassigned,low,none,,,False,,liu2014,database_prediction,,10.1186/1752-0509-8-73,exact,direct AO090 match in UniProt cross-reference,False,Q2TX35,aor:AO090010000305,,5999455
AOC00376,AO090010000315,AO090010000315,,"DNA, SC010",secretory_client,,unassigned,low,Secretory clients are not assigned to machinery subsystems.,,unknown,unassigned,low,none,,,False,,liu2014,database_prediction,,10.1186/1752-0509-8-73,exact,direct AO090 match in UniProt cross-reference,False,Q2TX25,aor:AO090010000315,,5999465
AOC00377,AO090010000346,AO090010000346,,"DNA, SC010",secretory_client,,unassigned,low,Secretory clients are not assigned to machinery subsystems.,,unknown,unassigned,low,none,,,False,,liu2014,database_prediction,,10.1186/1752-0509-8-73,exact,direct AO090 match in UniProt cross-reference,False,Q2TWZ8,aor:AO090010000346,,10099318
AOC00378,AO090010000405,AO090010000405,,"DNA, SC010",secretory_client,,unassigned,low,Secretory clients are not assigned to machinery subsystems.,,unknown,unassigned,low,none,,,False,,liu2014,database_prediction,,10.1186/1752-0509-8-73,exact,direct AO090 match in UniProt cross-reference,False,Q2TWV0,aor:AO090010000405,,5999540
AOC00379,AO090010000431,AO090010000431,,"DNA, SC010",secretory_client,,unassigned,low,Secretory clients are not assigned to machinery subsystems.,,unknown,unassigned,low,none,,,False,,liu2014,database_prediction,,10.1186/1752-0509-8-73,exact,direct AO090 match in UniProt cross-reference,False,Q2TWT3,aor:AO090010000431,,5999557
AOC00380,AO090010000501,AO090010000501,,"DNA, SC010",secretory_client,,unassigned,low,Secretory clients are not assigned to machinery subsystems.,,unknown,unassigned,low,none,,,False,,liu2014,database_prediction,,10.1186/1752-0509-8-73,exact,direct AO090 match in UniProt cross-reference,False,Q2TWM3,aor:AO090010000501,,5999617
AOC00381,AO090010000507,AO090010000507,,"DNA, SC010",secretory_client,,unassigned,low,Secretory clients are not assigned to machinery subsystems.,,unknown,unassigned,low,none,,,False,,liu2014,database_prediction,,10.1186/1752-0509-8-73,exact,direct AO090 match in UniProt cross-reference,False,Q2TWL9,aor:AO090010000507,,35119635
AOC00382,AO090010000514,AO090010000514,,Fructose-bisphosphate aldolase (FBP aldolase) (EC 4.1.2.13),secretory_client,,unassigned,low,Secretory clients are not assigned to machinery subsystems.,,unknown,unassigned,low,none,,,False,,liu2014,database_prediction,,10.1186/1752-0509-8-73,exact,direct AO090 match in UniProt cross-reference,False,Q2TWL2,aor:AO090010000514,ko:K01624,5999628
AOC00383,AO090010000521,AO090010000521,,aldehyde dehydrogenase (NAD(+)) (EC 1.2.1.3),secretory_client,,unassigned,low,Secretory clients are not assigned to machinery subsystems.,,unknown,unassigned,low,none,,,False,,liu2014,database_prediction,,10.1186/1752-0509-8-73,exact,direct AO090 match in UniProt cross-reference,False,Q2TWK5,aor:AO090010000521,,5999635
AOC00384,AO090010000526,AO090010000526,,"DNA, SC010",secretory_client,,unassigned,low,Secretory clients are not assigned to machinery subsystems.,,unknown,unassigned,low,none,,,False,,liu2014,database_prediction,,10.1186/1752-0509-8-73,exact,direct AO090 match in UniProt cross-reference,False,Q2TWK1,aor:AO090010000526,,5999639
AOC00385,AO090010000528,AO090010000528,,"DNA, SC010",secretory_client,,unassigned,low,Secretory clients are not assigned to machinery subsystems.,,unknown,unassigned,low,none,,,False,,liu2014,database_prediction,,10.1186/1752-0509-8-73,exact,direct AO090 match in UniProt cross-reference,False,Q2TWJ9,aor:AO090010000528,,5999641
AOC00386,AO090010000540,AO090010000540,,"DNA, SC010",secretory_client,,unassigned,low,Secretory clients are not assigned to machinery subsystems.,,unknown,unassigned,low,none,,,False,,liu2014,database_prediction,,10.1186/1752-0509-8-73,exact,direct AO090 match in UniProt cross-reference,False,Q2TWI7,aor:AO090010000540,,5999653
AOC00387,AO090010000543,AO090010000543,,"DNA, SC010",secretory_client,,unassigned,low,Secretory clients are not assigned to machinery subsystems.,,unknown,unassigned,low,none,,,False,,liu2014,database_prediction,,10.1186/1752-0509-8-73,exact,direct AO090 match in UniProt cross-reference,False,Q2TWI4,aor:AO090010000543,,5999656
AOC00388,AO090010000555,AO090010000555,,"DNA, SC010",secretory_client,,unassigned,low,Secretory clients are not assigned to machinery subsystems.,,unknown,unassigned,low,none,,,False,,liu2014,database_prediction,,10.1186/1752-0509-8-73,exact,direct AO090 match in UniProt cross-reference,False,Q2TWH5,aor:AO090010000555,,5999665
AOC00389,AO090010000560,AO090010000560,,"DNA, SC010",secretory_client,,unassigned,low,Secretory clients are not assigned to machinery subsystems.,,unknown,unassigned,low,none,,,False,,liu2014,database_prediction,,10.1186/1752-0509-8-73,exact,direct AO090 match in UniProt cross-reference,False,Q2TWH1,aor:AO090010000560,,5999669
AOC00390,AO090010000596,AO090010000596,,"DNA, SC010",secretory_client,,unassigned,low,Secretory clients are not assigned to machinery subsystems.,,unknown,unassigned,low,none,,,False,,liu2014,database_prediction,,10.1186/1752-0509-8-73,exact,direct AO090 match in UniProt cross-reference,False,Q2TWE2,aor:AO090010000596,,5999698
AOC00391,AO090010000623,AO090010000623,,"DNA, SC010",secretory_client,,unassigned,low,Secretory clients are not assigned to machinery subsystems.,,unknown,unassigned,low,none,,,False,,liu2014,database_prediction,,10.1186/1752-0509-8-73,exact,direct AO090 match in UniProt cross-reference,False,Q2TWC0,aor:AO090010000623,ko:K11517,5999720
AOC00392,AO090010000629,AO090010000629,,"DNA, SC010",secretory_client,,unassigned,low,Secretory clients are not assigned to machinery subsystems.,,unknown,unassigned,low,none,,,False,,liu2014,database_prediction,,10.1186/1752-0509-8-73,exact,direct AO090 match in UniProt cross-reference,False,Q2TWB4,aor:AO090010000629,,5999726
AOC00393,AO090010000693,AO090010000693,,"DNA, SC010",secretory_client,,unassigned,low,Secretory clients are not assigned to machinery subsystems.,,unknown,unassigned,low,none,,,False,,liu2014,database_prediction,,10.1186/1752-0509-8-73,exact,direct AO090 match in UniProt cross-reference,False,Q2TW61,aor:AO090010000693,,5999779
AOC00394,AO090010000721,AO090010000721,,sphinganine-1-phosphate aldolase (EC 4.1.2.27) (Sphingosine-1-phosphate aldolase),secretory_client,,unassigned,low,Secretory clients are not assigned to machinery subsystems.,,unknown,unassigned,low,none,,,False,,liu2014,database_prediction,,10.1186/1752-0509-8-73,exact,direct AO090 match in UniProt cross-reference,False,Q2TW35,aor:AO090010000721,ko:K01634,5999805
AOC00395,AO090010000741,AO090010000741,,"DNA, SC010",secretory_client,,unassigned,low,Secretory clients are not assigned to machinery subsystems.,,unknown,unassigned,low,none,,,False,,liu2014,database_prediction,,10.1186/1752-0509-8-73,exact,direct AO090 match in UniProt cross-reference,False,Q2TW15,aor:AO090010000741,,5999825
AOC00396,AO090010000745,AO090010000745,,Carboxylic ester hydrolase (EC 3.1.1.-),secretory_client,,unassigned,low,Secretory clients are not assigned to machinery subsystems.,,unknown,unassigned,low,none,,,False,,liu2014,database_prediction,,10.1186/1752-0509-8-73,exact,direct AO090 match in UniProt cross-reference,False,Q2TW11,aor:AO090010000745,,5999829
AOC00397,AO090010000746,AO090010000746,glaA,"Glucoamylase (EC 3.2.1.3) (1,4-alpha-D-glucan glucohydrolase) (Glucan 1,4-alpha-glucosidase)",secretory_client,,unassigned,low,Secretory clients are not assigned to machinery subsystems.,,unknown,unassigned,low,none,,,False,,liu2014,database_prediction,,10.1186/1752-0509-8-73,exact,direct AO090 match in UniProt cross-reference,False,P36914,aor:AO090010000746,ko:K01178,5999830
AOC00398,AO090010000747,AO090010000747,,"DNA, SC010",secretory_client,,unassigned,low,Secretory clients are not assigned to machinery subsystems.,,unknown,unassigned,low,none,,,False,,liu2014,database_prediction,,10.1186/1752-0509-8-73,exact,direct AO090 match in UniProt cross-reference,False,Q2TW09,aor:AO090010000747,,5999831
AOC00399,AO090010000750,AO090010000750,,Short-chain dehydrogenase/reductase 3 (Retinal short-chain dehydrogenase/reductase 1),secretory_client,,unassigned,low,Secretory clients are not assigned to machinery subsystems.,,unknown,unassigned,low,none,,,False,,liu2014,database_prediction,,10.1186/1752-0509-8-73,exact,direct AO090 match in UniProt cross-reference,False,Q2TW06,aor:AO090010000750,,5999834
AOC00400,AO090010000762,AO090010000762,,"DNA, SC010",secretory_client,,unassigned,low,Secretory clients are not assigned to machinery subsystems.,,unknown,unassigned,low,none,,,False,,liu2014,database_prediction,,10.1186/1752-0509-8-73,exact,direct AO090 match in UniProt cross-reference,False,Q2TVZ4,aor:AO090010000762,,5999846
AOC00401,AO090010000765,AO090010000765,,"DNA, SC010",secretory_client,,unassigned,low,Secretory clients are not assigned to machinery subsystems.,,unknown,unassigned,low,none,,,False,,liu2014,database_prediction,,10.1186/1752-0509-8-73,exact,direct AO090 match in UniProt cross-reference,False,Q2TVZ1,aor:AO090010000765,,5999849
AOC00402,AO090010000777,AO090010000777,,"DNA, SC010",secretory_client,,unassigned,low,Secretory clients are not assigned to machinery subsystems.,,unknown,unassigned,low,none,,,False,,liu2014,database_prediction,,10.1186/1752-0509-8-73,exact,direct AO090 match in UniProt cross-reference,False,Q2TVX9,aor:AO090010000777,ko:K20520,5999861
AOC00403,AO090011000005,AO090011000005,,"DNA, SC011",secretory_client,,unassigned,low,Secretory clients are not assigned to machinery subsystems.,,unknown,unassigned,low,none,,,False,,liu2014,database_prediction,,10.1186/1752-0509-8-73,exact,direct AO090 match in UniProt cross-reference,False,Q2U1J6,aor:AO090011000005,,5997805
AOC00404,AO090011000020,AO090011000020,,"DNA, SC011",secretory_client,,unassigned,low,Secretory clients are not assigned to machinery subsystems.,,unknown,unassigned,low,none,,,False,,liu2014,database_prediction,,10.1186/1752-0509-8-73,exact,direct AO090 match in UniProt cross-reference,False,Q2U1I2,aor:AO090011000020,ko:K04618,5997819
AOC00405,AO090011000024,AO090011000024,,"DNA, SC011",secretory_client,,unassigned,low,Secretory clients are not assigned to machinery subsystems.,,unknown,unassigned,low,none,,,False,,liu2014,database_prediction,,10.1186/1752-0509-8-73,exact,direct AO090 match in UniProt cross-reference,False,Q2U1H8,aor:AO090011000024,,5997823
AOC00406,AO090011000040,AO090011000040,,"DNA, SC011",secretory_client,,unassigned,low,Secretory clients are not assigned to machinery subsystems.,,unknown,unassigned,low,none,,,False,,liu2014,database_prediction,,10.1186/1752-0509-8-73,exact,direct AO090 match in UniProt cross-reference,False,Q2U1G3,aor:AO090011000040,ko:K00668,5997838
AOC00407,AO090011000046,AO090011000046,,"DNA, SC011",secretory_client,,unassigned,low,Secretory clients are not assigned to machinery subsystems.,,unknown,unassigned,low,none,,,False,,liu2014,database_prediction,,10.1186/1752-0509-8-73,exact,direct AO090 match in UniProt cross-reference,False,Q2U1F7,aor:AO090011000046,ko:K00667,5997844
AOC00408,AO090011000067,AO090011000067,,Copper homeostasis protein cutC homolog,secretory_client,,unassigned,low,Secretory clients are not assigned to machinery subsystems.,,unknown,unassigned,low,none,,,False,,liu2014,database_prediction,,10.1186/1752-0509-8-73,exact,direct AO090 match in UniProt cross-reference,False,Q2U1E0,aor:AO090011000067,ko:K06201,5997861
AOC00409,AO090011000074,AO090011000074,,"DNA, SC011",secretory_client,,unassigned,low,Secretory clients are not assigned to machinery subsystems.,,unknown,unassigned,low,none,,,False,,liu2014,database_prediction,,10.1186/1752-0509-8-73,exact,direct AO090 match in UniProt cross-reference,False,Q2U1D3,aor:AO090011000074,,35119643
AOC00410,AO090011000079,AO090011000079,,"DNA, SC011",secretory_client,,unassigned,low,Secretory clients are not assigned to machinery subsystems.,,unknown,unassigned,low,none,,,False,,liu2014,database_prediction,,10.1186/1752-0509-8-73,exact,direct AO090 match in UniProt cross-reference,False,Q2U1C9,aor:AO090011000079,,5997872
AOC00411,AO090011000092,AO090011000092,,"DNA, SC011",secretory_client,,unassigned,low,Secretory clients are not assigned to machinery subsystems.,,unknown,unassigned,low,none,,,False,,liu2014,database_prediction,,10.1186/1752-0509-8-73,exact,direct AO090 match in UniProt cross-reference,False,Q2U1C0,aor:AO090011000092,,5997881
AOC00412,AO090011000096,AO090011000096,,"DNA, SC011",secretory_client,,unassigned,low,Secretory clients are not assigned to machinery subsystems.,,unknown,unassigned,low,none,,,False,,liu2014,database_prediction,,10.1186/1752-0509-8-73,exact,direct AO090 match in UniProt cross-reference,False,Q2U1B6,aor:AO090011000096,,5997885
AOC00413,AO090011000098,AO090011000098,,"DNA, SC011",secretory_client,,unassigned,low,Secretory clients are not assigned to machinery subsystems.,,unknown,unassigned,low,none,,,False,,liu2014,database_prediction,,10.1186/1752-0509-8-73,exact,direct AO090 match in UniProt cross-reference,False,Q2U1B4,aor:AO090011000098,,5997887
AOC00414,AO090011000101,AO090011000101,,Cytochrome P450 monooxygenase otaC,secretory_client,,unassigned,low,Secretory clients are not assigned to machinery subsystems.,,unknown,unassigned,low,none,,,False,,liu2014,database_prediction,,10.1186/1752-0509-8-73,exact,direct AO090 match in UniProt cross-reference,False,Q2U1B1,aor:AO090011000101,,5997890
AOC00415,AO090011000106,AO090011000106,,"DNA, SC011",secretory_client,,unassigned,low,Secretory clients are not assigned to machinery subsystems.,,unknown,unassigned,low,none,,,False,,liu2014,database_prediction,,10.1186/1752-0509-8-73,exact,direct AO090 match in UniProt cross-reference,False,Q2U1A6,aor:AO090011000106,,5997895
AOC00416,AO090011000134,AO090011000134,,"DNA, SC011",secretory_client,,unassigned,low,Secretory clients are not assigned to machinery subsystems.,,unknown,unassigned,low,none,,,False,,liu2014,database_prediction,,10.1186/1752-0509-8-73,exact,direct AO090 match in UniProt cross-reference,False,Q2U182,aor:AO090011000134,,5997919
AOC00417,AO090011000136,AO090011000136,,"DNA, SC011",secretory_client,,unassigned,low,Secretory clients are not assigned to machinery subsystems.,,unknown,unassigned,low,none,,,False,,liu2014,database_prediction,,10.1186/1752-0509-8-73,exact,direct AO090 match in UniProt cross-reference,False,Q2U180,aor:AO090011000136,,5997921
AOC00418,AO090011000137,AO090011000137,,"DNA, SC011",secretory_client,,unassigned,low,Secretory clients are not assigned to machinery subsystems.,,unknown,unassigned,low,none,,,False,,liu2014,database_prediction,,10.1186/1752-0509-8-73,exact,direct AO090 match in UniProt cross-reference,False,Q2U179,aor:AO090011000137,,5997922
AOC00419,AO090011000162,AO090011000162,,"DNA, SC011",secretory_client,,unassigned,low,Secretory clients are not assigned to machinery subsystems.,,unknown,unassigned,low,none,,,False,,liu2014,database_prediction,,10.1186/1752-0509-8-73,exact,direct AO090 match in UniProt cross-reference,False,Q2U157,aor:AO090011000162,,5997944
AOC00420,AO090011000164,AO090011000164,,"DNA, SC011",secretory_client,,unassigned,low,Secretory clients are not assigned to machinery subsystems.,,unknown,unassigned,low,none,,,False,,liu2014,database_prediction,,10.1186/1752-0509-8-73,exact,direct AO090 match in UniProt cross-reference,False,Q2U155,aor:AO090011000164,,5997946
AOC00421,AO090011000184,AO090011000184,,"DNA, SC011",secretory_client,,unassigned,low,Secretory clients are not assigned to machinery subsystems.,,unknown,unassigned,low,none,,,False,,liu2014,database_prediction,,10.1186/1752-0509-8-73,exact,direct AO090 match in UniProt cross-reference,False,Q2U137,aor:AO090011000184,ko:K01061,5997964
AOC00422,AO090011000205,AO090011000205,,"DNA, SC011",secretory_client,,unassigned,low,Secretory clients are not assigned to machinery subsystems.,,unknown,unassigned,low,none,,,False,,liu2014,database_prediction,,10.1186/1752-0509-8-73,exact,direct AO090 match in UniProt cross-reference,False,Q2U121,aor:AO090011000205,,5997980
AOC00423,AO090011000206,AO090011000206,,"DNA, SC011",secretory_client,,unassigned,low,Secretory clients are not assigned to machinery subsystems.,,unknown,unassigned,low,none,,,False,,liu2014,database_prediction,,10.1186/1752-0509-8-73,exact,direct AO090 match in UniProt cross-reference,False,Q2U120,aor:AO090011000206,,5997981
AOC00424,AO090011000210,AO090011000210,,"DNA, SC011",secretory_client,,unassigned,low,Secretory clients are not assigned to machinery subsystems.,,unknown,unassigned,low,none,,,False,,liu2014,database_prediction,,10.1186/1752-0509-8-73,exact,direct AO090 match in UniProt cross-reference,False,Q2U116,aor:AO090011000210,,5997985
AOC00425,AO090011000211,AO090011000211,,"DNA, SC011",secretory_client,,unassigned,low,Secretory clients are not assigned to machinery subsystems.,,unknown,unassigned,low,none,,,False,,liu2014,database_prediction,,10.1186/1752-0509-8-73,exact,direct AO090 match in UniProt cross-reference,False,Q2U115,aor:AO090011000211,,5997986
AOC00426,AO090011000225,AO090011000225,,"DNA, SC011",secretory_client,,unassigned,low,Secretory clients are not assigned to machinery subsystems.,,unknown,unassigned,low,none,,,False,,liu2014,database_prediction,,10.1186/1752-0509-8-73,exact,direct AO090 match in UniProt cross-reference,False,Q2U104,aor:AO090011000225,,5997997
AOC00427,AO090011000228,AO090011000228,,"DNA, SC011",secretory_client,,unassigned,low,Secretory clients are not assigned to machinery subsystems.,,unknown,unassigned,low,none,,,False,,liu2014,database_prediction,,10.1186/1752-0509-8-73,exact,direct AO090 match in UniProt cross-reference,False,Q2U102,aor:AO090011000228,,5997999
AOC00428,AO090011000242,AO090011000242,,"DNA, SC011",secretory_client,,unassigned,low,Secretory clients are not assigned to machinery subsystems.,,unknown,unassigned,low,none,,,False,,liu2014,database_prediction,,10.1186/1752-0509-8-73,exact,direct AO090 match in UniProt cross-reference,False,Q2U0Z0,aor:AO090011000242,,35119650
AOC00429,AO090011000247,AO090011000247,,Amine oxidase (EC 1.4.3.-),secretory_client,,unassigned,low,Secretory clients are not assigned to machinery subsystems.,,unknown,unassigned,low,none,,,False,,liu2014,database_prediction,,10.1186/1752-0509-8-73,exact,direct AO090 match in UniProt cross-reference,False,Q2U0Y6,aor:AO090011000247,,5998015
AOC00430,AO090011000249,AO090011000249,,"DNA, SC011",secretory_client,,unassigned,low,Secretory clients are not assigned to machinery subsystems.,,unknown,unassigned,low,none,,,False,,liu2014,database_prediction,,10.1186/1752-0509-8-73,exact,direct AO090 match in UniProt cross-reference,False,Q2U0Y4,aor:AO090011000249,,5998017
AOC00431,AO090011000262,AO090011000262,,"DNA, SC011",secretory_client,,unassigned,low,Secretory clients are not assigned to machinery subsystems.,,unknown,unassigned,low,none,,,False,,liu2014,database_prediction,,10.1186/1752-0509-8-73,exact,direct AO090 match in UniProt cross-reference,False,Q2U0X6,aor:AO090011000262,,5998025
AOC00432,AO090011000271,AO090011000271,,"DNA, SC011",secretory_client,,unassigned,low,Secretory clients are not assigned to machinery subsystems.,,unknown,unassigned,low,none,,,False,,liu2014,database_prediction,,10.1186/1752-0509-8-73,exact,direct AO090 match in UniProt cross-reference,False,Q2U0W8,aor:AO090011000271,,5998033
AOC00433,AO090011000290,AO090011000290,,Pre-mRNA-splicing factor SLT11 (Pre-mRNA-splicing factor slt11),secretory_client,,unassigned,low,Secretory clients are not assigned to machinery subsystems.,,unknown,unassigned,low,none,,,False,,liu2014,database_prediction,,10.1186/1752-0509-8-73,exact,direct AO090 match in UniProt cross-reference,False,Q2U0V5,aor:AO090011000290,ko:K12872,
AOC00434,AO090011000327,AO090011000327,,"DNA, SC011",secretory_client,,unassigned,low,Secretory clients are not assigned to machinery subsystems.,,unknown,unassigned,low,none,,,False,,liu2014,database_prediction,,10.1186/1752-0509-8-73,exact,direct AO090 match in UniProt cross-reference,False,Q2U0S2,aor:AO090011000327,,5998079
AOC00435,AO090011000342,AO090011000342,,"DNA, SC011",secretory_client,,unassigned,low,Secretory clients are not assigned to machinery subsystems.,,unknown,unassigned,low,none,,,False,,liu2014,database_prediction,,10.1186/1752-0509-8-73,exact,direct AO090 match in UniProt cross-reference,False,Q2U0Q7,aor:AO090011000342,ko:K10841,5998094
AOC00436,AO090011000346,AO090011000346,,"DNA, SC011",secretory_client,,unassigned,low,Secretory clients are not assigned to machinery subsystems.,,unknown,unassigned,low,none,,,False,,liu2014,database_prediction,,10.1186/1752-0509-8-73,exact,direct AO090 match in UniProt cross-reference,False,Q2U0Q3,aor:AO090011000346,,5998098
AOC00437,AO090011000370,AO090011000370,,"DNA, SC011",secretory_client,,unassigned,low,Secretory clients are not assigned to machinery subsystems.,,unknown,unassigned,low,none,,,False,,liu2014,database_prediction,,10.1186/1752-0509-8-73,exact,direct AO090 match in UniProt cross-reference,False,Q2U0N1,aor:AO090011000370,ko:K00059,5998120
AOC00438,AO090011000380,AO090011000380,pan3,PAN2-PAN3 deadenylation complex subunit PAN3 (PAB1P-dependent poly(A)-specific ribonuclease) (Poly(A)-nuclease deadenylation complex subunit 3) (PAN deadenylation complex subunit 3),secretory_client,,unassigned,low,Secretory clients are not assigned to machinery subsystems.,,unknown,unassigned,low,none,,,False,,liu2014,database_prediction,,10.1186/1752-0509-8-73,exact,direct AO090 match in UniProt cross-reference,False,Q2U0M4,,ko:K12572,
AOC00439,AO090011000391,AO090011000391,,"DNA, SC011",secretory_client,,unassigned,low,Secretory clients are not assigned to machinery subsystems.,,unknown,unassigned,low,none,,,False,,liu2014,database_prediction,,10.1186/1752-0509-8-73,exact,direct AO090 match in UniProt cross-reference,False,Q2U0L4,aor:AO090011000391,,5998137
AOC00440,AO090011000392,AO090011000392,,"DNA, SC011",secretory_client,,unassigned,low,Secretory clients are not assigned to machinery subsystems.,,unknown,unassigned,low,none,,,False,,liu2014,database_prediction,,10.1186/1752-0509-8-73,exact,direct AO090 match in UniProt cross-reference,False,Q2U0L3,aor:AO090011000392,,5998138
AOC00441,AO090011000396,AO090011000396,,"DNA, SC011",secretory_client,,unassigned,low,Secretory clients are not assigned to machinery subsystems.,,unknown,unassigned,low,none,,,False,,liu2014,database_prediction,,10.1186/1752-0509-8-73,exact,direct AO090 match in UniProt cross-reference,False,Q2U0L2,aor:AO090011000396,,5998140
AOC00442,AO090011000397,AO090011000397,,"DNA, SC011",secretory_client,,unassigned,low,Secretory clients are not assigned to machinery subsystems.,,unknown,unassigned,low,none,,,False,,liu2014,database_prediction,,10.1186/1752-0509-8-73,exact,direct AO090 match in UniProt cross-reference,False,Q2U0L1,aor:AO090011000397,,35119655
AOC00443,AO090011000417,AO090011000417,hepS,Transcription factor hepS (Heptelidic acid biosynthesis cluster protein S),secretory_client,,unassigned,low,Secretory clients are not assigned to machinery subsystems.,,unknown,unassigned,low,none,,,False,,liu2014,database_prediction,,10.1186/1752-0509-8-73,exact,direct AO090 match in UniProt cross-reference,False,Q2U0J4,,,
AOC00444,AO090011000442,AO090011000442,,"DNA, SC011",secretory_client,,unassigned,low,Secretory clients are not assigned to machinery subsystems.,,unknown,unassigned,low,none,,,False,,liu2014,database_prediction,,10.1186/1752-0509-8-73,exact,direct AO090 match in UniProt cross-reference,False,Q2U0H1,aor:AO090011000442,,5998180
AOC00445,AO090011000462,AO090011000462,,"DNA, SC011",secretory_client,,unassigned,low,Secretory clients are not assigned to machinery subsystems.,,unknown,unassigned,low,none,,,False,,liu2014,database_prediction,,10.1186/1752-0509-8-73,exact,direct AO090 match in UniProt cross-reference,False,Q2U0F2,aor:AO090011000462,,5998199
AOC00446,AO090011000470,AO090011000470,,"DNA, SC011",secretory_client,,unassigned,low,Secretory clients are not assigned to machinery subsystems.,,unknown,unassigned,low,none,,,False,,liu2014,database_prediction,,10.1186/1752-0509-8-73,exact,direct AO090 match in UniProt cross-reference,False,Q2U0E5,aor:AO090011000470,,5998206
AOC00447,AO090023000790,AO090023000790,,L-serine ammonia-lyase (EC 4.3.1.17),secretory_client,,unassigned,low,Secretory clients are not assigned to machinery subsystems.,,unknown,unassigned,low,none,,,True,down,liu2014,database_prediction,,10.1186/1752-0509-8-73,exact,direct AO090 match in UniProt cross-reference,False,Q2UGM2,aor:AO090023000790,ko:K17989,5993297
AOC00448,AO090011000510,AO090011000510,,"DNA, SC011",secretory_client,,unassigned,low,Secretory clients are not assigned to machinery subsystems.,,unknown,unassigned,low,none,,,False,,liu2014,database_prediction,,10.1186/1752-0509-8-73,exact,direct AO090 match in UniProt cross-reference,False,Q2U0B2,aor:AO090011000510,,5998239
AOC00449,AO090011000525,AO090011000525,,"DNA, SC011",secretory_client,,unassigned,low,Secretory clients are not assigned to machinery subsystems.,,unknown,unassigned,low,none,,,False,,liu2014,database_prediction,,10.1186/1752-0509-8-73,exact,direct AO090 match in UniProt cross-reference,False,Q2U0A1,aor:AO090011000525,,35119660
AOC00450,AO090011000526,AO090011000526,,glutamate--tRNA ligase (EC 6.1.1.17) (Glutamyl-tRNA synthetase),secretory_client,,unassigned,low,Secretory clients are not assigned to machinery subsystems.,,unknown,unassigned,low,none,,,False,,liu2014,database_prediction,,10.1186/1752-0509-8-73,exact,direct AO090 match in UniProt cross-reference,False,Q2U0A0,aor:AO090011000526,,5998251
AOC00451,AO090011000571,AO090011000571,,"DNA, SC011",secretory_client,,unassigned,low,Secretory clients are not assigned to machinery subsystems.,,unknown,unassigned,low,none,,,False,,liu2014,database_prediction,,10.1186/1752-0509-8-73,exact,direct AO090 match in UniProt cross-reference,False,Q2U063,aor:AO090011000571,ko:K15462,5998288
AOC00452,AO090011000621,AO090011000621,,Peroxisomal ATPase PEX1 (Peroxin-1),secretory_client,,unassigned,low,Secretory clients are not assigned to machinery subsystems.,,unknown,unassigned,low,none,,,False,,liu2014,database_prediction,,10.1186/1752-0509-8-73,exact,direct AO090 match in UniProt cross-reference,False,Q2U021,aor:AO090011000621,ko:K13338,
AOC00453,AO090011000660,AO090011000660,,"DNA, SC011",secretory_client,,unassigned,low,Secretory clients are not assigned to machinery subsystems.,,unknown,unassigned,low,none,,,False,,liu2014,database_prediction,,10.1186/1752-0509-8-73,exact,direct AO090 match in UniProt cross-reference,False,Q2TZZ2,aor:AO090011000660,,5998359
AOC00454,AO090011000676,AO090011000676,,"DNA, SC011",secretory_client,,unassigned,low,Secretory clients are not assigned to machinery subsystems.,,unknown,unassigned,low,none,,,False,,liu2014,database_prediction,,10.1186/1752-0509-8-73,exact,direct AO090 match in UniProt cross-reference,False,Q2TZX8,aor:AO090011000676,,5998373
AOC00455,AO090011000681,AO090011000681,,"DNA, SC011",secretory_client,,unassigned,low,Secretory clients are not assigned to machinery subsystems.,,unknown,unassigned,low,none,,,False,,liu2014,database_prediction,,10.1186/1752-0509-8-73,exact,direct AO090 match in UniProt cross-reference,False,Q2TZX4,aor:AO090011000681,,5998377
AOC00456,AO090011000694,AO090011000694,,"DNA, SC011",secretory_client,,unassigned,low,Secretory clients are not assigned to machinery subsystems.,,unknown,unassigned,low,none,,,False,,liu2014,database_prediction,,10.1186/1752-0509-8-73,exact,direct AO090 match in UniProt cross-reference,False,Q2TZW4,aor:AO090011000694,,5998387
AOC00457,AO090011000704,AO090011000704,,"D-xylose 1-dehydrogenase (NADP(+), D-xylono-1,5-lactone-forming) (EC 1.1.1.179) (D-xylose-NADP dehydrogenase)",secretory_client,,unassigned,low,Secretory clients are not assigned to machinery subsystems.,,unknown,unassigned,low,none,,,False,,liu2014,database_prediction,,10.1186/1752-0509-8-73,exact,direct AO090 match in UniProt cross-reference,False,Q2TZV5,aor:AO090011000704,,35119666
AOC00458,AO090011000710,AO090011000710,,"DNA, SC011",secretory_client,,unassigned,low,Secretory clients are not assigned to machinery subsystems.,,unknown,unassigned,low,none,,,False,,liu2014,database_prediction,,10.1186/1752-0509-8-73,exact,direct AO090 match in UniProt cross-reference,False,Q2TZV0,aor:AO090011000710,,5998401
AOC00459,AO090011000716,AO090011000716,,"DNA, SC011",secretory_client,,unassigned,low,Secretory clients are not assigned to machinery subsystems.,,unknown,unassigned,low,none,,,False,,liu2014,database_prediction,,10.1186/1752-0509-8-73,exact,direct AO090 match in UniProt cross-reference,False,Q2TZU6,aor:AO090011000716,ko:K28098,5998405
AOC00460,AO090011000725,AO090011000725,,"DNA, SC011",secretory_client,,unassigned,low,Secretory clients are not assigned to machinery subsystems.,,unknown,unassigned,low,none,,,True,down,liu2014,database_prediction,,10.1186/1752-0509-8-73,exact,direct AO090 match in UniProt cross-reference,False,Q2TZT8,aor:AO090011000725,,5998413
AOC00461,AO090011000722,AO090011000722,,"DNA, SC011",secretory_client,,unassigned,low,Secretory clients are not assigned to machinery subsystems.,,unknown,unassigned,low,none,,,True,down,liu2014,database_prediction,,10.1186/1752-0509-8-73,exact,direct AO090 match in UniProt cross-reference,False,Q2TZU1,aor:AO090011000722,,5998410
AOC00462,AO090011000737,AO090011000737,,"DNA, SC011",secretory_client,,unassigned,low,Secretory clients are not assigned to machinery subsystems.,,unknown,unassigned,low,none,,,False,,liu2014,database_prediction,,10.1186/1752-0509-8-73,exact,direct AO090 match in UniProt cross-reference,False,Q2TZS7,aor:AO090011000737,,5998424
AOC00463,AO090011000743,AO090011000743,,"DNA, SC011",secretory_client,,unassigned,low,Secretory clients are not assigned to machinery subsystems.,,unknown,unassigned,low,none,,,False,,liu2014,database_prediction,,10.1186/1752-0509-8-73,exact,direct AO090 match in UniProt cross-reference,False,Q2TZS1,aor:AO090011000743,ko:K18388,5998430
AOC00464,AO090011000748,AO090011000748,,"DNA, SC011",secretory_client,,unassigned,low,Secretory clients are not assigned to machinery subsystems.,,unknown,unassigned,low,none,,,False,,liu2014,database_prediction,,10.1186/1752-0509-8-73,exact,direct AO090 match in UniProt cross-reference,False,Q2TZR6,aor:AO090011000748,,5998436
AOC00465,AO090011000787,AO090011000787,,"DNA, SC011",secretory_client,,unassigned,low,Secretory clients are not assigned to machinery subsystems.,,unknown,unassigned,low,none,,,False,,liu2014,database_prediction,,10.1186/1752-0509-8-73,exact,direct AO090 match in UniProt cross-reference,False,Q2TZN3,aor:AO090011000787,,5998468
AOC00466,AO090011000790,AO090011000790,,Prohibitin,secretory_client,,unassigned,low,Secretory clients are not assigned to machinery subsystems.,,unknown,unassigned,low,none,,,False,,liu2014,database_prediction,,10.1186/1752-0509-8-73,exact,direct AO090 match in UniProt cross-reference,False,Q2TZN0,aor:AO090011000790,ko:K17081,5998471
AOC00467,AO090011000798,AO090011000798,,"DNA, SC011",secretory_client,,unassigned,low,Secretory clients are not assigned to machinery subsystems.,,unknown,unassigned,low,none,,,False,,liu2014,database_prediction,,10.1186/1752-0509-8-73,exact,direct AO090 match in UniProt cross-reference,False,Q2TZM2,aor:AO090011000798,ko:K03262,5998479
AOC00468,AO090011000800,AO090011000800,,"DNA, SC011",secretory_client,,unassigned,low,Secretory clients are not assigned to machinery subsystems.,,unknown,unassigned,low,none,,,False,,liu2014,database_prediction,,10.1186/1752-0509-8-73,exact,direct AO090 match in UniProt cross-reference,False,Q2TZM0,aor:AO090011000800,,5998481
AOC00469,AO090011000827,AO090011000827,,"DNA, SC011",secretory_client,,unassigned,low,Secretory clients are not assigned to machinery subsystems.,,unknown,unassigned,low,none,,,False,,liu2014,database_prediction,,10.1186/1752-0509-8-73,exact,direct AO090 match in UniProt cross-reference,False,Q2TZJ6,aor:AO090011000827,,5998505
AOC00470,AO090011000829,AO090011000829,,"DNA, SC011",secretory_client,,unassigned,low,Secretory clients are not assigned to machinery subsystems.,,unknown,unassigned,low,none,,,False,,liu2014,database_prediction,,10.1186/1752-0509-8-73,exact,direct AO090 match in UniProt cross-reference,False,Q2TZJ5,aor:AO090011000829,,5998506
AOC00471,AO090011000841,AO090011000841,,"DNA, SC011",secretory_client,,unassigned,low,Secretory clients are not assigned to machinery subsystems.,,unknown,unassigned,low,none,,,False,,liu2014,database_prediction,,10.1186/1752-0509-8-73,exact,direct AO090 match in UniProt cross-reference,False,Q2TZI4,aor:AO090011000841,,5998517
AOC00472,AO090011000842,AO090011000842,,"DNA, SC011",secretory_client,,unassigned,low,Secretory clients are not assigned to machinery subsystems.,,unknown,unassigned,low,none,,,False,,liu2014,database_prediction,,10.1186/1752-0509-8-73,exact,direct AO090 match in UniProt cross-reference,False,Q2TZI3,aor:AO090011000842,ko:K03350,5998518
AOC00473,AO090011000848,AO090011000848,,Peptidyl-prolyl cis-trans isomerase (EC 5.2.1.8),secretory_client,,unassigned,low,Secretory clients are not assigned to machinery subsystems.,,unknown,unassigned,low,none,,,False,,liu2014,database_prediction,,10.1186/1752-0509-8-73,exact,direct AO090 match in UniProt cross-reference,False,Q2TZH7,aor:AO090011000848,ko:K09578,
AOC00474,AO090011000861,AO090011000861,,"DNA, SC011",secretory_client,,unassigned,low,Secretory clients are not assigned to machinery subsystems.,,unknown,unassigned,low,none,,,False,,liu2014,database_prediction,,10.1186/1752-0509-8-73,exact,direct AO090 match in UniProt cross-reference,False,Q2TZG5,aor:AO090011000861,ko:K28901,
AOC00475,AO090011000867,AO090011000867,,"DNA, SC011",secretory_client,,unassigned,low,Secretory clients are not assigned to machinery subsystems.,,unknown,unassigned,low,none,,,False,,liu2014,database_prediction,,10.1186/1752-0509-8-73,exact,direct AO090 match in UniProt cross-reference,False,Q2TZF9,aor:AO090011000867,,5998542
AOC00476,AO090011000902,AO090011000902,,eIF-2-alpha kinase activator GCN1,secretory_client,,unassigned,low,Secretory clients are not assigned to machinery subsystems.,,unknown,unassigned,low,none,,,False,,liu2014,database_prediction,,10.1186/1752-0509-8-73,exact,direct AO090 match in UniProt cross-reference,False,Q2TZD2,aor:AO090011000902,ko:K28917,5998568
AOC00477,AO090011000926,AO090011000926,dffA,L-ornithine N(5)-monooxygenase (OMO) (EC 1.14.13.196) (Deferriferrichrysin biosynthesis protein A) (L-ornithine N(5)-oxygenase),secretory_client,,unassigned,low,Secretory clients are not assigned to machinery subsystems.,,unknown,unassigned,low,none,,,False,,liu2014,database_prediction,,10.1186/1752-0509-8-73,exact,direct AO090 match in UniProt cross-reference,False,Q2TZB2,,ko:K10531,
AOC00478,AO090011000928,AO090011000928,,"DNA, SC011",secretory_client,,unassigned,low,Secretory clients are not assigned to machinery subsystems.,,unknown,unassigned,low,none,,,False,,liu2014,database_prediction,,10.1186/1752-0509-8-73,exact,direct AO090 match in UniProt cross-reference,False,Q2TZB0,aor:AO090011000928,,5998591
AOC00479,AO090011000933,AO090011000933,,Signal recognition particle receptor subunit beta,secretory_client,,unassigned,low,Secretory clients are not assigned to machinery subsystems.,,unknown,unassigned,low,none,,,False,,liu2014,database_prediction,,10.1186/1752-0509-8-73,exact,direct AO090 match in UniProt cross-reference,False,Q2TZA6,aor:AO090011000933,ko:K12272,5998595
AOC00480,AO090011000935,AO090011000935,,"DNA, SC011",secretory_client,,unassigned,low,Secretory clients are not assigned to machinery subsystems.,,unknown,unassigned,low,none,,,False,,liu2014,database_prediction,,10.1186/1752-0509-8-73,exact,direct AO090 match in UniProt cross-reference,False,Q2TZA4,aor:AO090011000935,ko:K00931,5998597
AOC00481,AO090011000953,AO090011000953,,Mitochondrial thiamine pyrophosphate carrier 1,secretory_client,,unassigned,low,Secretory clients are not assigned to machinery subsystems.,,unknown,unassigned,low,none,,,False,,liu2014,database_prediction,,10.1186/1752-0509-8-73,exact,direct AO090 match in UniProt cross-reference,False,Q2TZ88,aor:AO090011000953,ko:K14684,5998613
AOC00482,AO090011000956,AO090011000956,,"DNA, SC011",secretory_client,,unassigned,low,Secretory clients are not assigned to machinery subsystems.,,unknown,unassigned,low,none,,,False,,liu2014,database_prediction,,10.1186/1752-0509-8-73,exact,direct AO090 match in UniProt cross-reference,False,Q2TZ85,aor:AO090011000956,,5998616
AOC00483,AO090012000016,AO090012000016,,"DNA, SC012",secretory_client,,unassigned,low,Secretory clients are not assigned to machinery subsystems.,,unknown,unassigned,low,none,,,False,,liu2014,database_prediction,,10.1186/1752-0509-8-73,exact,direct AO090 match in UniProt cross-reference,False,Q2UDV2,aor:AO090012000016,,5987576
AOC00484,AO090012000030,AO090012000030,,"DNA, SC012",secretory_client,,unassigned,low,Secretory clients are not assigned to machinery subsystems.,,unknown,unassigned,low,none,,,False,,liu2014,database_prediction,,10.1186/1752-0509-8-73,exact,direct AO090 match in UniProt cross-reference,False,Q2UDU1,aor:AO090012000030,,5987587
AOC00485,AO090012000061,AO090012000061,,"DNA, SC012",secretory_client,,unassigned,low,Secretory clients are not assigned to machinery subsystems.,,unknown,unassigned,low,none,,,False,,liu2014,database_prediction,,10.1186/1752-0509-8-73,exact,direct AO090 match in UniProt cross-reference,False,Q2UDR8,aor:AO090012000061,,5987610
AOC00486,AO090012000072,AO090012000072,,"DNA, SC012",secretory_client,,unassigned,low,Secretory clients are not assigned to machinery subsystems.,,unknown,unassigned,low,none,,,False,,liu2014,database_prediction,,10.1186/1752-0509-8-73,exact,direct AO090 match in UniProt cross-reference,False,Q2UDQ7,aor:AO090012000072,,10098400
AOC00487,AO090012000105,AO090012000105,,"DNA, SC012",secretory_client,,unassigned,low,Secretory clients are not assigned to machinery subsystems.,,unknown,unassigned,low,none,,,False,,liu2014,database_prediction,,10.1186/1752-0509-8-73,exact,direct AO090 match in UniProt cross-reference,False,Q2UDN3,aor:AO090012000105,,5987645
AOC00488,AO090012000131,AO090012000131,,"DNA, SC012",secretory_client,,unassigned,low,Secretory clients are not assigned to machinery subsystems.,,unknown,unassigned,low,none,,,False,,liu2014,database_prediction,,10.1186/1752-0509-8-73,exact,direct AO090 match in UniProt cross-reference,False,Q2UDL1,aor:AO090012000131,,5987667
AOC00489,AO090012000144,AO090012000144,,"DNA, SC012",secretory_client,,unassigned,low,Secretory clients are not assigned to machinery subsystems.,,unknown,unassigned,low,none,,,False,,liu2014,database_prediction,,10.1186/1752-0509-8-73,exact,direct AO090 match in UniProt cross-reference,False,Q2UDK1,aor:AO090012000144,,5987677
AOC00490,AO090012000151,AO090012000151,,"DNA, SC012",secretory_client,,unassigned,low,Secretory clients are not assigned to machinery subsystems.,,unknown,unassigned,low,none,,,False,,liu2014,database_prediction,,10.1186/1752-0509-8-73,exact,direct AO090 match in UniProt cross-reference,False,Q2UDJ4,aor:AO090012000151,,5987684
AOC00491,AO090012000165,AO090012000165,,"DNA, SC012",secretory_client,,unassigned,low,Secretory clients are not assigned to machinery subsystems.,,unknown,unassigned,low,none,,,False,,liu2014,database_prediction,,10.1186/1752-0509-8-73,exact,direct AO090 match in UniProt cross-reference,False,Q2UDI0,aor:AO090012000165,,5987698
AOC00492,AO090012000206,AO090012000206,,"DNA, SC012",secretory_client,,unassigned,low,Secretory clients are not assigned to machinery subsystems.,,unknown,unassigned,low,none,,,False,,liu2014,database_prediction,,10.1186/1752-0509-8-73,exact,direct AO090 match in UniProt cross-reference,False,Q2UDE3,aor:AO090012000206,,5987735
AOC00493,AO090012000212,AO090012000212,,"DNA, SC012",secretory_client,,unassigned,low,Secretory clients are not assigned to machinery subsystems.,,unknown,unassigned,low,none,,,False,,liu2014,database_prediction,,10.1186/1752-0509-8-73,exact,direct AO090 match in UniProt cross-reference,False,Q2UDD8,aor:AO090012000212,,5987740
AOC00494,AO090012000225,AO090012000225,,"DNA, SC012",secretory_client,,unassigned,low,Secretory clients are not assigned to machinery subsystems.,,unknown,unassigned,low,none,,,False,,liu2014,database_prediction,,10.1186/1752-0509-8-73,exact,direct AO090 match in UniProt cross-reference,False,Q2UDC7,aor:AO090012000225,ko:K20224,5987751
AOC00495,AO090012000249,AO090012000249,,Spindle pole body component,secretory_client,,unassigned,low,Secretory clients are not assigned to machinery subsystems.,,unknown,unassigned,low,none,,,False,,liu2014,database_prediction,,10.1186/1752-0509-8-73,exact,direct AO090 match in UniProt cross-reference,False,Q2UDA7,aor:AO090012000249,,5987771
AOC00496,AO090012000254,AO090012000254,,"DNA, SC012",secretory_client,,unassigned,low,Secretory clients are not assigned to machinery subsystems.,,unknown,unassigned,low,none,,,False,,liu2014,database_prediction,,10.1186/1752-0509-8-73,exact,direct AO090 match in UniProt cross-reference,False,Q2UDA3,aor:AO090012000254,,5987775
AOC00497,AO090012000267,AO090012000267,xlnR,Xylanolytic transcriptional activator xlnR (Xylanase regulator),secretory_client,,unassigned,low,Secretory clients are not assigned to machinery subsystems.,,unknown,unassigned,low,none,,,False,,liu2014,database_prediction,,10.1186/1752-0509-8-73,exact,direct AO090 match in UniProt cross-reference,False,Q2UD93,,ko:K21451,
AOC00498,AO090012000286,AO090012000286,,"DNA, SC012",secretory_client,,unassigned,low,Secretory clients are not assigned to machinery subsystems.,,unknown,unassigned,low,none,,,False,,liu2014,database_prediction,,10.1186/1752-0509-8-73,exact,direct AO090 match in UniProt cross-reference,False,Q2UD77,aor:AO090012000286,,5987801
AOC00499,AO090012000292,AO090012000292,,"DNA, SC012",secretory_client,,unassigned,low,Secretory clients are not assigned to machinery subsystems.,,unknown,unassigned,low,none,,,False,,liu2014,database_prediction,,10.1186/1752-0509-8-73,exact,direct AO090 match in UniProt cross-reference,False,Q2UD72,aor:AO090012000292,,5987806
AOC00500,AO090012000316,AO090012000316,,"DNA, SC012",secretory_client,,unassigned,low,Secretory clients are not assigned to machinery subsystems.,,unknown,unassigned,low,none,,,False,,liu2014,database_prediction,,10.1186/1752-0509-8-73,exact,direct AO090 match in UniProt cross-reference,False,Q2UD52,aor:AO090012000316,,5987826
AOC00501,AO090012000350,AO090012000350,,"DNA, SC012",secretory_client,,unassigned,low,Secretory clients are not assigned to machinery subsystems.,,unknown,unassigned,low,none,,,False,,liu2014,database_prediction,,10.1186/1752-0509-8-73,exact,direct AO090 match in UniProt cross-reference,False,Q2UD25,aor:AO090012000350,,5987853
AOC00502,AO090012000360,AO090012000360,,"DNA, SC012",secretory_client,,unassigned,low,Secretory clients are not assigned to machinery subsystems.,,unknown,unassigned,low,none,,,False,,liu2014,database_prediction,,10.1186/1752-0509-8-73,exact,direct AO090 match in UniProt cross-reference,False,Q2UD15,aor:AO090012000360,,5987863
AOC00503,AO090012000383,AO090012000383,,"DNA, SC012",secretory_client,,unassigned,low,Secretory clients are not assigned to machinery subsystems.,,unknown,unassigned,low,none,,,False,,liu2014,database_prediction,,10.1186/1752-0509-8-73,exact,direct AO090 match in UniProt cross-reference,False,Q2UCZ5,aor:AO090012000383,,5987883
AOC00504,AO090012000387,AO090012000387,,"DNA, SC012",secretory_client,,unassigned,low,Secretory clients are not assigned to machinery subsystems.,,unknown,unassigned,low,none,,,False,,liu2014,database_prediction,,10.1186/1752-0509-8-73,exact,direct AO090 match in UniProt cross-reference,False,Q2UCZ3,aor:AO090012000387,,5987885
AOC00505,AO090012000394,AO090012000394,,methionine--tRNA ligase (EC 6.1.1.10) (Methionyl-tRNA synthetase),secretory_client,,unassigned,low,Secretory clients are not assigned to machinery subsystems.,,unknown,unassigned,low,none,,,False,,liu2014,database_prediction,,10.1186/1752-0509-8-73,exact,direct AO090 match in UniProt cross-reference,False,Q2UCY8,aor:AO090012000394,ko:K01874,5987890
AOC00506,AO090012000460,AO090012000460,,"DNA, SC012",secretory_client,,unassigned,low,Secretory clients are not assigned to machinery subsystems.,,unknown,unassigned,low,none,,,False,,liu2014,database_prediction,,10.1186/1752-0509-8-73,exact,direct AO090 match in UniProt cross-reference,False,Q2UCT0,aor:AO090012000460,ko:K03380,5987948
AOC00507,AO090012000465,AO090012000465,,"DNA, SC012",secretory_client,,unassigned,low,Secretory clients are not assigned to machinery subsystems.,,unknown,unassigned,low,none,,,False,,liu2014,database_prediction,,10.1186/1752-0509-8-73,exact,direct AO090 match in UniProt cross-reference,False,Q2UCS5,aor:AO090012000465,,5988445
AOC00508,AO090012000475,AO090012000475,,Diphthine methyl ester synthase (EC 2.1.1.314) (Diphthamide biosynthesis methyltransferase),secretory_client,,unassigned,low,Secretory clients are not assigned to machinery subsystems.,,unknown,unassigned,low,none,,,False,,liu2014,database_prediction,,10.1186/1752-0509-8-73,exact,direct AO090 match in UniProt cross-reference,False,Q2UCR8,aor:AO090012000475,ko:K00586,
AOC00509,AO090012000515,AO090012000515,,"DNA, SC012",secretory_client,,unassigned,low,Secretory clients are not assigned to machinery subsystems.,,unknown,unassigned,low,none,,,False,,liu2014,database_prediction,,10.1186/1752-0509-8-73,exact,direct AO090 match in UniProt cross-reference,False,Q2UCN5,aor:AO090012000515,ko:K20042,5987994
AOC00510,AO090012000572,AO090012000572,,"DNA, SC012",secretory_client,,unassigned,low,Secretory clients are not assigned to machinery subsystems.,,unknown,unassigned,low,none,,,False,,liu2014,database_prediction,,10.1186/1752-0509-8-73,exact,direct AO090 match in UniProt cross-reference,False,Q2UCI7,aor:AO090012000572,,5988041
AOC00511,AO090012000598,AO090012000598,,"DNA, SC012",secretory_client,,unassigned,low,Secretory clients are not assigned to machinery subsystems.,,unknown,unassigned,low,none,,,False,,liu2014,database_prediction,,10.1186/1752-0509-8-73,exact,direct AO090 match in UniProt cross-reference,False,Q2UCG5,aor:AO090012000598,,5988063
AOC00512,AO090012000614,AO090012000614,,"DNA, SC012",secretory_client,,unassigned,low,Secretory clients are not assigned to machinery subsystems.,,unknown,unassigned,low,none,,,False,,liu2014,database_prediction,,10.1186/1752-0509-8-73,exact,direct AO090 match in UniProt cross-reference,False,Q2UCF3,aor:AO090012000614,,5988075
AOC00513,AO090012000639,AO090012000639,,"DNA, SC012",secretory_client,,unassigned,low,Secretory clients are not assigned to machinery subsystems.,,unknown,unassigned,low,none,,,False,,liu2014,database_prediction,,10.1186/1752-0509-8-73,exact,direct AO090 match in UniProt cross-reference,False,Q2UCD2,aor:AO090012000639,,5988096
AOC00514,AO090012000647,AO090012000647,,"DNA, SC012",secretory_client,,unassigned,low,Secretory clients are not assigned to machinery subsystems.,,unknown,unassigned,low,none,,,False,,liu2014,database_prediction,,10.1186/1752-0509-8-73,exact,direct AO090 match in UniProt cross-reference,False,Q2UCC6,aor:AO090012000647,ko:K15456,5988102
AOC00515,AO090012000659,AO090012000659,,"DNA, SC012",secretory_client,,unassigned,low,Secretory clients are not assigned to machinery subsystems.,,unknown,unassigned,low,none,,,False,,liu2014,database_prediction,,10.1186/1752-0509-8-73,exact,direct AO090 match in UniProt cross-reference,False,Q2UCB8,aor:AO090012000659,,5988110
AOC00516,AO090012000662,AO090012000662,,"DNA, SC012",secretory_client,,unassigned,low,Secretory clients are not assigned to machinery subsystems.,,unknown,unassigned,low,none,,,False,,liu2014,database_prediction,,10.1186/1752-0509-8-73,exact,direct AO090 match in UniProt cross-reference,False,Q2UCB5,aor:AO090012000662,,5988113
AOC00517,AO090012000673,AO090012000673,,"DNA, SC012",secretory_client,,unassigned,low,Secretory clients are not assigned to machinery subsystems.,,unknown,unassigned,low,none,,,False,,liu2014,database_prediction,,10.1186/1752-0509-8-73,exact,direct AO090 match in UniProt cross-reference,False,Q2UCA6,aor:AO090012000673,,5988122
AOC00518,AO090012000705,AO090012000705,,"DNA, SC012",secretory_client,,unassigned,low,Secretory clients are not assigned to machinery subsystems.,,unknown,unassigned,low,none,,,False,,liu2014,database_prediction,,10.1186/1752-0509-8-73,exact,direct AO090 match in UniProt cross-reference,False,Q2UC78,aor:AO090012000705,,5988150
AOC00519,AO090012000715,AO090012000715,,acetyl-CoA C-acyltransferase (EC 2.3.1.16),secretory_client,,unassigned,low,Secretory clients are not assigned to machinery subsystems.,,unknown,unassigned,low,none,,,False,,liu2014,database_prediction,,10.1186/1752-0509-8-73,exact,direct AO090 match in UniProt cross-reference,False,Q2UC70,aor:AO090012000715,ko:K07513,
AOC00520,AO090012000718,AO090012000718,,"DNA, SC012",secretory_client,,unassigned,low,Secretory clients are not assigned to machinery subsystems.,,unknown,unassigned,low,none,,,False,,liu2014,database_prediction,,10.1186/1752-0509-8-73,exact,direct AO090 match in UniProt cross-reference,False,Q2UC67,aor:AO090012000718,ko:K19839,5988161
AOC00521,AO090012000735,AO090012000735,,"DNA, SC012",secretory_client,,unassigned,low,Secretory clients are not assigned to machinery subsystems.,,unknown,unassigned,low,none,,,False,,liu2014,database_prediction,,10.1186/1752-0509-8-73,exact,direct AO090 match in UniProt cross-reference,False,Q2UC54,aor:AO090012000735,,5988174
AOC00522,AO090012000748,AO090012000748,,"DNA, SC012",secretory_client,,unassigned,low,Secretory clients are not assigned to machinery subsystems.,,unknown,unassigned,low,none,,,False,,liu2014,database_prediction,,10.1186/1752-0509-8-73,exact,direct AO090 match in UniProt cross-reference,False,Q2UC43,aor:AO090012000748,,5988185
AOC00523,AO090012000759,AO090012000759,,"DNA, SC012",secretory_client,,unassigned,low,Secretory clients are not assigned to machinery subsystems.,,unknown,unassigned,low,none,,,False,,liu2014,database_prediction,,10.1186/1752-0509-8-73,exact,direct AO090 match in UniProt cross-reference,False,Q2UC35,aor:AO090012000759,,5988457
AOC00524,AO090012000788,AO090012000788,,"DNA, SC012",secretory_client,,unassigned,low,Secretory clients are not assigned to machinery subsystems.,,unknown,unassigned,low,none,,,False,,liu2014,database_prediction,,10.1186/1752-0509-8-73,exact,direct AO090 match in UniProt cross-reference,False,Q2UC12,aor:AO090012000788,,5988216
AOC00525,AO090012000802,AO090012000802,,"DNA, SC012",secretory_client,,unassigned,low,Secretory clients are not assigned to machinery subsystems.,,unknown,unassigned,low,none,,,False,,liu2014,database_prediction,,10.1186/1752-0509-8-73,exact,direct AO090 match in UniProt cross-reference,False,Q2UBZ8,aor:AO090012000802,,5988230
AOC00526,AO090012000804,AO090012000804,,"DNA, SC012",secretory_client,,unassigned,low,Secretory clients are not assigned to machinery subsystems.,,unknown,unassigned,low,none,,,False,,liu2014,database_prediction,,10.1186/1752-0509-8-73,exact,direct AO090 match in UniProt cross-reference,False,Q2UBZ6,aor:AO090012000804,,5988232
AOC00527,AO090012000830,AO090012000830,,"DNA, SC012",secretory_client,,unassigned,low,Secretory clients are not assigned to machinery subsystems.,,unknown,unassigned,low,none,,,False,,liu2014,database_prediction,,10.1186/1752-0509-8-73,exact,direct AO090 match in UniProt cross-reference,False,Q2UBX1,aor:AO090012000830,ko:K08900,5988257
AOC00528,AO090012000842,AO090012000842,,"DNA, SC012",secretory_client,,unassigned,low,Secretory clients are not assigned to machinery subsystems.,,unknown,unassigned,low,none,,,False,,liu2014,database_prediction,,10.1186/1752-0509-8-73,exact,direct AO090 match in UniProt cross-reference,False,Q2UBV9,aor:AO090012000842,ko:K19881,5988269
AOC00529,AO090012000845,AO090012000845,,"DNA, SC012",secretory_client,,unassigned,low,Secretory clients are not assigned to machinery subsystems.,,unknown,unassigned,low,none,,,False,,liu2014,database_prediction,,10.1186/1752-0509-8-73,exact,direct AO090 match in UniProt cross-reference,False,Q2UBV6,aor:AO090012000845,,5988272
AOC00530,AO090012000852,AO090012000852,,"DNA, SC012",secretory_client,,unassigned,low,Secretory clients are not assigned to machinery subsystems.,,unknown,unassigned,low,none,,,False,,liu2014,database_prediction,,10.1186/1752-0509-8-73,exact,direct AO090 match in UniProt cross-reference,False,Q2UBV0,aor:AO090012000852,,5988278
AOC00531,AO090012000859,AO090012000859,,"DNA, SC012",secretory_client,,unassigned,low,Secretory clients are not assigned to machinery subsystems.,,unknown,unassigned,low,none,,,False,,liu2014,database_prediction,,10.1186/1752-0509-8-73,exact,direct AO090 match in UniProt cross-reference,False,Q2UBU6,aor:AO090012000859,,5988282
AOC00532,AO090012000883,AO090012000883,,"DNA, SC012",secretory_client,,unassigned,low,Secretory clients are not assigned to machinery subsystems.,,unknown,unassigned,low,none,,,False,,liu2014,database_prediction,,10.1186/1752-0509-8-73,exact,direct AO090 match in UniProt cross-reference,False,Q2UBS7,aor:AO090012000883,,5988301
AOC00533,AO090012000885,AO090012000885,,"DNA, SC012",secretory_client,,unassigned,low,Secretory clients are not assigned to machinery subsystems.,,unknown,unassigned,low,none,,,False,,liu2014,database_prediction,,10.1186/1752-0509-8-73,exact,direct AO090 match in UniProt cross-reference,False,Q2UBS5,aor:AO090012000885,,5988303
AOC00534,AO090012000915,AO090012000915,,"DNA, SC012",secretory_client,,unassigned,low,Secretory clients are not assigned to machinery subsystems.,,unknown,unassigned,low,none,,,False,,liu2014,database_prediction,,10.1186/1752-0509-8-73,exact,direct AO090 match in UniProt cross-reference,False,Q2UBP9,aor:AO090012000915,,5988329
AOC00535,AO090012000921,AO090012000921,,"DNA, SC012",secretory_client,,unassigned,low,Secretory clients are not assigned to machinery subsystems.,,unknown,unassigned,low,none,,,False,,liu2014,database_prediction,,10.1186/1752-0509-8-73,exact,direct AO090 match in UniProt cross-reference,False,Q2UBP3,aor:AO090012000921,,5988335
AOC00536,AO090012000928,AO090012000928,,Translation initiation factor eIF2B subunit beta (eIF2B GDP-GTP exchange factor subunit beta),secretory_client,,unassigned,low,Secretory clients are not assigned to machinery subsystems.,,unknown,unassigned,low,none,,,False,,liu2014,database_prediction,,10.1186/1752-0509-8-73,exact,direct AO090 match in UniProt cross-reference,False,Q2UBN6,aor:AO090012000928,ko:K03754,5988342
AOC00537,AO090012000936,AO090012000936,,"DNA, SC012",secretory_client,,unassigned,low,Secretory clients are not assigned to machinery subsystems.,,unknown,unassigned,low,none,,,False,,liu2014,database_prediction,,10.1186/1752-0509-8-73,exact,direct AO090 match in UniProt cross-reference,False,Q2UBM8,aor:AO090012000936,,5988350
AOC00538,AO090012000939,AO090012000939,,"DNA, SC012",secretory_client,,unassigned,low,Secretory clients are not assigned to machinery subsystems.,,unknown,unassigned,low,none,,,False,,liu2014,database_prediction,,10.1186/1752-0509-8-73,exact,direct AO090 match in UniProt cross-reference,False,Q2UBM5,aor:AO090012000939,,5988353
AOC00539,AO090012000940,AO090012000940,jip5,WD repeat-containing protein jip5,secretory_client,,unassigned,low,Secretory clients are not assigned to machinery subsystems.,,unknown,unassigned,low,none,,,False,,liu2014,database_prediction,,10.1186/1752-0509-8-73,exact,direct AO090 match in UniProt cross-reference,False,Q2UBM4,aor:AO090012000940,ko:K24750,5988354
AOC00540,AO090012000942,AO090012000942,,"DNA, SC012",secretory_client,,unassigned,low,Secretory clients are not assigned to machinery subsystems.,,unknown,unassigned,low,none,,,False,,liu2014,database_prediction,,10.1186/1752-0509-8-73,exact,direct AO090 match in UniProt cross-reference,False,Q2UBM2,aor:AO090012000942,,35119705
AOC00541,AO090012000943,AO090012000943,atg5,Autophagy protein 5,secretory_client,,unassigned,low,Secretory clients are not assigned to machinery subsystems.,,unknown,unassigned,low,none,,,False,,liu2014,database_prediction,,10.1186/1752-0509-8-73,exact,direct AO090 match in UniProt cross-reference,False,Q2UBM1,,ko:K08339,
AOC00542,AO090012000957,AO090012000957,,"DNA, SC012",secretory_client,,unassigned,low,Secretory clients are not assigned to machinery subsystems.,,unknown,unassigned,low,none,,,False,,liu2014,database_prediction,,10.1186/1752-0509-8-73,exact,direct AO090 match in UniProt cross-reference,False,Q2UBK9,aor:AO090012000957,ko:K23336,5988369
AOC00543,AO090012000959,AO090012000959,,"DNA, SC012",secretory_client,,unassigned,low,Secretory clients are not assigned to machinery subsystems.,,unknown,unassigned,low,none,,,False,,liu2014,database_prediction,,10.1186/1752-0509-8-73,exact,direct AO090 match in UniProt cross-reference,False,Q2UBK7,aor:AO090012000959,ko:K15442,5988371
AOC00544,AO090023000682,AO090023000682,,Phospho-2-dehydro-3-deoxyheptonate aldolase (EC 2.5.1.54),secretory_client,,unassigned,low,Secretory clients are not assigned to machinery subsystems.,,unknown,unassigned,low,none,,,True,down,liu2014,database_prediction,,10.1186/1752-0509-8-73,exact,direct AO090 match in UniProt cross-reference,False,Q2UGW7,aor:AO090023000682,ko:K01626,5993202
AOC00545,AO090012001005,AO090012001005,,"DNA, SC012",secretory_client,,unassigned,low,Secretory clients are not assigned to machinery subsystems.,,unknown,unassigned,low,none,,,False,,liu2014,database_prediction,,10.1186/1752-0509-8-73,exact,direct AO090 match in UniProt cross-reference,False,Q2UBG9,aor:AO090012001005,ko:K03038,
AOC00546,AO090020000002,AO090020000002,,"DNA, SC020",secretory_client,,unassigned,low,Secretory clients are not assigned to machinery subsystems.,,unknown,unassigned,low,none,,,False,,liu2014,database_prediction,,10.1186/1752-0509-8-73,exact,direct AO090 match in UniProt cross-reference,False,Q2U5B3,aor:AO090020000002,ko:K10301,5997090
AOC00547,AO090701000057,AO090701000057,,aminodeoxychorismate synthase (EC 2.6.1.85) (Para-aminobenzoate synthase) (p-aminobenzoic acid synthase),secretory_client,,unassigned,low,Secretory clients are not assigned to machinery subsystems.,,unknown,unassigned,low,none,,,True,down,liu2014,database_prediction,,10.1186/1752-0509-8-73,exact,direct AO090 match in UniProt cross-reference,False,Q2U9E8,aor:AO090701000057,ko:K13950,
AOC00548,AO090020000029,AO090020000029,,"DNA, SC020",secretory_client,,unassigned,low,Secretory clients are not assigned to machinery subsystems.,,unknown,unassigned,low,none,,,False,,liu2014,database_prediction,,10.1186/1752-0509-8-73,exact,direct AO090 match in UniProt cross-reference,False,Q2U589,aor:AO090020000029,,5996494
AOC00549,AO090020000033,AO090020000033,,"DNA, SC020",secretory_client,,unassigned,low,Secretory clients are not assigned to machinery subsystems.,,unknown,unassigned,low,none,,,False,,liu2014,database_prediction,,10.1186/1752-0509-8-73,exact,direct AO090 match in UniProt cross-reference,False,Q2U585,aor:AO090020000033,,5996499
AOC00550,AO090020000041,AO090020000041,,Nicotinate-nucleotide pyrophosphorylase [carboxylating] (EC 2.4.2.19) (Quinolinate phosphoribosyltransferase [decarboxylating]),secretory_client,,unassigned,low,Secretory clients are not assigned to machinery subsystems.,,unknown,unassigned,low,none,,,False,,liu2014,database_prediction,,10.1186/1752-0509-8-73,exact,direct AO090 match in UniProt cross-reference,False,Q2U577,aor:AO090020000041,ko:K00767,5996507
AOC00551,AO090020000049,AO090020000049,,"DNA, SC020",secretory_client,,unassigned,low,Secretory clients are not assigned to machinery subsystems.,,unknown,unassigned,low,none,,,False,,liu2014,database_prediction,,10.1186/1752-0509-8-73,exact,direct AO090 match in UniProt cross-reference,False,Q2U569,aor:AO090020000049,,5996515
AOC00552,AO090020000066,AO090020000066,,"DNA, SC020",secretory_client,,unassigned,low,Secretory clients are not assigned to machinery subsystems.,,unknown,unassigned,low,none,,,False,,liu2014,database_prediction,,10.1186/1752-0509-8-73,exact,direct AO090 match in UniProt cross-reference,False,Q2U555,aor:AO090020000066,,5996529
AOC00553,AO090020000072,AO090020000072,,"DNA, SC020",secretory_client,,unassigned,low,Secretory clients are not assigned to machinery subsystems.,,unknown,unassigned,low,none,,,False,,liu2014,database_prediction,,10.1186/1752-0509-8-73,exact,direct AO090 match in UniProt cross-reference,False,Q2U550,aor:AO090020000072,,5996534
AOC00554,AO090020000086,AO090020000086,,"DNA, SC020",secretory_client,,unassigned,low,Secretory clients are not assigned to machinery subsystems.,,unknown,unassigned,low,none,,,False,,liu2014,database_prediction,,10.1186/1752-0509-8-73,exact,direct AO090 match in UniProt cross-reference,False,Q2U539,aor:AO090020000086,ko:K29087,5996545
AOC00555,AO090020000111,AO090020000111,,"DNA, SC020",secretory_client,,unassigned,low,Secretory clients are not assigned to machinery subsystems.,,unknown,unassigned,low,none,,,False,,liu2014,database_prediction,,10.1186/1752-0509-8-73,exact,direct AO090 match in UniProt cross-reference,False,Q2U521,aor:AO090020000111,,5996563
AOC00556,AO090020000130,AO090020000130,,"DNA, SC020",secretory_client,,unassigned,low,Secretory clients are not assigned to machinery subsystems.,,unknown,unassigned,low,none,,,False,,liu2014,database_prediction,,10.1186/1752-0509-8-73,exact,direct AO090 match in UniProt cross-reference,False,Q2U506,aor:AO090020000130,,5996578
AOC00557,AO090020000146,AO090020000146,AIM11,Altered inheritance of mitochondria protein 11,secretory_client,,unassigned,low,Secretory clients are not assigned to machinery subsystems.,,unknown,unassigned,low,none,,,False,,liu2014,database_prediction,,10.1186/1752-0509-8-73,exact,direct AO090 match in UniProt cross-reference,False,Q2U4Z0,aor:AO090020000146,,5996594
AOC00558,AO090020000156,AO090020000156,,"DNA, SC020",secretory_client,,unassigned,low,Secretory clients are not assigned to machinery subsystems.,,unknown,unassigned,low,none,,,False,,liu2014,database_prediction,,10.1186/1752-0509-8-73,exact,direct AO090 match in UniProt cross-reference,False,Q2U4Y2,aor:AO090020000156,,5996602
AOC00559,AO090020000186,AO090020000186,,"DNA, SC020",secretory_client,,unassigned,low,Secretory clients are not assigned to machinery subsystems.,,unknown,unassigned,low,none,,,False,,liu2014,database_prediction,,10.1186/1752-0509-8-73,exact,direct AO090 match in UniProt cross-reference,False,Q2U4V7,aor:AO090020000186,,10100252
AOC00560,AO090020000222,AO090020000222,,"DNA, SC020",secretory_client,,unassigned,low,Secretory clients are not assigned to machinery subsystems.,,unknown,unassigned,low,none,,,False,,liu2014,database_prediction,,10.1186/1752-0509-8-73,exact,direct AO090 match in UniProt cross-reference,False,Q2U4S5,aor:AO090020000222,,5996659
AOC00561,AO090020000226,AO090020000226,,"DNA, SC020",secretory_client,,unassigned,low,Secretory clients are not assigned to machinery subsystems.,,unknown,unassigned,low,none,,,False,,liu2014,database_prediction,,10.1186/1752-0509-8-73,exact,direct AO090 match in UniProt cross-reference,False,Q2U4S1,aor:AO090020000226,,5996663
AOC00562,AO090020000229,AO090020000229,,"DNA, SC020",secretory_client,,unassigned,low,Secretory clients are not assigned to machinery subsystems.,,unknown,unassigned,low,none,,,False,,liu2014,database_prediction,,10.1186/1752-0509-8-73,exact,direct AO090 match in UniProt cross-reference,False,Q2U4R8,aor:AO090020000229,,5996666
AOC00563,AO090020000238,AO090020000238,,"DNA, SC020",secretory_client,,unassigned,low,Secretory clients are not assigned to machinery subsystems.,,unknown,unassigned,low,none,,,False,,liu2014,database_prediction,,10.1186/1752-0509-8-73,exact,direct AO090 match in UniProt cross-reference,False,Q2U4R0,aor:AO090020000238,,5996674
AOC00564,AO090020000255,AO090020000255,,"DNA, SC020",secretory_client,,unassigned,low,Secretory clients are not assigned to machinery subsystems.,,unknown,unassigned,low,none,,,False,,liu2014,database_prediction,,10.1186/1752-0509-8-73,exact,direct AO090 match in UniProt cross-reference,False,Q2U4P5,aor:AO090020000255,,5996689
AOC00565,AO090020000261,AO090020000261,,"DNA, SC020",secretory_client,,unassigned,low,Secretory clients are not assigned to machinery subsystems.,,unknown,unassigned,low,none,,,False,,liu2014,database_prediction,,10.1186/1752-0509-8-73,exact,direct AO090 match in UniProt cross-reference,False,Q2U4P0,aor:AO090020000261,,5996694
AOC00566,AO090020000288,AO090020000288,,"DNA, SC020",secretory_client,,unassigned,low,Secretory clients are not assigned to machinery subsystems.,,unknown,unassigned,low,none,,,False,,liu2014,database_prediction,,10.1186/1752-0509-8-73,exact,direct AO090 match in UniProt cross-reference,False,Q2U4L8,aor:AO090020000288,ko:K01293,
AOC00567,AO090020000289,AO090020000289,gtaA,Glutaminase A (EC 3.5.1.2),secretory_client,,unassigned,low,Secretory clients are not assigned to machinery subsystems.,,unknown,unassigned,low,none,,,False,,liu2014,database_prediction,,10.1186/1752-0509-8-73,exact,direct AO090 match in UniProt cross-reference,False,Q2U4L7,aor:AO090020000289,,
AOC00568,AO090020000317,AO090020000317,,"DNA, SC020",secretory_client,,unassigned,low,Secretory clients are not assigned to machinery subsystems.,,unknown,unassigned,low,none,,,False,,liu2014,database_prediction,,10.1186/1752-0509-8-73,exact,direct AO090 match in UniProt cross-reference,False,Q2U4J5,aor:AO090020000317,,5996739
AOC00569,AO090020000322,AO090020000322,,"DNA, SC020",secretory_client,,unassigned,low,Secretory clients are not assigned to machinery subsystems.,,unknown,unassigned,low,none,,,False,,liu2014,database_prediction,,10.1186/1752-0509-8-73,exact,direct AO090 match in UniProt cross-reference,False,Q2U4J1,aor:AO090020000322,ko:K11377,5996743
AOC00570,AO090020000348,AO090020000348,,"DNA, SC020",secretory_client,,unassigned,low,Secretory clients are not assigned to machinery subsystems.,,unknown,unassigned,low,none,,,False,,liu2014,database_prediction,,10.1186/1752-0509-8-73,exact,direct AO090 match in UniProt cross-reference,False,Q2U4G9,aor:AO090020000348,,5996765
AOC00571,AO090020000361,AO090020000361,,"DNA, SC020",secretory_client,,unassigned,low,Secretory clients are not assigned to machinery subsystems.,,unknown,unassigned,low,none,,,False,,liu2014,database_prediction,,10.1186/1752-0509-8-73,exact,direct AO090 match in UniProt cross-reference,False,Q2U4F9,aor:AO090020000361,,5996775
AOC00572,AO090020000363,AO090020000363,,"DNA, SC020",secretory_client,,unassigned,low,Secretory clients are not assigned to machinery subsystems.,,unknown,unassigned,low,none,,,False,,liu2014,database_prediction,,10.1186/1752-0509-8-73,exact,direct AO090 match in UniProt cross-reference,False,Q2U4F7,aor:AO090020000363,,5996777
AOC00573,AO090020000374,AO090020000374,,"DNA, SC020",secretory_client,,unassigned,low,Secretory clients are not assigned to machinery subsystems.,,unknown,unassigned,low,none,,,False,,liu2014,database_prediction,,10.1186/1752-0509-8-73,exact,direct AO090 match in UniProt cross-reference,False,Q2U4E6,aor:AO090020000374,,5996788
AOC00574,AO090011000412,AO090011000412,hepE,Cytochrome P450 monooxygenase hepE (EC 1.-.-.-) (Heptelidic acid biosynthesis cluster protein E),secretory_client,,unassigned,low,Secretory clients are not assigned to machinery subsystems.,,unknown,unassigned,low,none,,,True,down,liu2014,database_prediction,,10.1186/1752-0509-8-73,exact,direct AO090 match in UniProt cross-reference,False,Q2U0J9,aor:AO090011000412,,5998152
AOC00575,AO090020000395,AO090020000395,,Phosphoribosylaminoimidazole-succinocarboxamide synthase (EC 6.3.2.6) (SAICAR synthetase),secretory_client,,unassigned,low,Secretory clients are not assigned to machinery subsystems.,,unknown,unassigned,low,none,,,False,,liu2014,database_prediction,,10.1186/1752-0509-8-73,exact,direct AO090 match in UniProt cross-reference,False,Q2U4C7,aor:AO090020000395,,10099873
AOC00576,AO090020000420,AO090020000420,,"DNA, SC020",secretory_client,,unassigned,low,Secretory clients are not assigned to machinery subsystems.,,unknown,unassigned,low,none,,,False,,liu2014,database_prediction,,10.1186/1752-0509-8-73,exact,direct AO090 match in UniProt cross-reference,False,Q2U4A6,aor:AO090020000420,,5996828
AOC00577,AO090020000428,AO090020000428,,"DNA, SC020",secretory_client,,unassigned,low,Secretory clients are not assigned to machinery subsystems.,,unknown,unassigned,low,none,,,False,,liu2014,database_prediction,,10.1186/1752-0509-8-73,exact,direct AO090 match in UniProt cross-reference,False,Q2U499,aor:AO090020000428,ko:K19828,5996835
AOC00578,AO090020000439,AO090020000439,,"DNA, SC020",secretory_client,,unassigned,low,Secretory clients are not assigned to machinery subsystems.,,unknown,unassigned,low,none,,,False,,liu2014,database_prediction,,10.1186/1752-0509-8-73,exact,direct AO090 match in UniProt cross-reference,False,Q2U489,aor:AO090020000439,,5996845
AOC00579,AO090020000446,AO090020000446,,"DNA, SC020",secretory_client,,unassigned,low,Secretory clients are not assigned to machinery subsystems.,,unknown,unassigned,low,none,,,False,,liu2014,database_prediction,,10.1186/1752-0509-8-73,exact,direct AO090 match in UniProt cross-reference,False,Q2U483,aor:AO090020000446,,5996851
AOC00580,AO090020000476,AO090020000476,,"DNA, SC020",secretory_client,,unassigned,low,Secretory clients are not assigned to machinery subsystems.,,unknown,unassigned,low,none,,,False,,liu2014,database_prediction,,10.1186/1752-0509-8-73,exact,direct AO090 match in UniProt cross-reference,False,Q2U463,aor:AO090020000476,,5996872
AOC00581,AO090020000478,AO090020000478,,"DNA, SC020",secretory_client,,unassigned,low,Secretory clients are not assigned to machinery subsystems.,,unknown,unassigned,low,none,,,False,,liu2014,database_prediction,,10.1186/1752-0509-8-73,exact,direct AO090 match in UniProt cross-reference,False,Q2U461,aor:AO090020000478,,5997087
AOC00582,AO090020000483,AO090020000483,,"DNA, SC020",secretory_client,,unassigned,low,Secretory clients are not assigned to machinery subsystems.,,unknown,unassigned,low,none,,,False,,liu2014,database_prediction,,10.1186/1752-0509-8-73,exact,direct AO090 match in UniProt cross-reference,False,Q2U458,aor:AO090020000483,,5996876
AOC00583,AO090020000491,AO090020000491,,"DNA, SC020",secretory_client,,unassigned,low,Secretory clients are not assigned to machinery subsystems.,,unknown,unassigned,low,none,,,False,,liu2014,database_prediction,,10.1186/1752-0509-8-73,exact,direct AO090 match in UniProt cross-reference,False,Q2U452,aor:AO090020000491,ko:K07836,5996882
AOC00584,AO090020000499,AO090020000499,,"DNA, SC020",secretory_client,,unassigned,low,Secretory clients are not assigned to machinery subsystems.,,unknown,unassigned,low,none,,,False,,liu2014,database_prediction,,10.1186/1752-0509-8-73,exact,direct AO090 match in UniProt cross-reference,False,Q2U445,aor:AO090020000499,,5996889
AOC00585,AO090020000529,AO090020000529,,"DNA, SC020",secretory_client,,unassigned,low,Secretory clients are not assigned to machinery subsystems.,,unknown,unassigned,low,none,,,False,,liu2014,database_prediction,,10.1186/1752-0509-8-73,exact,direct AO090 match in UniProt cross-reference,False,Q2U418,aor:AO090020000529,,5996916
AOC00586,AO090020000535,AO090020000535,,"DNA, SC020",secretory_client,,unassigned,low,Secretory clients are not assigned to machinery subsystems.,,unknown,unassigned,low,none,,,False,,liu2014,database_prediction,,10.1186/1752-0509-8-73,exact,direct AO090 match in UniProt cross-reference,False,Q2U413,aor:AO090020000535,,5996921
AOC00587,AO090020000550,AO090020000550,,"DNA, SC020",secretory_client,,unassigned,low,Secretory clients are not assigned to machinery subsystems.,,unknown,unassigned,low,none,,,False,,liu2014,database_prediction,,10.1186/1752-0509-8-73,exact,direct AO090 match in UniProt cross-reference,False,Q2U400,aor:AO090020000550,,5996934
AOC00588,AO090020000564,AO090020000564,,"DNA, SC020",secretory_client,,unassigned,low,Secretory clients are not assigned to machinery subsystems.,,unknown,unassigned,low,none,,,False,,liu2014,database_prediction,,10.1186/1752-0509-8-73,exact,direct AO090 match in UniProt cross-reference,False,Q2U3Y7,aor:AO090020000564,,5996947
AOC00589,AO090020000566,AO090020000566,,"DNA, SC020",secretory_client,,unassigned,low,Secretory clients are not assigned to machinery subsystems.,,unknown,unassigned,low,none,,,False,,liu2014,database_prediction,,10.1186/1752-0509-8-73,exact,direct AO090 match in UniProt cross-reference,False,Q2U3Y5,aor:AO090020000566,,5996949
AOC00590,AO090020000610,AO090020000610,,"DNA, SC020",secretory_client,,unassigned,low,Secretory clients are not assigned to machinery subsystems.,,unknown,unassigned,low,none,,,False,,liu2014,database_prediction,,10.1186/1752-0509-8-73,exact,direct AO090 match in UniProt cross-reference,False,Q2U3U8,aor:AO090020000610,,5996986
AOC00591,AO090020000616,AO090020000616,,"DNA, SC020",secretory_client,,unassigned,low,Secretory clients are not assigned to machinery subsystems.,,unknown,unassigned,low,none,,,False,,liu2014,database_prediction,,10.1186/1752-0509-8-73,exact,direct AO090 match in UniProt cross-reference,False,Q2U3U3,aor:AO090020000616,,5996991
AOC00592,AO090020000628,AO090020000628,,"DNA, SC020",secretory_client,,unassigned,low,Secretory clients are not assigned to machinery subsystems.,,unknown,unassigned,low,none,,,False,,liu2014,database_prediction,,10.1186/1752-0509-8-73,exact,direct AO090 match in UniProt cross-reference,False,Q2U3T2,aor:AO090020000628,,5997002
AOC00593,AO090020000640,AO090020000640,,"DNA, SC020",secretory_client,,unassigned,low,Secretory clients are not assigned to machinery subsystems.,,unknown,unassigned,low,none,,,False,,liu2014,database_prediction,,10.1186/1752-0509-8-73,exact,direct AO090 match in UniProt cross-reference,False,Q2U3S3,aor:AO090020000640,ko:K01193,5997011
AOC00594,AO090020000645,AO090020000645,,"DNA, SC020",secretory_client,,unassigned,low,Secretory clients are not assigned to machinery subsystems.,,unknown,unassigned,low,none,,,False,,liu2014,database_prediction,,10.1186/1752-0509-8-73,exact,direct AO090 match in UniProt cross-reference,False,Q2U3R9,aor:AO090020000645,,5997015
AOC00595,AO090020000646,AO090020000646,,"DNA, SC020",secretory_client,,unassigned,low,Secretory clients are not assigned to machinery subsystems.,,unknown,unassigned,low,none,,,False,,liu2014,database_prediction,,10.1186/1752-0509-8-73,exact,direct AO090 match in UniProt cross-reference,False,Q2U3R8,aor:AO090020000646,,10099618
AOC00596,AO090020000680,AO090020000680,,"DNA, SC020",secretory_client,,unassigned,low,Secretory clients are not assigned to machinery subsystems.,,unknown,unassigned,low,none,,,False,,liu2014,database_prediction,,10.1186/1752-0509-8-73,exact,direct AO090 match in UniProt cross-reference,False,Q2U3P2,aor:AO090020000680,,5997042
AOC00597,AO090020000684,AO090020000684,,"DNA, SC020",secretory_client,,unassigned,low,Secretory clients are not assigned to machinery subsystems.,,unknown,unassigned,low,none,,,False,,liu2014,database_prediction,,10.1186/1752-0509-8-73,exact,direct AO090 match in UniProt cross-reference,False,Q2U3N8,aor:AO090020000684,,5997046
AOC00598,AO090020000713,AO090020000713,,"DNA, SC020",secretory_client,,unassigned,low,Secretory clients are not assigned to machinery subsystems.,,unknown,unassigned,low,none,,,False,,liu2014,database_prediction,,10.1186/1752-0509-8-73,exact,direct AO090 match in UniProt cross-reference,False,Q2U3L0,aor:AO090020000713,,5997074
AOC00599,AO090020000714,AO090020000714,,"DNA, SC020",secretory_client,,unassigned,low,Secretory clients are not assigned to machinery subsystems.,,unknown,unassigned,low,none,,,False,,liu2014,database_prediction,,10.1186/1752-0509-8-73,exact,direct AO090 match in UniProt cross-reference,False,Q2U3K9,aor:AO090020000714,,5997075
AOC00600,AO090023000018,AO090023000018,,"DNA, SC023",secretory_client,,unassigned,low,Secretory clients are not assigned to machinery subsystems.,,unknown,unassigned,low,none,,,False,,liu2014,database_prediction,,10.1186/1752-0509-8-73,exact,direct AO090 match in UniProt cross-reference,False,Q2UIK7,aor:AO090023000018,,5992612
AOC00601,AO090023000025,AO090023000025,,"DNA, SC023",secretory_client,,unassigned,low,Secretory clients are not assigned to machinery subsystems.,,unknown,unassigned,low,none,,,False,,liu2014,database_prediction,,10.1186/1752-0509-8-73,exact,direct AO090 match in UniProt cross-reference,False,Q2UIK1,aor:AO090023000025,,5992618
AOC00602,AO090023000035,AO090023000035,,"DNA, SC023",secretory_client,,unassigned,low,Secretory clients are not assigned to machinery subsystems.,,unknown,unassigned,low,none,,,False,,liu2014,database_prediction,,10.1186/1752-0509-8-73,exact,direct AO090 match in UniProt cross-reference,False,Q2UIJ2,aor:AO090023000035,,5992627
AOC00603,AO090023000045,AO090023000045,,"DNA, SC023",secretory_client,,unassigned,low,Secretory clients are not assigned to machinery subsystems.,,unknown,unassigned,low,none,,,False,,liu2014,database_prediction,,10.1186/1752-0509-8-73,exact,direct AO090 match in UniProt cross-reference,False,Q2UII3,aor:AO090023000045,,5992636
AOC00604,AO090023000074,AO090023000074,,"DNA, SC023",secretory_client,,unassigned,low,Secretory clients are not assigned to machinery subsystems.,,unknown,unassigned,low,none,,,False,,liu2014,database_prediction,,10.1186/1752-0509-8-73,exact,direct AO090 match in UniProt cross-reference,False,Q2UIF5,aor:AO090023000074,,5992664
AOC00605,AO090023000083,AO090023000083,,"Probable endo-1,3(4)-beta-glucanase AO090023000083 (EC 3.2.1.6) (Mixed-linked glucanase AO090023000083)",secretory_client,,unassigned,low,Secretory clients are not assigned to machinery subsystems.,,unknown,unassigned,low,none,,,False,,liu2014,database_prediction,,10.1186/1752-0509-8-73,exact,direct AO090 match in UniProt cross-reference,False,Q2UIE6,aor:AO090023000083,,
AOC00606,AO090023000085,AO090023000085,,"DNA, SC023",secretory_client,,unassigned,low,Secretory clients are not assigned to machinery subsystems.,,unknown,unassigned,low,none,,,False,,liu2014,database_prediction,,10.1186/1752-0509-8-73,exact,direct AO090 match in UniProt cross-reference,False,Q2UIE5,aor:AO090023000085,,10100111
AOC00607,AO090023000098,AO090023000098,,"DNA, SC023",secretory_client,,unassigned,low,Secretory clients are not assigned to machinery subsystems.,,unknown,unassigned,low,none,,,False,,liu2014,database_prediction,,10.1186/1752-0509-8-73,exact,direct AO090 match in UniProt cross-reference,False,Q2UID5,aor:AO090023000098,,5992684
AOC00608,AO090023000108,AO090023000108,,Coronin,secretory_client,,unassigned,low,Secretory clients are not assigned to machinery subsystems.,,unknown,unassigned,low,none,,,False,,liu2014,database_prediction,,10.1186/1752-0509-8-73,exact,direct AO090 match in UniProt cross-reference,False,Q2UIC8,aor:AO090023000108,ko:K13886,5992691
AOC00609,AO090023000111,AO090023000111,,Fatty acyl-CoA reductase (EC 1.2.1.84),secretory_client,,unassigned,low,Secretory clients are not assigned to machinery subsystems.,,unknown,unassigned,low,none,,,False,,liu2014,database_prediction,,10.1186/1752-0509-8-73,exact,direct AO090 match in UniProt cross-reference,False,Q2UIC5,aor:AO090023000111,ko:K13356,5992694
AOC00610,AO090023000122,AO090023000122,,"DNA, SC023",secretory_client,,unassigned,low,Secretory clients are not assigned to machinery subsystems.,,unknown,unassigned,low,none,,,False,,liu2014,database_prediction,,10.1186/1752-0509-8-73,exact,direct AO090 match in UniProt cross-reference,False,Q2UIB5,aor:AO090023000122,,5992704
AOC00611,AO090023000129,AO090023000129,,"DNA, SC023",secretory_client,,unassigned,low,Secretory clients are not assigned to machinery subsystems.,,unknown,unassigned,low,none,,,False,,liu2014,database_prediction,,10.1186/1752-0509-8-73,exact,direct AO090 match in UniProt cross-reference,False,Q2UIA8,aor:AO090023000129,,5992711
AOC00612,AO090023000131,AO090023000131,,beta-N-acetylhexosaminidase (EC 3.2.1.52),secretory_client,,unassigned,low,Secretory clients are not assigned to machinery subsystems.,,unknown,unassigned,low,none,,,False,,liu2014,database_prediction,,10.1186/1752-0509-8-73,exact,direct AO090 match in UniProt cross-reference,False,Q2UIA6,aor:AO090023000131,ko:K12373,35119723
AOC00613,AO090023000151,AO090023000151,aglD,Probable alpha-galactosidase D (EC 3.2.1.22) (Melibiase D),secretory_client,,unassigned,low,Secretory clients are not assigned to machinery subsystems.,,unknown,unassigned,low,none,,,False,,liu2014,database_prediction,,10.1186/1752-0509-8-73,exact,direct AO090 match in UniProt cross-reference,False,Q2UI87,aor:AO090023000151,ko:K07407,5992732
AOC00614,AO090023000153,AO090023000153,,"DNA, SC023",secretory_client,,unassigned,low,Secretory clients are not assigned to machinery subsystems.,,unknown,unassigned,low,none,,,False,,liu2014,database_prediction,,10.1186/1752-0509-8-73,exact,direct AO090 match in UniProt cross-reference,False,Q2UI86,aor:AO090023000153,,5993506
AOC00615,AO090023000162,AO090023000162,,"DNA, SC023",secretory_client,,unassigned,low,Secretory clients are not assigned to machinery subsystems.,,unknown,unassigned,low,none,,,False,,liu2014,database_prediction,,10.1186/1752-0509-8-73,exact,direct AO090 match in UniProt cross-reference,False,Q2UI77,aor:AO090023000162,,5992742
AOC00616,AO090023000175,AO090023000175,,"DNA, SC023",secretory_client,,unassigned,low,Secretory clients are not assigned to machinery subsystems.,,unknown,unassigned,low,none,,,False,,liu2014,database_prediction,,10.1186/1752-0509-8-73,exact,direct AO090 match in UniProt cross-reference,False,Q2UI66,aor:AO090023000175,,5992753
AOC00617,AO090023000184,AO090023000184,,"DNA, SC023",secretory_client,,unassigned,low,Secretory clients are not assigned to machinery subsystems.,,unknown,unassigned,low,none,,,False,,liu2014,database_prediction,,10.1186/1752-0509-8-73,exact,direct AO090 match in UniProt cross-reference,False,Q2UI58,aor:AO090023000184,,5993507
AOC00618,AO090023000193,AO090023000193,,"DNA, SC023",secretory_client,,unassigned,low,Secretory clients are not assigned to machinery subsystems.,,unknown,unassigned,low,none,,,False,,liu2014,database_prediction,,10.1186/1752-0509-8-73,exact,direct AO090 match in UniProt cross-reference,False,Q2UI49,aor:AO090023000193,,5992770
AOC00619,AO090023000204,AO090023000204,,"DNA, SC023",secretory_client,,unassigned,low,Secretory clients are not assigned to machinery subsystems.,,unknown,unassigned,low,none,,,False,,liu2014,database_prediction,,10.1186/1752-0509-8-73,exact,direct AO090 match in UniProt cross-reference,False,Q2UI38,aor:AO090023000204,ko:K10639,5992781
AOC00620,AO090023000225,AO090023000225,,"DNA, SC023",secretory_client,,unassigned,low,Secretory clients are not assigned to machinery subsystems.,,unknown,unassigned,low,none,,,False,,liu2014,database_prediction,,10.1186/1752-0509-8-73,exact,direct AO090 match in UniProt cross-reference,False,Q2UI18,aor:AO090023000225,ko:K02608,5992801
AOC00621,AO090023000228,AO090023000228,,"DNA, SC023",secretory_client,,unassigned,low,Secretory clients are not assigned to machinery subsystems.,,unknown,unassigned,low,none,,,False,,liu2014,database_prediction,,10.1186/1752-0509-8-73,exact,direct AO090 match in UniProt cross-reference,False,Q2UI15,aor:AO090023000228,ko:K17263,
AOC00622,AO090023000229,AO090023000229,,"DNA, SC023",secretory_client,,unassigned,low,Secretory clients are not assigned to machinery subsystems.,,unknown,unassigned,low,none,,,False,,liu2014,database_prediction,,10.1186/1752-0509-8-73,exact,direct AO090 match in UniProt cross-reference,False,Q2UI14,aor:AO090023000229,ko:K14531,5992805
AOC00623,AO090023000246,AO090023000246,,"DNA, SC023",secretory_client,,unassigned,low,Secretory clients are not assigned to machinery subsystems.,,unknown,unassigned,low,none,,,False,,liu2014,database_prediction,,10.1186/1752-0509-8-73,exact,direct AO090 match in UniProt cross-reference,False,Q2UHZ8,aor:AO090023000246,,5992821
AOC00624,AO090023000258,AO090023000258,,"DNA, SC023",secretory_client,,unassigned,low,Secretory clients are not assigned to machinery subsystems.,,unknown,unassigned,low,none,,,False,,liu2014,database_prediction,,10.1186/1752-0509-8-73,exact,direct AO090 match in UniProt cross-reference,False,Q2UHY6,aor:AO090023000258,,5992833
AOC00625,AO090023000267,AO090023000267,,"DNA, SC023",secretory_client,,unassigned,low,Secretory clients are not assigned to machinery subsystems.,,unknown,unassigned,low,none,,,False,,liu2014,database_prediction,,10.1186/1752-0509-8-73,exact,direct AO090 match in UniProt cross-reference,False,Q2UHX8,aor:AO090023000267,,5992841
AOC00626,AO090023000279,AO090023000279,,"DNA, SC023",secretory_client,,unassigned,low,Secretory clients are not assigned to machinery subsystems.,,unknown,unassigned,low,none,,,False,,liu2014,database_prediction,,10.1186/1752-0509-8-73,exact,direct AO090 match in UniProt cross-reference,False,Q2UHX1,aor:AO090023000279,,5992848
AOC00627,AO090023000283,AO090023000283,,"DNA, SC023",secretory_client,,unassigned,low,Secretory clients are not assigned to machinery subsystems.,,unknown,unassigned,low,none,,,False,,liu2014,database_prediction,,10.1186/1752-0509-8-73,exact,direct AO090 match in UniProt cross-reference,False,Q2UHW7,aor:AO090023000283,,5992852
AOC00628,AO090023000290,AO090023000290,,"DNA, SC023",secretory_client,,unassigned,low,Secretory clients are not assigned to machinery subsystems.,,unknown,unassigned,low,none,,,False,,liu2014,database_prediction,,10.1186/1752-0509-8-73,exact,direct AO090 match in UniProt cross-reference,False,Q2UHW1,aor:AO090023000290,,5992858
AOC00629,AO090023000296,AO090023000296,,"DNA, SC023",secretory_client,,unassigned,low,Secretory clients are not assigned to machinery subsystems.,,unknown,unassigned,low,none,,,False,,liu2014,database_prediction,,10.1186/1752-0509-8-73,exact,direct AO090 match in UniProt cross-reference,False,Q2UHV5,aor:AO090023000296,,5992864
AOC00630,AO090003000416,AO090003000416,,"DNA, SC003",secretory_client,,unassigned,low,Secretory clients are not assigned to machinery subsystems.,,unknown,unassigned,low,none,,,True,down,liu2014,database_prediction,,10.1186/1752-0509-8-73,exact,direct AO090 match in UniProt cross-reference,False,Q2ULG9,aor:AO090003000416,ko:K16639,5991581
AOC00631,AO090023000328,AO090023000328,,"DNA, SC023",secretory_client,,unassigned,low,Secretory clients are not assigned to machinery subsystems.,,unknown,unassigned,low,none,,,False,,liu2014,database_prediction,,10.1186/1752-0509-8-73,exact,direct AO090 match in UniProt cross-reference,False,Q2UHS7,aor:AO090023000328,,35119725
AOC00632,AO090023000341,AO090023000341,,"DNA, SC023",secretory_client,,unassigned,low,Secretory clients are not assigned to machinery subsystems.,,unknown,unassigned,low,none,,,False,,liu2014,database_prediction,,10.1186/1752-0509-8-73,exact,direct AO090 match in UniProt cross-reference,False,Q2UHR6,aor:AO090023000341,,5992903
AOC00633,AO090023000350,AO090023000350,,"DNA, SC023",secretory_client,,unassigned,low,Secretory clients are not assigned to machinery subsystems.,,unknown,unassigned,low,none,,,False,,liu2014,database_prediction,,10.1186/1752-0509-8-73,exact,direct AO090 match in UniProt cross-reference,False,Q2UHQ8,aor:AO090023000350,,5992911
AOC00634,AO090023000353,AO090023000353,,"DNA, SC023",secretory_client,,unassigned,low,Secretory clients are not assigned to machinery subsystems.,,unknown,unassigned,low,none,,,False,,liu2014,database_prediction,,10.1186/1752-0509-8-73,exact,direct AO090 match in UniProt cross-reference,False,Q2UHQ5,aor:AO090023000353,ko:K00799,
AOC00635,AO090023000375,AO090023000375,,"DNA, SC023",secretory_client,,unassigned,low,Secretory clients are not assigned to machinery subsystems.,,unknown,unassigned,low,none,,,False,,liu2014,database_prediction,,10.1186/1752-0509-8-73,exact,direct AO090 match in UniProt cross-reference,False,Q2UHN6,aor:AO090023000375,,5992933
AOC00636,AO090023000382,AO090023000382,,"DNA, SC023",secretory_client,,unassigned,low,Secretory clients are not assigned to machinery subsystems.,,unknown,unassigned,low,none,,,False,,liu2014,database_prediction,,10.1186/1752-0509-8-73,exact,direct AO090 match in UniProt cross-reference,False,Q2UHN1,aor:AO090023000382,,5992938
AOC00637,AO090023000391,AO090023000391,,isopentenyl-diphosphate Delta-isomerase (EC 5.3.3.2),secretory_client,,unassigned,low,Secretory clients are not assigned to machinery subsystems.,,unknown,unassigned,low,none,,,False,,liu2014,database_prediction,,10.1186/1752-0509-8-73,exact,direct AO090 match in UniProt cross-reference,False,Q2UHM3,aor:AO090023000391,ko:K01823,5992946
AOC00638,AO090023000414,AO090023000414,,"DNA, SC023",secretory_client,,unassigned,low,Secretory clients are not assigned to machinery subsystems.,,unknown,unassigned,low,none,,,False,,liu2014,database_prediction,,10.1186/1752-0509-8-73,exact,direct AO090 match in UniProt cross-reference,False,Q2UHK2,aor:AO090023000414,,5992967
AOC00639,AO090023000430,AO090023000430,,Copper transport protein,secretory_client,,unassigned,low,Secretory clients are not assigned to machinery subsystems.,,unknown,unassigned,low,none,,,False,,liu2014,database_prediction,,10.1186/1752-0509-8-73,exact,direct AO090 match in UniProt cross-reference,False,Q2UHI8,aor:AO090023000430,,5992981
AOC00640,AO090023000432,AO090023000432,,"DNA, SC023",secretory_client,,unassigned,low,Secretory clients are not assigned to machinery subsystems.,,unknown,unassigned,low,none,,,False,,liu2014,database_prediction,,10.1186/1752-0509-8-73,exact,direct AO090 match in UniProt cross-reference,False,Q2UHI6,aor:AO090023000432,ko:K03380,5992983
AOC00641,AO090023000442,AO090023000442,,"DNA, SC023",secretory_client,,unassigned,low,Secretory clients are not assigned to machinery subsystems.,,unknown,unassigned,low,none,,,False,,liu2014,database_prediction,,10.1186/1752-0509-8-73,exact,direct AO090 match in UniProt cross-reference,False,Q2UHH7,aor:AO090023000442,,5993513
AOC00642,AO090023000464,AO090023000464,,"DNA, SC023",secretory_client,,unassigned,low,Secretory clients are not assigned to machinery subsystems.,,unknown,unassigned,low,none,,,False,,liu2014,database_prediction,,10.1186/1752-0509-8-73,exact,direct AO090 match in UniProt cross-reference,False,Q2UHF8,aor:AO090023000464,,5993011
AOC00643,AO090023000480,AO090023000480,,"DNA, SC023",secretory_client,,unassigned,low,Secretory clients are not assigned to machinery subsystems.,,unknown,unassigned,low,none,,,False,,liu2014,database_prediction,,10.1186/1752-0509-8-73,exact,direct AO090 match in UniProt cross-reference,False,Q2UHE4,aor:AO090023000480,,5993025
AOC00644,AO090023000495,AO090023000495,,"DNA, SC023",secretory_client,,unassigned,low,Secretory clients are not assigned to machinery subsystems.,,unknown,unassigned,low,none,,,False,,liu2014,database_prediction,,10.1186/1752-0509-8-73,exact,direct AO090 match in UniProt cross-reference,False,Q2UHC9,aor:AO090023000495,,5993040
AOC00645,AO090023000512,AO090023000512,,"DNA, SC023",secretory_client,,unassigned,low,Secretory clients are not assigned to machinery subsystems.,,unknown,unassigned,low,none,,,False,,liu2014,database_prediction,,10.1186/1752-0509-8-73,exact,direct AO090 match in UniProt cross-reference,False,Q2UHB5,aor:AO090023000512,,5993054
AOC00646,AO090023000515,AO090023000515,,"DNA, SC023",secretory_client,,unassigned,low,Secretory clients are not assigned to machinery subsystems.,,unknown,unassigned,low,none,,,False,,liu2014,database_prediction,,10.1186/1752-0509-8-73,exact,direct AO090 match in UniProt cross-reference,False,Q2UHB2,aor:AO090023000515,,10099940
AOC00647,AO090023000517,AO090023000517,,"DNA, SC023",secretory_client,,unassigned,low,Secretory clients are not assigned to machinery subsystems.,,unknown,unassigned,low,none,,,False,,liu2014,database_prediction,,10.1186/1752-0509-8-73,exact,direct AO090 match in UniProt cross-reference,False,Q2UHB0,aor:AO090023000517,,5993059
AOC00648,AO090023000519,AO090023000519,,"DNA, SC023",secretory_client,,unassigned,low,Secretory clients are not assigned to machinery subsystems.,,unknown,unassigned,low,none,,,False,,liu2014,database_prediction,,10.1186/1752-0509-8-73,exact,direct AO090 match in UniProt cross-reference,False,Q2UHA8,aor:AO090023000519,ko:K27804,5993061
AOC00649,AO090023000520,AO090023000520,cprA,NADPH--cytochrome P450 reductase (CPR) (P450R) (EC 1.6.2.4),secretory_client,,unassigned,low,Secretory clients are not assigned to machinery subsystems.,,unknown,unassigned,low,none,,,False,,liu2014,database_prediction,,10.1186/1752-0509-8-73,exact,direct AO090 match in UniProt cross-reference,False,Q2UHA7,aor:AO090023000520,ko:K00327,5993062
AOC00650,AO090023000530,AO090023000530,,"DNA, SC023",secretory_client,,unassigned,low,Secretory clients are not assigned to machinery subsystems.,,unknown,unassigned,low,none,,,False,,liu2014,database_prediction,,10.1186/1752-0509-8-73,exact,direct AO090 match in UniProt cross-reference,False,Q2UH97,aor:AO090023000530,,5993072
AOC00651,AO090023000534,AO090023000534,,"DNA, SC023",secretory_client,,unassigned,low,Secretory clients are not assigned to machinery subsystems.,,unknown,unassigned,low,none,,,False,,liu2014,database_prediction,,10.1186/1752-0509-8-73,exact,direct AO090 match in UniProt cross-reference,False,Q2UH94,aor:AO090023000534,ko:K01301,5993075
AOC00652,AO090023000537,AO090023000537,,Glutathione hydrolase (EC 2.3.2.2) (EC 3.4.19.13) (Gamma-glutamyltransferase),secretory_client,,unassigned,low,Secretory clients are not assigned to machinery subsystems.,,unknown,unassigned,low,none,,,False,,liu2014,database_prediction,,10.1186/1752-0509-8-73,exact,direct AO090 match in UniProt cross-reference,False,Q2UH91,aor:AO090023000537,ko:K00681,5993078
AOC00653,AO090023000540,AO090023000540,,Dipeptidase (EC 3.4.13.19),secretory_client,,unassigned,low,Secretory clients are not assigned to machinery subsystems.,,unknown,unassigned,low,none,,,False,,liu2014,database_prediction,,10.1186/1752-0509-8-73,exact,direct AO090 match in UniProt cross-reference,False,Q2UH89,aor:AO090023000540,ko:K01273,35119728
AOC00654,AO090023000560,AO090023000560,,"DNA, SC023",secretory_client,,unassigned,low,Secretory clients are not assigned to machinery subsystems.,,unknown,unassigned,low,none,,,False,,liu2014,database_prediction,,10.1186/1752-0509-8-73,exact,direct AO090 match in UniProt cross-reference,False,Q2UH72,aor:AO090023000560,,5993097
AOC00655,AO090023000561,AO090023000561,,"DNA, SC023",secretory_client,,unassigned,low,Secretory clients are not assigned to machinery subsystems.,,unknown,unassigned,low,none,,,False,,liu2014,database_prediction,,10.1186/1752-0509-8-73,exact,direct AO090 match in UniProt cross-reference,False,Q2UH71,aor:AO090023000561,,35119729
AOC00656,AO090023000566,AO090023000566,,"DNA, SC023",secretory_client,,unassigned,low,Secretory clients are not assigned to machinery subsystems.,,unknown,unassigned,low,none,,,False,,liu2014,database_prediction,,10.1186/1752-0509-8-73,exact,direct AO090 match in UniProt cross-reference,False,Q2UH66,aor:AO090023000566,,5993103
AOC00657,AO090023000573,AO090023000573,,"DNA, SC023",secretory_client,,unassigned,low,Secretory clients are not assigned to machinery subsystems.,,unknown,unassigned,low,none,,,False,,liu2014,database_prediction,,10.1186/1752-0509-8-73,exact,direct AO090 match in UniProt cross-reference,False,Q2UH59,aor:AO090023000573,,5993110
AOC00658,AO090023000581,AO090023000581,,"DNA, SC023",secretory_client,,unassigned,low,Secretory clients are not assigned to machinery subsystems.,,unknown,unassigned,low,none,,,False,,liu2014,database_prediction,,10.1186/1752-0509-8-73,exact,direct AO090 match in UniProt cross-reference,False,Q2UH52,aor:AO090023000581,,5993117
AOC00659,AO090023000596,AO090023000596,,"DNA, SC023",secretory_client,,unassigned,low,Secretory clients are not assigned to machinery subsystems.,,unknown,unassigned,low,none,,,False,,liu2014,database_prediction,,10.1186/1752-0509-8-73,exact,direct AO090 match in UniProt cross-reference,False,Q2UH40,aor:AO090023000596,,5993129
AOC00660,AO090023000600,AO090023000600,,"DNA, SC023",secretory_client,,unassigned,low,Secretory clients are not assigned to machinery subsystems.,,unknown,unassigned,low,none,,,False,,liu2014,database_prediction,,10.1186/1752-0509-8-73,exact,direct AO090 match in UniProt cross-reference,False,Q2UH37,aor:AO090023000600,,10098431
AOC00661,AO090023000620,AO090023000620,,"DNA, SC023",secretory_client,,unassigned,low,Secretory clients are not assigned to machinery subsystems.,,unknown,unassigned,low,none,,,False,,liu2014,database_prediction,,10.1186/1752-0509-8-73,exact,direct AO090 match in UniProt cross-reference,False,Q2UH23,aor:AO090023000620,,5993146
AOC00662,AO090023000633,AO090023000633,hxB,Molybdenum cofactor sulfurase (MCS) (MOS) (MoCo sulfurase) (EC 2.8.1.9) (Molybdenum cofactor sulfurtransferase),secretory_client,,unassigned,low,Secretory clients are not assigned to machinery subsystems.,,unknown,unassigned,low,none,,,False,,liu2014,database_prediction,,10.1186/1752-0509-8-73,exact,direct AO090 match in UniProt cross-reference,False,Q2UH11,aor:AO090023000633,ko:K15631,5993158
AOC00663,AO090023000659,AO090023000659,,"DNA, SC023",secretory_client,,unassigned,low,Secretory clients are not assigned to machinery subsystems.,,unknown,unassigned,low,none,,,False,,liu2014,database_prediction,,10.1186/1752-0509-8-73,exact,direct AO090 match in UniProt cross-reference,False,Q2UGY6,aor:AO090023000659,,5993183
AOC00664,AO090023000680,AO090023000680,,"DNA, SC023",secretory_client,,unassigned,low,Secretory clients are not assigned to machinery subsystems.,,unknown,unassigned,low,none,,,False,,liu2014,database_prediction,,10.1186/1752-0509-8-73,exact,direct AO090 match in UniProt cross-reference,False,Q2UGW9,aor:AO090023000680,,5993200
AOC00665,AO090023000683,AO090023000683,,"DNA, SC023",secretory_client,,unassigned,low,Secretory clients are not assigned to machinery subsystems.,,unknown,unassigned,low,none,,,False,,liu2014,database_prediction,,10.1186/1752-0509-8-73,exact,direct AO090 match in UniProt cross-reference,False,Q2UGW6,aor:AO090023000683,,5993203
AOC00666,AO090023000721,AO090023000721,,"DNA, SC023",secretory_client,,unassigned,low,Secretory clients are not assigned to machinery subsystems.,,unknown,unassigned,low,none,,,False,,liu2014,database_prediction,,10.1186/1752-0509-8-73,exact,direct AO090 match in UniProt cross-reference,False,Q2UGT3,aor:AO090023000721,,5993236
AOC00667,AO090023000723,AO090023000723,med8,Mediator of RNA polymerase II transcription subunit 8 (Mediator complex subunit 8),secretory_client,,unassigned,low,Secretory clients are not assigned to machinery subsystems.,,unknown,unassigned,low,none,,,False,,liu2014,database_prediction,,10.1186/1752-0509-8-73,exact,direct AO090 match in UniProt cross-reference,False,Q2UGT1,aor:AO090023000723,ko:K15130,5993238
AOC00668,AO090023000726,AO090023000726,,"DNA, SC023",secretory_client,,unassigned,low,Secretory clients are not assigned to machinery subsystems.,,unknown,unassigned,low,none,,,False,,liu2014,database_prediction,,10.1186/1752-0509-8-73,exact,direct AO090 match in UniProt cross-reference,False,Q2UGS8,aor:AO090023000726,ko:K01876,5993241
AOC00669,AO090023000727,AO090023000727,,Tyrosine--tRNA ligase (EC 6.1.1.1) (Tyrosyl-tRNA synthetase),secretory_client,,unassigned,low,Secretory clients are not assigned to machinery subsystems.,,unknown,unassigned,low,none,,,False,,liu2014,database_prediction,,10.1186/1752-0509-8-73,exact,direct AO090 match in UniProt cross-reference,False,Q2UGS7,aor:AO090023000727,ko:K01866,5993242
AOC00670,AO090023000744,AO090023000744,,Amine oxidase (EC 1.4.3.-),secretory_client,,unassigned,low,Secretory clients are not assigned to machinery subsystems.,,unknown,unassigned,low,none,,,False,,liu2014,database_prediction,,10.1186/1752-0509-8-73,exact,direct AO090 match in UniProt cross-reference,False,Q2UGR5,aor:AO090023000744,ko:K00274,5993254
AOC00671,AO090023000784,AO090023000784,,"DNA, SC023",secretory_client,,unassigned,low,Secretory clients are not assigned to machinery subsystems.,,unknown,unassigned,low,none,,,False,,liu2014,database_prediction,,10.1186/1752-0509-8-73,exact,direct AO090 match in UniProt cross-reference,False,Q2UGM8,aor:AO090023000784,,5993291
AOC00672,AO090023000792,AO090023000792,,"DNA, SC023",secretory_client,,unassigned,low,Secretory clients are not assigned to machinery subsystems.,,unknown,unassigned,low,none,,,False,,liu2014,database_prediction,,10.1186/1752-0509-8-73,exact,direct AO090 match in UniProt cross-reference,False,Q2UGM0,aor:AO090023000792,,5993299
AOC00673,AO090023000827,AO090023000827,,"DNA, SC023",secretory_client,,unassigned,low,Secretory clients are not assigned to machinery subsystems.,,unknown,unassigned,low,none,,,False,,liu2014,database_prediction,,10.1186/1752-0509-8-73,exact,direct AO090 match in UniProt cross-reference,False,Q2UGI7,aor:AO090023000827,,5993332
AOC00674,AO090023000829,AO090023000829,,"DNA, SC023",secretory_client,,unassigned,low,Secretory clients are not assigned to machinery subsystems.,,unknown,unassigned,low,none,,,False,,liu2014,database_prediction,,10.1186/1752-0509-8-73,exact,direct AO090 match in UniProt cross-reference,False,Q2UGI5,aor:AO090023000829,ko:K17973,5993334
AOC00675,AO090023000831,AO090023000831,,Proteasome subunit beta,secretory_client,,unassigned,low,Secretory clients are not assigned to machinery subsystems.,,unknown,unassigned,low,none,,,False,,liu2014,database_prediction,,10.1186/1752-0509-8-73,exact,direct AO090 match in UniProt cross-reference,False,Q2UGI3,aor:AO090023000831,ko:K02735,
AOC00676,AO090023000852,AO090023000852,,ATP-dependent DNA helicase (EC 5.6.2.4),secretory_client,,unassigned,low,Secretory clients are not assigned to machinery subsystems.,,unknown,unassigned,low,none,,,False,,liu2014,database_prediction,,10.1186/1752-0509-8-73,exact,direct AO090 match in UniProt cross-reference,False,Q2UGG3,aor:AO090023000852,,5993356
AOC00677,AO090020000388,AO090020000388,,"DNA, SC020",secretory_client,,unassigned,low,Secretory clients are not assigned to machinery subsystems.,,unknown,unassigned,low,none,,,True,down,liu2014,database_prediction,,10.1186/1752-0509-8-73,exact,direct AO090 match in UniProt cross-reference,False,Q2U4D3,aor:AO090020000388,,5996801
AOC00678,AO090023000880,AO090023000880,,"DNA, SC023",secretory_client,,unassigned,low,Secretory clients are not assigned to machinery subsystems.,,unknown,unassigned,low,none,,,False,,liu2014,database_prediction,,10.1186/1752-0509-8-73,exact,direct AO090 match in UniProt cross-reference,False,Q2UGD8,aor:AO090023000880,,5993381
AOC00679,AO090023000912,AO090023000912,,Dihydrofolate synthetase (EC 6.3.2.12),secretory_client,,unassigned,low,Secretory clients are not assigned to machinery subsystems.,,unknown,unassigned,low,none,,,False,,liu2014,database_prediction,,10.1186/1752-0509-8-73,exact,direct AO090 match in UniProt cross-reference,False,Q2UGA8,aor:AO090023000912,ko:K20457,5993411
AOC00680,AO090023000927,AO090023000927,,"DNA, SC023",secretory_client,,unassigned,low,Secretory clients are not assigned to machinery subsystems.,,unknown,unassigned,low,none,,,False,,liu2014,database_prediction,,10.1186/1752-0509-8-73,exact,direct AO090 match in UniProt cross-reference,False,Q2UG95,aor:AO090023000927,,5993424
AOC00681,AO090023000940,AO090023000940,,"DNA, SC023",secretory_client,,unassigned,low,Secretory clients are not assigned to machinery subsystems.,,unknown,unassigned,low,none,,,False,,liu2014,database_prediction,,10.1186/1752-0509-8-73,exact,direct AO090 match in UniProt cross-reference,False,Q2UG85,aor:AO090023000940,ko:K20310,5993434
AOC00682,AO090023000941,AO090023000941,,"DNA, SC023",secretory_client,,unassigned,low,Secretory clients are not assigned to machinery subsystems.,,unknown,unassigned,low,none,,,False,,liu2014,database_prediction,,10.1186/1752-0509-8-73,exact,direct AO090 match in UniProt cross-reference,False,Q2UG51,aor:AO090023000941,,
AOC00683,AO090023000946,AO090023000946,,"DNA, SC023",secretory_client,,unassigned,low,Secretory clients are not assigned to machinery subsystems.,,unknown,unassigned,low,none,,,False,,liu2014,database_prediction,,10.1186/1752-0509-8-73,exact,direct AO090 match in UniProt cross-reference,False,Q2UG79,aor:AO090023000946,,5993440
AOC00684,AO090023000975,AO090023000975,,"DNA, SC023",secretory_client,,unassigned,low,Secretory clients are not assigned to machinery subsystems.,,unknown,unassigned,low,none,,,False,,liu2014,database_prediction,,10.1186/1752-0509-8-73,exact,direct AO090 match in UniProt cross-reference,False,Q2UG51,,,
AOC00685,AO090023000990,AO090023000990,,"DNA, SC023",secretory_client,,unassigned,low,Secretory clients are not assigned to machinery subsystems.,,unknown,unassigned,low,none,,,False,,liu2014,database_prediction,,10.1186/1752-0509-8-73,exact,direct AO090 match in UniProt cross-reference,False,Q2UG39,aor:AO090023000990,,5993480
AOC00686,AO090023000994,AO090023000994,,"DNA, SC023",secretory_client,,unassigned,low,Secretory clients are not assigned to machinery subsystems.,,unknown,unassigned,low,none,,,False,,liu2014,database_prediction,,10.1186/1752-0509-8-73,exact,direct AO090 match in UniProt cross-reference,False,Q2UG36,aor:AO090023000994,,5993483
AOC00687,AO090023000999,AO090023000999,,"DNA, SC023",secretory_client,,unassigned,low,Secretory clients are not assigned to machinery subsystems.,,unknown,unassigned,low,none,,,False,,liu2014,database_prediction,,10.1186/1752-0509-8-73,exact,direct AO090 match in UniProt cross-reference,False,Q2UG31,aor:AO090023000999,,5993488
AOC00688,AO090023001005,AO090023001005,,"DNA, SC023",secretory_client,,unassigned,low,Secretory clients are not assigned to machinery subsystems.,,unknown,unassigned,low,none,,,False,,liu2014,database_prediction,,10.1186/1752-0509-8-73,exact,direct AO090 match in UniProt cross-reference,False,Q2UG26,aor:AO090023001005,,5993493
AOC00689,AO090026000017,AO090026000017,,"DNA, SC026",secretory_client,,unassigned,low,Secretory clients are not assigned to machinery subsystems.,,unknown,unassigned,low,none,,,False,,liu2014,database_prediction,,10.1186/1752-0509-8-73,exact,direct AO090 match in UniProt cross-reference,False,Q2UFZ8,aor:AO090026000017,ko:K17648,5993547
AOC00690,AO090026000027,AO090026000027,,O-methylsterigmatocystin oxidoreductase (EC 1.14.14.117) (Aflatoxin B synthase) (Aflatoxin biosynthesis protein Q) (Cytochrome P450 64),secretory_client,,unassigned,low,Secretory clients are not assigned to machinery subsystems.,,unknown,unassigned,low,none,,,False,,liu2014,database_prediction,,10.1186/1752-0509-8-73,exact,direct AO090 match in UniProt cross-reference,False,Q2UFY8,aor:AO090026000027,ko:K17651,5993557
AOC00691,AO090026000028,AO090026000028,,"DNA, SC026",secretory_client,,unassigned,low,Secretory clients are not assigned to machinery subsystems.,,unknown,unassigned,low,none,,,False,,liu2014,database_prediction,,10.1186/1752-0509-8-73,exact,direct AO090 match in UniProt cross-reference,False,Q2UFY7,aor:AO090026000028,ko:K17646,5993558
AOC00692,AO090026000029,AO090026000029,,"DNA, SC026",secretory_client,,unassigned,low,Secretory clients are not assigned to machinery subsystems.,,unknown,unassigned,low,none,,,False,,liu2014,database_prediction,,10.1186/1752-0509-8-73,exact,direct AO090 match in UniProt cross-reference,False,Q2UFY6,aor:AO090026000029,ko:K24440,5993559
AOC00693,AO090026000034,AO090026000034,,"DNA, SC026",secretory_client,,unassigned,low,Secretory clients are not assigned to machinery subsystems.,,unknown,unassigned,low,none,,,False,,liu2014,database_prediction,,10.1186/1752-0509-8-73,exact,direct AO090 match in UniProt cross-reference,False,Q2UFY1,aor:AO090026000034,,5993564
AOC00694,AO090026000054,AO090026000054,,"DNA, SC026",secretory_client,,unassigned,low,Secretory clients are not assigned to machinery subsystems.,,unknown,unassigned,low,none,,,False,,liu2014,database_prediction,,10.1186/1752-0509-8-73,exact,direct AO090 match in UniProt cross-reference,False,Q2UFW3,aor:AO090026000054,,5993582
AOC00695,AO090005000781,AO090005000781,,pyridoxal kinase (EC 2.7.1.35),secretory_client,,unassigned,low,Secretory clients are not assigned to machinery subsystems.,,unknown,unassigned,low,none,,,True,down,liu2014,database_prediction,,10.1186/1752-0509-8-73,exact,direct AO090 match in UniProt cross-reference,False,Q2URL4,aor:AO090005000781,ko:K00868,5989748
AOC00696,AO090026000073,AO090026000073,,"DNA, SC026",secretory_client,,unassigned,low,Secretory clients are not assigned to machinery subsystems.,,unknown,unassigned,low,none,,,False,,liu2014,database_prediction,,10.1186/1752-0509-8-73,exact,direct AO090 match in UniProt cross-reference,False,Q2UFU5,aor:AO090026000073,,5993600
AOC00697,AO090026000123,AO090026000123,bglC,Probable beta-glucosidase C (EC 3.2.1.21) (Beta-D-glucoside glucohydrolase C) (Cellobiase C) (Gentiobiase C),secretory_client,,unassigned,low,Secretory clients are not assigned to machinery subsystems.,,unknown,unassigned,low,none,,,False,,liu2014,database_prediction,,10.1186/1752-0509-8-73,exact,direct AO090 match in UniProt cross-reference,False,Q2UFP8,,ko:K05349,
AOC00698,AO090026000131,AO090026000131,,"DNA, SC026",secretory_client,,unassigned,low,Secretory clients are not assigned to machinery subsystems.,,unknown,unassigned,low,none,,,False,,liu2014,database_prediction,,10.1186/1752-0509-8-73,exact,direct AO090 match in UniProt cross-reference,False,Q2UFP0,aor:AO090026000131,,5993655
AOC00699,AO090026000173,AO090026000173,,"DNA, SC026",secretory_client,,unassigned,low,Secretory clients are not assigned to machinery subsystems.,,unknown,unassigned,low,none,,,False,,liu2014,database_prediction,,10.1186/1752-0509-8-73,exact,direct AO090 match in UniProt cross-reference,False,Q2UFK4,aor:AO090026000173,,5993691
AOC00700,AO090003001400,AO090003001400,,"DNA, SC003",secretory_client,,unassigned,low,Secretory clients are not assigned to machinery subsystems.,,unknown,unassigned,low,none,,,True,down,liu2014,database_prediction,,10.1186/1752-0509-8-73,exact,direct AO090 match in UniProt cross-reference,False,Q2UJ10,aor:AO090003001400,,5992440
AOC00701,AO090026000185,AO090026000185,,"DNA, SC026",secretory_client,,unassigned,low,Secretory clients are not assigned to machinery subsystems.,,unknown,unassigned,low,none,,,False,,liu2014,database_prediction,,10.1186/1752-0509-8-73,exact,direct AO090 match in UniProt cross-reference,False,Q2UFJ3,aor:AO090026000185,,5993702
AOC00702,AO090026000204,AO090026000204,,"DNA, SC026",secretory_client,,unassigned,low,Secretory clients are not assigned to machinery subsystems.,,unknown,unassigned,low,none,,,False,,liu2014,database_prediction,,10.1186/1752-0509-8-73,exact,direct AO090 match in UniProt cross-reference,False,Q2UFH7,aor:AO090026000204,ko:K00306,5993718
AOC00703,AO090026000205,AO090026000205,,"DNA, SC026",secretory_client,,unassigned,low,Secretory clients are not assigned to machinery subsystems.,,unknown,unassigned,low,none,,,False,,liu2014,database_prediction,,10.1186/1752-0509-8-73,exact,direct AO090 match in UniProt cross-reference,False,Q2UFH6,aor:AO090026000205,,5993719
AOC00704,AO090026000208,AO090026000208,,"DNA, SC026",secretory_client,,unassigned,low,Secretory clients are not assigned to machinery subsystems.,,unknown,unassigned,low,none,,,False,,liu2014,database_prediction,,10.1186/1752-0509-8-73,exact,direct AO090 match in UniProt cross-reference,False,Q2UFH4,aor:AO090026000208,,5993721
AOC00705,AO090026000222,AO090026000222,,"DNA, SC026",secretory_client,,unassigned,low,Secretory clients are not assigned to machinery subsystems.,,unknown,unassigned,low,none,,,False,,liu2014,database_prediction,,10.1186/1752-0509-8-73,exact,direct AO090 match in UniProt cross-reference,False,Q2UFG1,aor:AO090026000222,,5993734
AOC00706,AO090026000225,AO090026000225,,"DNA, SC026",secretory_client,,unassigned,low,Secretory clients are not assigned to machinery subsystems.,,unknown,unassigned,low,none,,,False,,liu2014,database_prediction,,10.1186/1752-0509-8-73,exact,direct AO090 match in UniProt cross-reference,False,Q2UFF8,aor:AO090026000225,ko:K20182,5993737
AOC00707,AO090026000234,AO090026000234,,"DNA, SC026",secretory_client,,unassigned,low,Secretory clients are not assigned to machinery subsystems.,,unknown,unassigned,low,none,,,False,,liu2014,database_prediction,,10.1186/1752-0509-8-73,exact,direct AO090 match in UniProt cross-reference,False,Q2UFF0,aor:AO090026000234,,5993745
AOC00708,AO090026000240,AO090026000240,,"DNA, SC026",secretory_client,,unassigned,low,Secretory clients are not assigned to machinery subsystems.,,unknown,unassigned,low,none,,,False,,liu2014,database_prediction,,10.1186/1752-0509-8-73,exact,direct AO090 match in UniProt cross-reference,False,Q2UFE4,aor:AO090026000240,,5993751
AOC00709,AO090026000241,AO090026000241,,"DNA, SC026",secretory_client,,unassigned,low,Secretory clients are not assigned to machinery subsystems.,,unknown,unassigned,low,none,,,False,,liu2014,database_prediction,,10.1186/1752-0509-8-73,exact,direct AO090 match in UniProt cross-reference,False,Q2UFE3,aor:AO090026000241,,5993752
AOC00710,AO090026000257,AO090026000257,,"DNA, SC026",secretory_client,,unassigned,low,Secretory clients are not assigned to machinery subsystems.,,unknown,unassigned,low,none,,,False,,liu2014,database_prediction,,10.1186/1752-0509-8-73,exact,direct AO090 match in UniProt cross-reference,False,Q2UFC7,aor:AO090026000257,,5993768
AOC00711,AO090026000305,AO090026000305,,"DNA, SC026",secretory_client,,unassigned,low,Secretory clients are not assigned to machinery subsystems.,,unknown,unassigned,low,none,,,False,,liu2014,database_prediction,,10.1186/1752-0509-8-73,exact,direct AO090 match in UniProt cross-reference,False,Q2UF86,aor:AO090026000305,,5993809
AOC00712,AO090026000311,AO090026000311,,"DNA, SC026",secretory_client,,unassigned,low,Secretory clients are not assigned to machinery subsystems.,,unknown,unassigned,low,none,,,False,,liu2014,database_prediction,,10.1186/1752-0509-8-73,exact,direct AO090 match in UniProt cross-reference,False,Q2UF82,aor:AO090026000311,,5994277
AOC00713,AO090026000315,AO090026000315,,Nitrogen regulatory protein areA,secretory_client,,unassigned,low,Secretory clients are not assigned to machinery subsystems.,,unknown,unassigned,low,none,,,False,,liu2014,database_prediction,,10.1186/1752-0509-8-73,exact,direct AO090 match in UniProt cross-reference,False,Q2UF78,aor:AO090026000315,ko:K09184,5993817
AOC00714,AO090026000363,AO090026000363,,"DNA, SC026",secretory_client,,unassigned,low,Secretory clients are not assigned to machinery subsystems.,,unknown,unassigned,low,none,,,False,,liu2014,database_prediction,,10.1186/1752-0509-8-73,exact,direct AO090 match in UniProt cross-reference,False,Q2UF38,aor:AO090026000363,,5993857
AOC00715,AO090026000376,AO090026000376,,"DNA, SC026",secretory_client,,unassigned,low,Secretory clients are not assigned to machinery subsystems.,,unknown,unassigned,low,none,,,False,,liu2014,database_prediction,,10.1186/1752-0509-8-73,exact,direct AO090 match in UniProt cross-reference,False,Q2UF26,aor:AO090026000376,,5993869
AOC00716,AO090026000384,AO090026000384,,"DNA, SC026",secretory_client,,unassigned,low,Secretory clients are not assigned to machinery subsystems.,,unknown,unassigned,low,none,,,False,,liu2014,database_prediction,,10.1186/1752-0509-8-73,exact,direct AO090 match in UniProt cross-reference,False,Q2UF19,aor:AO090026000384,,5993876
AOC00717,AO090026000388,AO090026000388,,"DNA, SC026",secretory_client,,unassigned,low,Secretory clients are not assigned to machinery subsystems.,,unknown,unassigned,low,none,,,False,,liu2014,database_prediction,,10.1186/1752-0509-8-73,exact,direct AO090 match in UniProt cross-reference,False,Q2UF16,aor:AO090026000388,,10099740
AOC00718,AO090026000390,AO090026000390,,"DNA, SC026",secretory_client,,unassigned,low,Secretory clients are not assigned to machinery subsystems.,,unknown,unassigned,low,none,,,False,,liu2014,database_prediction,,10.1186/1752-0509-8-73,exact,direct AO090 match in UniProt cross-reference,False,Q2UF15,aor:AO090026000390,,5993880
AOC00719,AO090026000415,AO090026000415,,"DNA, SC026",secretory_client,,unassigned,low,Secretory clients are not assigned to machinery subsystems.,,unknown,unassigned,low,none,,,False,,liu2014,database_prediction,,10.1186/1752-0509-8-73,exact,direct AO090 match in UniProt cross-reference,False,Q2UEZ6,aor:AO090026000415,,5993899
AOC00720,AO090026000448,AO090026000448,,Lysophospholipase (EC 3.1.1.5),secretory_client,,unassigned,low,Secretory clients are not assigned to machinery subsystems.,,unknown,unassigned,low,none,,,False,,liu2014,database_prediction,,10.1186/1752-0509-8-73,exact,direct AO090 match in UniProt cross-reference,False,Q2UEW7,aor:AO090026000448,ko:K16342,5993928
AOC00721,AO090012000973,AO090012000973,,"DNA, SC012",secretory_client,,unassigned,low,Secretory clients are not assigned to machinery subsystems.,,unknown,unassigned,low,none,,,True,down,liu2014,database_prediction,,10.1186/1752-0509-8-73,exact,direct AO090 match in UniProt cross-reference,False,Q2UBJ5,aor:AO090012000973,,35119706
AOC00722,AO090026000507,AO090026000507,,"DNA, SC026",secretory_client,,unassigned,low,Secretory clients are not assigned to machinery subsystems.,,unknown,unassigned,low,none,,,False,,liu2014,database_prediction,,10.1186/1752-0509-8-73,exact,direct AO090 match in UniProt cross-reference,False,Q2UES0,aor:AO090026000507,,5993975
AOC00723,AO090026000515,AO090026000515,,"DNA, SC026",secretory_client,,unassigned,low,Secretory clients are not assigned to machinery subsystems.,,unknown,unassigned,low,none,,,False,,liu2014,database_prediction,,10.1186/1752-0509-8-73,exact,direct AO090 match in UniProt cross-reference,False,Q2UER3,aor:AO090026000515,ko:K07513,5993982
AOC00724,AO090026000521,AO090026000521,,Orotate phosphoribosyltransferase (EC 2.4.2.10),secretory_client,,unassigned,low,Secretory clients are not assigned to machinery subsystems.,,unknown,unassigned,low,none,,,False,,liu2014,database_prediction,,10.1186/1752-0509-8-73,exact,direct AO090 match in UniProt cross-reference,False,Q2UEQ7,aor:AO090026000521,ko:K00762,5993988
AOC00725,AO090026000532,AO090026000532,,"DNA, SC026",secretory_client,,unassigned,low,Secretory clients are not assigned to machinery subsystems.,,unknown,unassigned,low,none,,,False,,liu2014,database_prediction,,10.1186/1752-0509-8-73,exact,direct AO090 match in UniProt cross-reference,False,Q2UEP8,aor:AO090026000532,ko:K19838,
AOC00726,AO090026000537,AO090026000537,,Rab GDP dissociation inhibitor,secretory_client,,unassigned,low,Secretory clients are not assigned to machinery subsystems.,,unknown,unassigned,low,none,,,False,,liu2014,database_prediction,,10.1186/1752-0509-8-73,exact,direct AO090 match in UniProt cross-reference,False,Q2UEP6,aor:AO090026000537,ko:K17255,5993999
AOC00727,AO090026000553,AO090026000553,,Structural maintenance of chromosomes protein,secretory_client,,unassigned,low,Secretory clients are not assigned to machinery subsystems.,,unknown,unassigned,low,none,,,False,,liu2014,database_prediction,,10.1186/1752-0509-8-73,exact,direct AO090 match in UniProt cross-reference,False,Q2UEN2,aor:AO090026000553,ko:K06674,5994013
AOC00728,AO090026000564,AO090026000564,,"DNA, SC026",secretory_client,,unassigned,low,Secretory clients are not assigned to machinery subsystems.,,unknown,unassigned,low,none,,,False,,liu2014,database_prediction,,10.1186/1752-0509-8-73,exact,direct AO090 match in UniProt cross-reference,False,Q2UEM1,aor:AO090026000564,,5994024
AOC00729,AO090026000567,AO090026000567,,"DNA, SC026",secretory_client,,unassigned,low,Secretory clients are not assigned to machinery subsystems.,,unknown,unassigned,low,none,,,False,,liu2014,database_prediction,,10.1186/1752-0509-8-73,exact,direct AO090 match in UniProt cross-reference,False,Q2UEL8,aor:AO090026000567,ko:K27886,5994282
AOC00730,AO090026000578,AO090026000578,astGA,O-acetyltransferase astG (EC 2.3.1.-) (Astellolide biosynthesis cluster protein G),secretory_client,,unassigned,low,Secretory clients are not assigned to machinery subsystems.,,unknown,unassigned,low,none,,,False,,liu2014,database_prediction,,10.1186/1752-0509-8-73,exact,direct AO090 match in UniProt cross-reference,False,Q2UEK8,,,
AOC00731,AO090026000579,AO090026000579,astF,Cytochrome P450 monooxygenase astF (EC 1.-.-.-) (Astellolide biosynthesis cluster protein F),secretory_client,,unassigned,low,Secretory clients are not assigned to machinery subsystems.,,unknown,unassigned,low,none,,,False,,liu2014,database_prediction,,10.1186/1752-0509-8-73,exact,direct AO090 match in UniProt cross-reference,False,Q2UEK7,,,
AOC00732,AO090026000581,AO090026000581,astD,Cytochrome P450 monooxygenase astD (EC 1.-.-.-) (Astellolide biosynthesis cluster protein D),secretory_client,,unassigned,low,Secretory clients are not assigned to machinery subsystems.,,unknown,unassigned,low,none,,,False,,liu2014,database_prediction,,10.1186/1752-0509-8-73,exact,direct AO090 match in UniProt cross-reference,False,Q2UEK5,,,
AOC00733,AO090026000589,AO090026000589,,"DNA, SC026",secretory_client,,unassigned,low,Secretory clients are not assigned to machinery subsystems.,,unknown,unassigned,low,none,,,False,,liu2014,database_prediction,,10.1186/1752-0509-8-73,exact,direct AO090 match in UniProt cross-reference,False,Q2UEJ8,aor:AO090026000589,,5994047
AOC00734,AO090026000600,AO090026000600,,"DNA, SC026",secretory_client,,unassigned,low,Secretory clients are not assigned to machinery subsystems.,,unknown,unassigned,low,none,,,False,,liu2014,database_prediction,,10.1186/1752-0509-8-73,exact,direct AO090 match in UniProt cross-reference,False,Q2UEI9,aor:AO090026000600,,5994056
AOC00735,AO090026000602,AO090026000602,,"DNA, SC026",secretory_client,,unassigned,low,Secretory clients are not assigned to machinery subsystems.,,unknown,unassigned,low,none,,,False,,liu2014,database_prediction,,10.1186/1752-0509-8-73,exact,direct AO090 match in UniProt cross-reference,False,Q2UEI7,aor:AO090026000602,,35119746
AOC00736,AO090026000605,AO090026000605,,"DNA, SC026",secretory_client,,unassigned,low,Secretory clients are not assigned to machinery subsystems.,,unknown,unassigned,low,none,,,False,,liu2014,database_prediction,,10.1186/1752-0509-8-73,exact,direct AO090 match in UniProt cross-reference,False,Q2UEI4,aor:AO090026000605,ko:K08502,5994061
AOC00737,AO090026000660,AO090026000660,,"DNA, SC026",secretory_client,,unassigned,low,Secretory clients are not assigned to machinery subsystems.,,unknown,unassigned,low,none,,,False,,liu2014,database_prediction,,10.1186/1752-0509-8-73,exact,direct AO090 match in UniProt cross-reference,False,Q2UED8,aor:AO090026000660,ko:K20408,35119750
AOC00738,AO090026000680,AO090026000680,,"DNA, SC026",secretory_client,,unassigned,low,Secretory clients are not assigned to machinery subsystems.,,unknown,unassigned,low,none,,,False,,liu2014,database_prediction,,10.1186/1752-0509-8-73,exact,direct AO090 match in UniProt cross-reference,False,Q2UEC1,aor:AO090026000680,,5994124
AOC00739,AO090026000682,AO090026000682,,"DNA, SC026",secretory_client,,unassigned,low,Secretory clients are not assigned to machinery subsystems.,,unknown,unassigned,low,none,,,False,,liu2014,database_prediction,,10.1186/1752-0509-8-73,exact,direct AO090 match in UniProt cross-reference,False,Q2UEB9,aor:AO090026000682,,35119752
AOC00740,AO090026000686,AO090026000686,,"DNA, SC026",secretory_client,,unassigned,low,Secretory clients are not assigned to machinery subsystems.,,unknown,unassigned,low,none,,,False,,liu2014,database_prediction,,10.1186/1752-0509-8-73,exact,direct AO090 match in UniProt cross-reference,False,Q2UEB7,aor:AO090026000686,,5994128
AOC00741,AO090026000708,AO090026000708,,Thioredoxin,secretory_client,,unassigned,low,Secretory clients are not assigned to machinery subsystems.,,unknown,unassigned,low,none,,,False,,liu2014,database_prediction,,10.1186/1752-0509-8-73,exact,direct AO090 match in UniProt cross-reference,False,Q2UE97,aor:AO090026000708,ko:K03671,5994148
AOC00742,AO090026000719,AO090026000719,,GATA-type transcription factor sreA (Nitrogen regulatory protein areA) (Siderophore uptake regulator sreA),secretory_client,,unassigned,low,Secretory clients are not assigned to machinery subsystems.,,unknown,unassigned,low,none,,,False,,liu2014,database_prediction,,10.1186/1752-0509-8-73,exact,direct AO090 match in UniProt cross-reference,False,Q2UE88,aor:AO090026000719,ko:K09184,
AOC00743,AO090026000754,AO090026000754,,"DNA, SC026",secretory_client,,unassigned,low,Secretory clients are not assigned to machinery subsystems.,,unknown,unassigned,low,none,,,False,,liu2014,database_prediction,,10.1186/1752-0509-8-73,exact,direct AO090 match in UniProt cross-reference,False,Q2UE57,aor:AO090026000754,,5994188
AOC00744,AO090026000761,AO090026000761,,"DNA, SC026",secretory_client,,unassigned,low,Secretory clients are not assigned to machinery subsystems.,,unknown,unassigned,low,none,,,False,,liu2014,database_prediction,,10.1186/1752-0509-8-73,exact,direct AO090 match in UniProt cross-reference,False,Q2UE50,aor:AO090026000761,,5994195
AOC00745,AO090026000779,AO090026000779,,"DNA, SC026",secretory_client,,unassigned,low,Secretory clients are not assigned to machinery subsystems.,,unknown,unassigned,low,none,,,False,,liu2014,database_prediction,,10.1186/1752-0509-8-73,exact,direct AO090 match in UniProt cross-reference,False,Q2UE32,aor:AO090026000779,,5994213
AOC00746,AO090026000780,AO090026000780,,"DNA, SC026",secretory_client,,unassigned,low,Secretory clients are not assigned to machinery subsystems.,,unknown,unassigned,low,none,,,False,,liu2014,database_prediction,,10.1186/1752-0509-8-73,exact,direct AO090 match in UniProt cross-reference,False,Q2UE31,aor:AO090026000780,,5994214
AOC00747,AO090026000797,AO090026000797,,"DNA, SC026",secretory_client,,unassigned,low,Secretory clients are not assigned to machinery subsystems.,,unknown,unassigned,low,none,,,False,,liu2014,database_prediction,,10.1186/1752-0509-8-73,exact,direct AO090 match in UniProt cross-reference,False,Q2UE17,aor:AO090026000797,,5994289
AOC00748,AO090026000498,AO090026000498,arg2,"Amino-acid acetyltransferase, mitochondrial (EC 2.3.1.1) (Arginine-requiring protein 2) (Glutamate N-acetyltransferase) (N-acetylglutamate synthase) (AGS) (NAGS)",secretory_client,,unassigned,low,Secretory clients are not assigned to machinery subsystems.,,unknown,unassigned,low,none,,,True,down,liu2014,database_prediction,,10.1186/1752-0509-8-73,exact,direct AO090 match in UniProt cross-reference,False,Q2UES9,,ko:K00618,5993966
AOC00749,AO090026000813,AO090026000813,,"DNA, SC026",secretory_client,,unassigned,low,Secretory clients are not assigned to machinery subsystems.,,unknown,unassigned,low,none,,,False,,liu2014,database_prediction,,10.1186/1752-0509-8-73,exact,direct AO090 match in UniProt cross-reference,False,Q2UE02,aor:AO090026000813,,5994243
AOC00750,AO090026000815,AO090026000815,,Uridylate kinase (UK) (EC 2.7.4.14) (ATP:UMP phosphotransferase) (Deoxycytidylate kinase) (CK) (dCMP kinase) (Uridine monophosphate kinase) (UMP kinase) (UMPK),secretory_client,,unassigned,low,Secretory clients are not assigned to machinery subsystems.,,unknown,unassigned,low,none,,,False,,liu2014,database_prediction,,10.1186/1752-0509-8-73,exact,direct AO090 match in UniProt cross-reference,False,Q2UE00,aor:AO090026000815,ko:K13800,
AOC00751,AO090026000819,AO090026000819,,"DNA, SC026",secretory_client,,unassigned,low,Secretory clients are not assigned to machinery subsystems.,,unknown,unassigned,low,none,,,False,,liu2014,database_prediction,,10.1186/1752-0509-8-73,exact,direct AO090 match in UniProt cross-reference,False,Q2UDZ6,aor:AO090026000819,,5994249
AOC00752,AO090026000823,AO090026000823,,"DNA, SC026",secretory_client,,unassigned,low,Secretory clients are not assigned to machinery subsystems.,,unknown,unassigned,low,none,,,False,,liu2014,database_prediction,,10.1186/1752-0509-8-73,exact,direct AO090 match in UniProt cross-reference,False,Q2UDZ3,aor:AO090026000823,,5994252
AOC00753,AO090038000009,AO090038000009,,Beta-glucuronidase (EC 3.2.1.31),secretory_client,,unassigned,low,Secretory clients are not assigned to machinery subsystems.,,unknown,unassigned,low,none,,,False,,liu2014,database_prediction,,10.1186/1752-0509-8-73,exact,direct AO090 match in UniProt cross-reference,False,Q2U3J6,aor:AO090038000009,ko:K01195,5997097
AOC00754,AO090038000016,AO090038000016,,"DNA, SC038",secretory_client,,unassigned,low,Secretory clients are not assigned to machinery subsystems.,,unknown,unassigned,low,none,,,False,,liu2014,database_prediction,,10.1186/1752-0509-8-73,exact,direct AO090 match in UniProt cross-reference,False,Q2U3I9,aor:AO090038000016,ko:K22124,5997104
AOC00755,AO090038000020,AO090038000020,,"DNA, SC038",secretory_client,,unassigned,low,Secretory clients are not assigned to machinery subsystems.,,unknown,unassigned,low,none,,,False,,liu2014,database_prediction,,10.1186/1752-0509-8-73,exact,direct AO090 match in UniProt cross-reference,False,Q2U3I6,aor:AO090038000020,,5997107
AOC00756,AO090038000025,AO090038000025,,"DNA, SC038",secretory_client,,unassigned,low,Secretory clients are not assigned to machinery subsystems.,,unknown,unassigned,low,none,,,False,,liu2014,database_prediction,,10.1186/1752-0509-8-73,exact,direct AO090 match in UniProt cross-reference,False,Q2U3I3,aor:AO090038000025,,5997110
AOC00757,AO090038000039,AO090038000039,,"DNA, SC038",secretory_client,,unassigned,low,Secretory clients are not assigned to machinery subsystems.,,unknown,unassigned,low,none,,,False,,liu2014,database_prediction,,10.1186/1752-0509-8-73,exact,direct AO090 match in UniProt cross-reference,False,Q2U3H1,aor:AO090038000039,,5997122
AOC00758,AO090038000043,AO090038000043,,"DNA, SC038",secretory_client,,unassigned,low,Secretory clients are not assigned to machinery subsystems.,,unknown,unassigned,low,none,,,False,,liu2014,database_prediction,,10.1186/1752-0509-8-73,exact,direct AO090 match in UniProt cross-reference,False,Q2U3G8,aor:AO090038000043,,5997125
AOC00759,AO090038000091,AO090038000091,,"DNA, SC038",secretory_client,,unassigned,low,Secretory clients are not assigned to machinery subsystems.,,unknown,unassigned,low,none,,,False,,liu2014,database_prediction,,10.1186/1752-0509-8-73,exact,direct AO090 match in UniProt cross-reference,False,Q2U3C9,aor:AO090038000091,,5997164
AOC00760,AO090038000101,AO090038000101,,"DNA, SC038",secretory_client,,unassigned,low,Secretory clients are not assigned to machinery subsystems.,,unknown,unassigned,low,none,,,False,,liu2014,database_prediction,,10.1186/1752-0509-8-73,exact,direct AO090 match in UniProt cross-reference,False,Q2U3C1,aor:AO090038000101,,5997172
AOC00761,AO090701000059,AO090701000059,,"DNA, SC111",secretory_client,,unassigned,low,Secretory clients are not assigned to machinery subsystems.,,unknown,unassigned,low,none,,,True,down,liu2014,database_prediction,,10.1186/1752-0509-8-73,exact,direct AO090 match in UniProt cross-reference,False,Q2U9E6,aor:AO090701000059,,5995009
AOC00762,AO090038000149,AO090038000149,,"DNA, SC038",secretory_client,,unassigned,low,Secretory clients are not assigned to machinery subsystems.,,unknown,unassigned,low,none,,,False,,liu2014,database_prediction,,10.1186/1752-0509-8-73,exact,direct AO090 match in UniProt cross-reference,False,Q2U379,aor:AO090038000149,,5997214
AOC00763,AO090038000159,AO090038000159,,"DNA, SC038",secretory_client,,unassigned,low,Secretory clients are not assigned to machinery subsystems.,,unknown,unassigned,low,none,,,False,,liu2014,database_prediction,,10.1186/1752-0509-8-73,exact,direct AO090 match in UniProt cross-reference,False,Q2U371,aor:AO090038000159,,5997222
AOC00764,AO090038000160,AO090038000160,,"DNA, SC038",secretory_client,,unassigned,low,Secretory clients are not assigned to machinery subsystems.,,unknown,unassigned,low,none,,,False,,liu2014,database_prediction,,10.1186/1752-0509-8-73,exact,direct AO090 match in UniProt cross-reference,False,Q2U370,aor:AO090038000160,,5997223
AOC00765,AO090038000161,AO090038000161,,"DNA, SC038",secretory_client,,unassigned,low,Secretory clients are not assigned to machinery subsystems.,,unknown,unassigned,low,none,,,False,,liu2014,database_prediction,,10.1186/1752-0509-8-73,exact,direct AO090 match in UniProt cross-reference,False,Q2U369,aor:AO090038000161,,5997224
AOC00766,AO090038000169,AO090038000169,,"DNA, SC038",secretory_client,,unassigned,low,Secretory clients are not assigned to machinery subsystems.,,unknown,unassigned,low,none,,,False,,liu2014,database_prediction,,10.1186/1752-0509-8-73,exact,direct AO090 match in UniProt cross-reference,False,Q2U365,aor:AO090038000169,,5997228
AOC00767,AO090038000184,AO090038000184,,"DNA, SC038",secretory_client,,unassigned,low,Secretory clients are not assigned to machinery subsystems.,,unknown,unassigned,low,none,,,False,,liu2014,database_prediction,,10.1186/1752-0509-8-73,exact,direct AO090 match in UniProt cross-reference,False,Q2U353,aor:AO090038000184,,5997240
AOC00768,AO090038000191,AO090038000191,,"DNA, SC038",secretory_client,,unassigned,low,Secretory clients are not assigned to machinery subsystems.,,unknown,unassigned,low,none,,,False,,liu2014,database_prediction,,10.1186/1752-0509-8-73,exact,direct AO090 match in UniProt cross-reference,False,Q2U348,aor:AO090038000191,,5997245
AOC00769,AO090038000193,AO090038000193,,sarcosine oxidasee (formaldehyde-forming) (EC 1.5.3.1),secretory_client,,unassigned,low,Secretory clients are not assigned to machinery subsystems.,,unknown,unassigned,low,none,,,False,,liu2014,database_prediction,,10.1186/1752-0509-8-73,exact,direct AO090 match in UniProt cross-reference,False,Q2U347,aor:AO090038000193,,5997246
AOC00770,AO090038000199,AO090038000199,,"DNA, SC038",secretory_client,,unassigned,low,Secretory clients are not assigned to machinery subsystems.,,unknown,unassigned,low,none,,,False,,liu2014,database_prediction,,10.1186/1752-0509-8-73,exact,direct AO090 match in UniProt cross-reference,False,Q2U342,aor:AO090038000199,,5997251
AOC00771,AO090038000213,AO090038000213,,"DNA, SC038",secretory_client,,unassigned,low,Secretory clients are not assigned to machinery subsystems.,,unknown,unassigned,low,none,,,False,,liu2014,database_prediction,,10.1186/1752-0509-8-73,exact,direct AO090 match in UniProt cross-reference,False,Q2U332,aor:AO090038000213,,5997261
AOC00772,AO090038000241,AO090038000241,,"DNA, SC038",secretory_client,,unassigned,low,Secretory clients are not assigned to machinery subsystems.,,unknown,unassigned,low,none,,,False,,liu2014,database_prediction,,10.1186/1752-0509-8-73,exact,direct AO090 match in UniProt cross-reference,False,Q2U309,aor:AO090038000241,,5997284
AOC00773,AO090038000245,AO090038000245,,"DNA, SC038",secretory_client,,unassigned,low,Secretory clients are not assigned to machinery subsystems.,,unknown,unassigned,low,none,,,False,,liu2014,database_prediction,,10.1186/1752-0509-8-73,exact,direct AO090 match in UniProt cross-reference,False,Q2U305,aor:AO090038000245,,5997288
AOC00774,AO090038000268,AO090038000268,,ethanolamine kinase (EC 2.7.1.82),secretory_client,,unassigned,low,Secretory clients are not assigned to machinery subsystems.,,unknown,unassigned,low,none,,,False,,liu2014,database_prediction,,10.1186/1752-0509-8-73,exact,direct AO090 match in UniProt cross-reference,False,Q2U2Y5,aor:AO090038000268,ko:K00894,5997308
AOC00775,AO090038000306,AO090038000306,,"DNA, SC038",secretory_client,,unassigned,low,Secretory clients are not assigned to machinery subsystems.,,unknown,unassigned,low,none,,,False,,liu2014,database_prediction,,10.1186/1752-0509-8-73,exact,direct AO090 match in UniProt cross-reference,False,Q2U2V3,aor:AO090038000306,ko:K04718,5997340
AOC00776,AO090038000320,AO090038000320,,"DNA, SC038",secretory_client,,unassigned,low,Secretory clients are not assigned to machinery subsystems.,,unknown,unassigned,low,none,,,False,,liu2014,database_prediction,,10.1186/1752-0509-8-73,exact,direct AO090 match in UniProt cross-reference,False,Q2U2U0,aor:AO090038000320,,5997353
AOC00777,AO090038000337,AO090038000337,,"DNA, SC038",secretory_client,,unassigned,low,Secretory clients are not assigned to machinery subsystems.,,unknown,unassigned,low,none,,,False,,liu2014,database_prediction,,10.1186/1752-0509-8-73,exact,direct AO090 match in UniProt cross-reference,False,Q2U2S6,aor:AO090038000337,,5997367
AOC00778,AO090038000342,AO090038000342,,proline--tRNA ligase (EC 6.1.1.15) (Prolyl-tRNA synthetase),secretory_client,,unassigned,low,Secretory clients are not assigned to machinery subsystems.,,unknown,unassigned,low,none,,,False,,liu2014,database_prediction,,10.1186/1752-0509-8-73,exact,direct AO090 match in UniProt cross-reference,False,Q2U2S2,aor:AO090038000342,ko:K01881,5997371
AOC00779,AO090038000346,AO090038000346,,"DNA, SC038",secretory_client,,unassigned,low,Secretory clients are not assigned to machinery subsystems.,,unknown,unassigned,low,none,,,False,,liu2014,database_prediction,,10.1186/1752-0509-8-73,exact,direct AO090 match in UniProt cross-reference,False,Q2U2R8,aor:AO090038000346,,5997375
AOC00780,AO090038000353,AO090038000353,,"DNA, SC038",secretory_client,,unassigned,low,Secretory clients are not assigned to machinery subsystems.,,unknown,unassigned,low,none,,,False,,liu2014,database_prediction,,10.1186/1752-0509-8-73,exact,direct AO090 match in UniProt cross-reference,False,Q2U2R1,aor:AO090038000353,,5997382
AOC00781,AO090038000356,AO090038000356,,GPN-loop GTPase 3,secretory_client,,unassigned,low,Secretory clients are not assigned to machinery subsystems.,,unknown,unassigned,low,none,,,False,,liu2014,database_prediction,,10.1186/1752-0509-8-73,exact,direct AO090 match in UniProt cross-reference,False,Q2U2Q8,aor:AO090038000356,ko:K24104,5997385
AOC00782,AO090038000367,AO090038000367,,"DNA, SC038",secretory_client,,unassigned,low,Secretory clients are not assigned to machinery subsystems.,,unknown,unassigned,low,none,,,False,,liu2014,database_prediction,,10.1186/1752-0509-8-73,exact,direct AO090 match in UniProt cross-reference,False,Q2U2Q0,aor:AO090038000367,ko:K06116,5997393
AOC00783,AO090038000374,AO090038000374,,"DNA, SC038",secretory_client,,unassigned,low,Secretory clients are not assigned to machinery subsystems.,,unknown,unassigned,low,none,,,False,,liu2014,database_prediction,,10.1186/1752-0509-8-73,exact,direct AO090 match in UniProt cross-reference,False,Q2U2P5,aor:AO090038000374,ko:K15160,5997398
AOC00784,AO090038000375,AO090038000375,,"DNA, SC038",secretory_client,,unassigned,low,Secretory clients are not assigned to machinery subsystems.,,unknown,unassigned,low,none,,,False,,liu2014,database_prediction,,10.1186/1752-0509-8-73,exact,direct AO090 match in UniProt cross-reference,False,Q2U2P4,aor:AO090038000375,,5997399
AOC00785,AO090038000426,AO090038000426,,"DNA, SC038",secretory_client,,unassigned,low,Secretory clients are not assigned to machinery subsystems.,,unknown,unassigned,low,none,,,False,,liu2014,database_prediction,,10.1186/1752-0509-8-73,exact,direct AO090 match in UniProt cross-reference,False,Q2U2K0,aor:AO090038000426,ko:K25879,5997443
AOC00786,AO090038000432,AO090038000432,,"DNA, SC038",secretory_client,,unassigned,low,Secretory clients are not assigned to machinery subsystems.,,unknown,unassigned,low,none,,,False,,liu2014,database_prediction,,10.1186/1752-0509-8-73,exact,direct AO090 match in UniProt cross-reference,False,Q2U2J4,aor:AO090038000432,,5997449
AOC00787,AO090038000434,AO090038000434,,"DNA, SC038",secretory_client,,unassigned,low,Secretory clients are not assigned to machinery subsystems.,,unknown,unassigned,low,none,,,False,,liu2014,database_prediction,,10.1186/1752-0509-8-73,exact,direct AO090 match in UniProt cross-reference,False,Q2U2J2,aor:AO090038000434,ko:K15111,5997451
AOC00788,AO090038000443,AO090038000443,,"DNA, SC038",secretory_client,,unassigned,low,Secretory clients are not assigned to machinery subsystems.,,unknown,unassigned,low,none,,,False,,liu2014,database_prediction,,10.1186/1752-0509-8-73,exact,direct AO090 match in UniProt cross-reference,False,Q2U2I4,aor:AO090038000443,,5997459
AOC00789,AO090038000471,AO090038000471,,"DNA, SC038",secretory_client,,unassigned,low,Secretory clients are not assigned to machinery subsystems.,,unknown,unassigned,low,none,,,False,,liu2014,database_prediction,,10.1186/1752-0509-8-73,exact,direct AO090 match in UniProt cross-reference,False,Q2U2F8,aor:AO090038000471,ko:K01187,5997485
AOC00790,AO090038000501,AO090038000501,,"DNA, SC038",secretory_client,,unassigned,low,Secretory clients are not assigned to machinery subsystems.,,unknown,unassigned,low,none,,,False,,liu2014,database_prediction,,10.1186/1752-0509-8-73,exact,direct AO090 match in UniProt cross-reference,False,Q2U2D0,aor:AO090038000501,,5997513
AOC00791,AO090038000523,AO090038000523,,"DNA, SC038",secretory_client,,unassigned,low,Secretory clients are not assigned to machinery subsystems.,,unknown,unassigned,low,none,,,False,,liu2014,database_prediction,,10.1186/1752-0509-8-73,exact,direct AO090 match in UniProt cross-reference,False,Q2U2B5,aor:AO090038000523,,5997528
AOC00792,AO090038000555,AO090038000555,,"DNA, SC038",secretory_client,,unassigned,low,Secretory clients are not assigned to machinery subsystems.,,unknown,unassigned,low,none,,,False,,liu2014,database_prediction,,10.1186/1752-0509-8-73,exact,direct AO090 match in UniProt cross-reference,False,Q2U290,aor:AO090038000555,,5997553
AOC00793,AO090038000589,AO090038000589,,Protein FYV10 (Protein fyv10),secretory_client,,unassigned,low,Secretory clients are not assigned to machinery subsystems.,,unknown,unassigned,low,none,,,False,,liu2014,database_prediction,,10.1186/1752-0509-8-73,exact,direct AO090 match in UniProt cross-reference,False,Q2U261,aor:AO090038000589,ko:K23334,5997582
AOC00794,AO090038000608,AO090038000608,,"alpha-1,2-Mannosidase (EC 3.2.1.-)",secretory_client,,unassigned,low,Secretory clients are not assigned to machinery subsystems.,,unknown,unassigned,low,none,,,False,,liu2014,database_prediction,,10.1186/1752-0509-8-73,exact,direct AO090 match in UniProt cross-reference,False,Q2U244,aor:AO090038000608,,5997599
AOC00795,AO090102000032,AO090102000032,,"DNA, SC102",secretory_client,,unassigned,low,Secretory clients are not assigned to machinery subsystems.,,unknown,unassigned,low,none,,,False,,liu2014,database_prediction,,10.1186/1752-0509-8-73,exact,direct AO090 match in UniProt cross-reference,False,Q2UBB9,aor:AO090102000032,,5994324
AOC00796,AO090102000047,AO090102000047,,"DNA, SC102",secretory_client,,unassigned,low,Secretory clients are not assigned to machinery subsystems.,,unknown,unassigned,low,none,,,False,,liu2014,database_prediction,,10.1186/1752-0509-8-73,exact,direct AO090 match in UniProt cross-reference,False,Q2UBA6,aor:AO090102000047,,5994337
AOC00797,AO090102000052,AO090102000052,,"DNA, SC102",secretory_client,,unassigned,low,Secretory clients are not assigned to machinery subsystems.,,unknown,unassigned,low,none,,,False,,liu2014,database_prediction,,10.1186/1752-0509-8-73,exact,direct AO090 match in UniProt cross-reference,False,Q2UBA2,aor:AO090102000052,,5994341
AOC00798,AO090102000055,AO090102000055,,"DNA, SC102",secretory_client,,unassigned,low,Secretory clients are not assigned to machinery subsystems.,,unknown,unassigned,low,none,,,False,,liu2014,database_prediction,,10.1186/1752-0509-8-73,exact,direct AO090 match in UniProt cross-reference,False,Q2UB99,aor:AO090102000055,,5994344
AOC00799,AO090102000061,AO090102000061,,"DNA, SC102",secretory_client,,unassigned,low,Secretory clients are not assigned to machinery subsystems.,,unknown,unassigned,low,none,,,False,,liu2014,database_prediction,,10.1186/1752-0509-8-73,exact,direct AO090 match in UniProt cross-reference,False,Q2UB93,aor:AO090102000061,,5994348
AOC00800,AO090003000301,AO090003000301,,"DNA, SC003",secretory_client,,unassigned,low,Secretory clients are not assigned to machinery subsystems.,,unknown,unassigned,low,none,,,True,down,liu2014,database_prediction,,10.1186/1752-0509-8-73,exact,direct AO090 match in UniProt cross-reference,False,Q2ULR3,aor:AO090003000301,,5991487
AOC00801,AO090102000081,AO090102000081,,"DNA, SC102",secretory_client,,unassigned,low,Secretory clients are not assigned to machinery subsystems.,,unknown,unassigned,low,none,,,False,,liu2014,database_prediction,,10.1186/1752-0509-8-73,exact,direct AO090 match in UniProt cross-reference,False,Q2UB74,aor:AO090102000081,,5994369
AOC00802,AO090102000083,AO090102000083,,"DNA, SC102",secretory_client,,unassigned,low,Secretory clients are not assigned to machinery subsystems.,,unknown,unassigned,low,none,,,False,,liu2014,database_prediction,,10.1186/1752-0509-8-73,exact,direct AO090 match in UniProt cross-reference,False,Q2UB72,aor:AO090102000083,,5994371
AOC00803,AO090102000084,AO090102000084,,"DNA, SC102",secretory_client,,unassigned,low,Secretory clients are not assigned to machinery subsystems.,,unknown,unassigned,low,none,,,False,,liu2014,database_prediction,,10.1186/1752-0509-8-73,exact,direct AO090 match in UniProt cross-reference,False,Q2UB71,aor:AO090102000084,,5994372
AOC00804,AO090102000099,AO090102000099,,"DNA, SC102",secretory_client,,unassigned,low,Secretory clients are not assigned to machinery subsystems.,,unknown,unassigned,low,none,,,False,,liu2014,database_prediction,,10.1186/1752-0509-8-73,exact,direct AO090 match in UniProt cross-reference,False,Q2UB58,aor:AO090102000099,,5994385
AOC00805,AO090102000116,AO090102000116,,"DNA, SC102",secretory_client,,unassigned,low,Secretory clients are not assigned to machinery subsystems.,,unknown,unassigned,low,none,,,False,,liu2014,database_prediction,,10.1186/1752-0509-8-73,exact,direct AO090 match in UniProt cross-reference,False,Q2UB43,aor:AO090102000116,,5994400
AOC00806,AO090102000154,AO090102000154,,Postreplication repair E3 ubiquitin-protein ligase RAD18 (EC 2.3.2.27) (RING-type E3 ubiquitin transferase RAD18),secretory_client,,unassigned,low,Secretory clients are not assigned to machinery subsystems.,,unknown,unassigned,low,none,,,False,,liu2014,database_prediction,,10.1186/1752-0509-8-73,exact,direct AO090 match in UniProt cross-reference,False,Q2UB12,aor:AO090102000154,ko:K10627,
AOC00807,AO090102000161,AO090102000161,,"D-xylose 1-dehydrogenase (NADP(+), D-xylono-1,5-lactone-forming) (EC 1.1.1.179) (D-xylose-NADP dehydrogenase)",secretory_client,,unassigned,low,Secretory clients are not assigned to machinery subsystems.,,unknown,unassigned,low,none,,,False,,liu2014,database_prediction,,10.1186/1752-0509-8-73,exact,direct AO090 match in UniProt cross-reference,False,Q2UB05,aor:AO090102000161,,5994844
AOC00808,AO090102000171,AO090102000171,,"Mannan endo-1,6-alpha-mannosidase (EC 3.2.1.101)",secretory_client,,unassigned,low,Secretory clients are not assigned to machinery subsystems.,,unknown,unassigned,low,none,,,False,,liu2014,database_prediction,,10.1186/1752-0509-8-73,exact,direct AO090 match in UniProt cross-reference,False,Q2UAZ5,aor:AO090102000171,ko:K08257,5994448
AOC00809,AO090102000183,AO090102000183,,"DNA, SC102",secretory_client,,unassigned,low,Secretory clients are not assigned to machinery subsystems.,,unknown,unassigned,low,none,,,False,,liu2014,database_prediction,,10.1186/1752-0509-8-73,exact,direct AO090 match in UniProt cross-reference,False,Q2UAY5,aor:AO090102000183,,5994458
AOC00810,AO090102000205,AO090102000205,,"DNA, SC102",secretory_client,,unassigned,low,Secretory clients are not assigned to machinery subsystems.,,unknown,unassigned,low,none,,,False,,liu2014,database_prediction,,10.1186/1752-0509-8-73,exact,direct AO090 match in UniProt cross-reference,False,Q2UAW5,aor:AO090102000205,,5994478
AOC00811,AO090102000225,AO090102000225,,"DNA, SC102",secretory_client,,unassigned,low,Secretory clients are not assigned to machinery subsystems.,,unknown,unassigned,low,none,,,False,,liu2014,database_prediction,,10.1186/1752-0509-8-73,exact,direct AO090 match in UniProt cross-reference,False,Q2UAU9,aor:AO090102000225,,5994494
AOC00812,AO090102000248,AO090102000248,,"DNA, SC102",secretory_client,,unassigned,low,Secretory clients are not assigned to machinery subsystems.,,unknown,unassigned,low,none,,,False,,liu2014,database_prediction,,10.1186/1752-0509-8-73,exact,direct AO090 match in UniProt cross-reference,False,Q2UAT5,aor:AO090102000248,ko:K18664,5994847
AOC00813,AO090102000277,AO090102000277,,"DNA, SC102",secretory_client,,unassigned,low,Secretory clients are not assigned to machinery subsystems.,,unknown,unassigned,low,none,,,False,,liu2014,database_prediction,,10.1186/1752-0509-8-73,exact,direct AO090 match in UniProt cross-reference,False,Q2UAR2,aor:AO090102000277,ko:K00387,5994531
AOC00814,AO090102000280,AO090102000280,,"DNA, SC102",secretory_client,,unassigned,low,Secretory clients are not assigned to machinery subsystems.,,unknown,unassigned,low,none,,,False,,liu2014,database_prediction,,10.1186/1752-0509-8-73,exact,direct AO090 match in UniProt cross-reference,False,Q2UAR1,aor:AO090102000280,,5994532
AOC00815,AO090102000290,AO090102000290,,"DNA, SC102",secretory_client,,unassigned,low,Secretory clients are not assigned to machinery subsystems.,,unknown,unassigned,low,none,,,False,,liu2014,database_prediction,,10.1186/1752-0509-8-73,exact,direct AO090 match in UniProt cross-reference,False,Q2UAQ2,aor:AO090102000290,ko:K00789,5994541
AOC00816,AO090102000306,AO090102000306,,"DNA, SC102",secretory_client,,unassigned,low,Secretory clients are not assigned to machinery subsystems.,,unknown,unassigned,low,none,,,False,,liu2014,database_prediction,,10.1186/1752-0509-8-73,exact,direct AO090 match in UniProt cross-reference,False,Q2UAP1,aor:AO090102000306,,5994552
AOC00817,AO090102000313,AO090102000313,,"DNA, SC102",secretory_client,,unassigned,low,Secretory clients are not assigned to machinery subsystems.,,unknown,unassigned,low,none,,,False,,liu2014,database_prediction,,10.1186/1752-0509-8-73,exact,direct AO090 match in UniProt cross-reference,False,Q2UAN6,aor:AO090102000313,ko:K00306,5994557
AOC00818,AO090102000318,AO090102000318,,"DNA, SC102",secretory_client,,unassigned,low,Secretory clients are not assigned to machinery subsystems.,,unknown,unassigned,low,none,,,False,,liu2014,database_prediction,,10.1186/1752-0509-8-73,exact,direct AO090 match in UniProt cross-reference,False,Q2UAN2,aor:AO090102000318,,5994561
AOC00819,AO090102000326,AO090102000326,,"DNA, SC102",secretory_client,,unassigned,low,Secretory clients are not assigned to machinery subsystems.,,unknown,unassigned,low,none,,,False,,liu2014,database_prediction,,10.1186/1752-0509-8-73,exact,direct AO090 match in UniProt cross-reference,False,Q2UAM6,aor:AO090102000326,,5994567
AOC00820,AO090102000329,AO090102000329,,"DNA, SC102",secretory_client,,unassigned,low,Secretory clients are not assigned to machinery subsystems.,,unknown,unassigned,low,none,,,False,,liu2014,database_prediction,,10.1186/1752-0509-8-73,exact,direct AO090 match in UniProt cross-reference,False,Q2UAM4,aor:AO090102000329,,5994569
AOC00821,AO090102000336,AO090102000336,,"DNA, SC102",secretory_client,,unassigned,low,Secretory clients are not assigned to machinery subsystems.,,unknown,unassigned,low,none,,,False,,liu2014,database_prediction,,10.1186/1752-0509-8-73,exact,direct AO090 match in UniProt cross-reference,False,Q2UAL8,aor:AO090102000336,,5994575
AOC00822,AO090102000341,AO090102000341,,"endo-1,3(4)-beta-glucanase (EC 3.2.1.6)",secretory_client,,unassigned,low,Secretory clients are not assigned to machinery subsystems.,,unknown,unassigned,low,none,,,False,,liu2014,database_prediction,,10.1186/1752-0509-8-73,exact,direct AO090 match in UniProt cross-reference,False,Q2UAL3,aor:AO090102000341,,5994848
AOC00823,AO090102000342,AO090102000342,,"DNA, SC102",secretory_client,,unassigned,low,Secretory clients are not assigned to machinery subsystems.,,unknown,unassigned,low,none,,,False,,liu2014,database_prediction,,10.1186/1752-0509-8-73,exact,direct AO090 match in UniProt cross-reference,False,Q2UAL2,aor:AO090102000342,,5994849
AOC00824,AO090102000352,AO090102000352,,"DNA, SC102",secretory_client,,unassigned,low,Secretory clients are not assigned to machinery subsystems.,,unknown,unassigned,low,none,,,False,,liu2014,database_prediction,,10.1186/1752-0509-8-73,exact,direct AO090 match in UniProt cross-reference,False,Q2UAK2,aor:AO090102000352,ko:K22382,5994591
AOC00825,AO090102000389,AO090102000389,,Phosphoribosylformylglycinamidine synthase (EC 6.3.5.3) (Formylglycinamide ribonucleotide amidotransferase) (Formylglycinamide ribotide amidotransferase),secretory_client,,unassigned,low,Secretory clients are not assigned to machinery subsystems.,,unknown,unassigned,low,none,,,False,,liu2014,database_prediction,,10.1186/1752-0509-8-73,exact,direct AO090 match in UniProt cross-reference,False,Q2UAH0,aor:AO090102000389,ko:K01952,5994623
AOC00826,AO090102000392,AO090102000392,,"DNA, SC102",secretory_client,,unassigned,low,Secretory clients are not assigned to machinery subsystems.,,unknown,unassigned,low,none,,,False,,liu2014,database_prediction,,10.1186/1752-0509-8-73,exact,direct AO090 match in UniProt cross-reference,False,Q2UAG7,aor:AO090102000392,,5994626
AOC00827,AO090102000484,AO090102000484,,"DNA, SC102",secretory_client,,unassigned,low,Secretory clients are not assigned to machinery subsystems.,,unknown,unassigned,low,none,,,False,,liu2014,database_prediction,,10.1186/1752-0509-8-73,exact,direct AO090 match in UniProt cross-reference,False,Q2UA98,aor:AO090102000484,,5994695
AOC00828,AO090102000506,AO090102000506,,"DNA, SC102",secretory_client,,unassigned,low,Secretory clients are not assigned to machinery subsystems.,,unknown,unassigned,low,none,,,False,,liu2014,database_prediction,,10.1186/1752-0509-8-73,exact,direct AO090 match in UniProt cross-reference,False,Q2UA81,aor:AO090102000506,,5994712
AOC00829,AO090102000521,AO090102000521,,"DNA, SC102",secretory_client,,unassigned,low,Secretory clients are not assigned to machinery subsystems.,,unknown,unassigned,low,none,,,False,,liu2014,database_prediction,,10.1186/1752-0509-8-73,exact,direct AO090 match in UniProt cross-reference,False,Q2UA67,aor:AO090102000521,ko:K03259,5994726
AOC00830,AO090102000557,AO090102000557,,"DNA, SC102",secretory_client,,unassigned,low,Secretory clients are not assigned to machinery subsystems.,,unknown,unassigned,low,none,,,False,,liu2014,database_prediction,,10.1186/1752-0509-8-73,exact,direct AO090 match in UniProt cross-reference,False,Q2UA39,aor:AO090102000557,ko:K25004,5994754
AOC00831,AO090102000570,AO090102000570,cfd1,Cytosolic Fe-S cluster assembly factor cfd1 (Cytosolic Fe-S cluster-deficient protein 1),secretory_client,,unassigned,low,Secretory clients are not assigned to machinery subsystems.,,unknown,unassigned,low,none,,,False,,liu2014,database_prediction,,10.1186/1752-0509-8-73,exact,direct AO090 match in UniProt cross-reference,False,Q2UA27,aor:AO090102000570,,5994766
AOC00832,AO090102000589,AO090102000589,,"DNA, SC102",secretory_client,,unassigned,low,Secretory clients are not assigned to machinery subsystems.,,unknown,unassigned,low,none,,,False,,liu2014,database_prediction,,10.1186/1752-0509-8-73,exact,direct AO090 match in UniProt cross-reference,False,Q2UA09,aor:AO090102000589,ko:K19791,
AOC00833,AO090102000629,AO090102000629,,"DNA, SC102",secretory_client,,unassigned,low,Secretory clients are not assigned to machinery subsystems.,,unknown,unassigned,low,none,,,False,,liu2014,database_prediction,,10.1186/1752-0509-8-73,exact,direct AO090 match in UniProt cross-reference,False,Q2U9X3,aor:AO090102000629,ko:K15560,5994820
AOC00834,AO090103000010,AO090103000010,,"DNA, SC103",secretory_client,,unassigned,low,Secretory clients are not assigned to machinery subsystems.,,unknown,unassigned,low,none,,,False,,liu2014,database_prediction,,10.1186/1752-0509-8-73,exact,direct AO090 match in UniProt cross-reference,False,Q2TZ25,aor:AO090103000010,ko:K26403,5998753
AOC00835,AO090103000052,AO090103000052,,DNA-directed RNA polymerase subunit,secretory_client,,unassigned,low,Secretory clients are not assigned to machinery subsystems.,,unknown,unassigned,low,none,,,False,,liu2014,database_prediction,,10.1186/1752-0509-8-73,exact,direct AO090 match in UniProt cross-reference,False,Q2TYY8,aor:AO090103000052,ko:K03022,5998790
AOC00836,AO090103000073,AO090103000073,,"DNA, SC103",secretory_client,,unassigned,low,Secretory clients are not assigned to machinery subsystems.,,unknown,unassigned,low,none,,,False,,liu2014,database_prediction,,10.1186/1752-0509-8-73,exact,direct AO090 match in UniProt cross-reference,False,Q2TYX2,aor:AO090103000073,ko:K01114,5998806
AOC00837,AO090103000118,AO090103000118,,Amine oxidase (EC 1.4.3.-),secretory_client,,unassigned,low,Secretory clients are not assigned to machinery subsystems.,,unknown,unassigned,low,none,,,False,,liu2014,database_prediction,,10.1186/1752-0509-8-73,exact,direct AO090 match in UniProt cross-reference,False,Q2TYT4,aor:AO090103000118,ko:K00274,5998844
AOC00838,AO090103000127,AO090103000127,,beta-glucosidase (EC 3.2.1.21),secretory_client,,unassigned,low,Secretory clients are not assigned to machinery subsystems.,,unknown,unassigned,low,none,,,False,,liu2014,database_prediction,,10.1186/1752-0509-8-73,exact,direct AO090 match in UniProt cross-reference,False,Q2TYS6,aor:AO090103000127,ko:K05349,5998852
AOC00839,AO090103000128,AO090103000128,,"DNA, SC103",secretory_client,,unassigned,low,Secretory clients are not assigned to machinery subsystems.,,unknown,unassigned,low,none,,,False,,liu2014,database_prediction,,10.1186/1752-0509-8-73,exact,direct AO090 match in UniProt cross-reference,False,Q2TYS5,aor:AO090103000128,,5998853
AOC00840,AO090103000132,AO090103000132,,"DNA, SC103",secretory_client,,unassigned,low,Secretory clients are not assigned to machinery subsystems.,,unknown,unassigned,low,none,,,False,,liu2014,database_prediction,,10.1186/1752-0509-8-73,exact,direct AO090 match in UniProt cross-reference,False,Q2TYS1,aor:AO090103000132,,5998857
AOC00841,AO090103000145,AO090103000145,,"DNA, SC103",secretory_client,,unassigned,low,Secretory clients are not assigned to machinery subsystems.,,unknown,unassigned,low,none,,,False,,liu2014,database_prediction,,10.1186/1752-0509-8-73,exact,direct AO090 match in UniProt cross-reference,False,Q2TYR1,aor:AO090103000145,,5998867
AOC00842,AO090103000169,AO090103000169,,"DNA, SC103",secretory_client,,unassigned,low,Secretory clients are not assigned to machinery subsystems.,,unknown,unassigned,low,none,,,False,,liu2014,database_prediction,,10.1186/1752-0509-8-73,exact,direct AO090 match in UniProt cross-reference,False,Q2TYP1,aor:AO090103000169,ko:K22151,5998887
AOC00843,AO090103000170,AO090103000170,,"DNA, SC103",secretory_client,,unassigned,low,Secretory clients are not assigned to machinery subsystems.,,unknown,unassigned,low,none,,,False,,liu2014,database_prediction,,10.1186/1752-0509-8-73,exact,direct AO090 match in UniProt cross-reference,False,Q2TYP0,aor:AO090103000170,,
AOC00844,AO090103000173,AO090103000173,,"DNA, SC103",secretory_client,,unassigned,low,Secretory clients are not assigned to machinery subsystems.,,unknown,unassigned,low,none,,,False,,liu2014,database_prediction,,10.1186/1752-0509-8-73,exact,direct AO090 match in UniProt cross-reference,False,Q2TYN8,aor:AO090103000173,,5998890
AOC00845,AO090103000180,AO090103000180,,chitinase (EC 3.2.1.14),secretory_client,,unassigned,low,Secretory clients are not assigned to machinery subsystems.,,unknown,unassigned,low,none,,,False,,liu2014,database_prediction,,10.1186/1752-0509-8-73,exact,direct AO090 match in UniProt cross-reference,False,Q2TYN1,aor:AO090103000180,,5998897
AOC00846,AO090103000183,AO090103000183,,"DNA, SC103",secretory_client,,unassigned,low,Secretory clients are not assigned to machinery subsystems.,,unknown,unassigned,low,none,,,False,,liu2014,database_prediction,,10.1186/1752-0509-8-73,exact,direct AO090 match in UniProt cross-reference,False,Q2TYM8,aor:AO090103000183,,5998900
AOC00847,AO090103000187,AO090103000187,,"DNA, SC103",secretory_client,,unassigned,low,Secretory clients are not assigned to machinery subsystems.,,unknown,unassigned,low,none,,,False,,liu2014,database_prediction,,10.1186/1752-0509-8-73,exact,direct AO090 match in UniProt cross-reference,False,Q2TYM4,aor:AO090103000187,ko:K13953,5998904
AOC00848,AO090103000199,AO090103000199,,"DNA, SC103",secretory_client,,unassigned,low,Secretory clients are not assigned to machinery subsystems.,,unknown,unassigned,low,none,,,False,,liu2014,database_prediction,,10.1186/1752-0509-8-73,exact,direct AO090 match in UniProt cross-reference,False,Q2TYL4,aor:AO090103000199,ko:K03940,5998914
AOC00849,AO090103000206,AO090103000206,,"DNA, SC103",secretory_client,,unassigned,low,Secretory clients are not assigned to machinery subsystems.,,unknown,unassigned,low,none,,,False,,liu2014,database_prediction,,10.1186/1752-0509-8-73,exact,direct AO090 match in UniProt cross-reference,False,Q2TYK7,aor:AO090103000206,ko:K28606,5998921
AOC00850,AO090103000217,AO090103000217,,"DNA, SC103",secretory_client,,unassigned,low,Secretory clients are not assigned to machinery subsystems.,,unknown,unassigned,low,none,,,False,,liu2014,database_prediction,,10.1186/1752-0509-8-73,exact,direct AO090 match in UniProt cross-reference,False,Q2TYJ7,aor:AO090103000217,,5998931
AOC00851,AO090103000224,AO090103000224,,"DNA, SC103",secretory_client,,unassigned,low,Secretory clients are not assigned to machinery subsystems.,,unknown,unassigned,low,none,,,False,,liu2014,database_prediction,,10.1186/1752-0509-8-73,exact,direct AO090 match in UniProt cross-reference,False,Q2TYJ0,aor:AO090103000224,,5998938
AOC00852,AO090103000259,AO090103000259,,"DNA, SC103",secretory_client,,unassigned,low,Secretory clients are not assigned to machinery subsystems.,,unknown,unassigned,low,none,,,False,,liu2014,database_prediction,,10.1186/1752-0509-8-73,exact,direct AO090 match in UniProt cross-reference,False,Q2TYG5,aor:AO090103000259,,5998963
AOC00853,AO090103000276,AO090103000276,,"DNA, SC103",secretory_client,,unassigned,low,Secretory clients are not assigned to machinery subsystems.,,unknown,unassigned,low,none,,,False,,liu2014,database_prediction,,10.1186/1752-0509-8-73,exact,direct AO090 match in UniProt cross-reference,False,Q2TYE9,aor:AO090103000276,,5998979
AOC00854,AO090103000280,AO090103000280,,"DNA, SC103",secretory_client,,unassigned,low,Secretory clients are not assigned to machinery subsystems.,,unknown,unassigned,low,none,,,False,,liu2014,database_prediction,,10.1186/1752-0509-8-73,exact,direct AO090 match in UniProt cross-reference,False,Q2TYE6,aor:AO090103000280,,5998982
AOC00855,AO090103000282,AO090103000282,,hydroxymethylglutaryl-CoA reductase (NADPH) (EC 1.1.1.34),secretory_client,,unassigned,low,Secretory clients are not assigned to machinery subsystems.,,unknown,unassigned,low,none,,,False,,liu2014,database_prediction,,10.1186/1752-0509-8-73,exact,direct AO090 match in UniProt cross-reference,False,Q2TYE4,aor:AO090103000282,,5998984
AOC00856,AO090103000290,AO090103000290,,"DNA, SC103",secretory_client,,unassigned,low,Secretory clients are not assigned to machinery subsystems.,,unknown,unassigned,low,none,,,False,,liu2014,database_prediction,,10.1186/1752-0509-8-73,exact,direct AO090 match in UniProt cross-reference,False,Q2TYD6,aor:AO090103000290,,5998992
AOC00857,AO090103000313,AO090103000313,,"DNA, SC103",secretory_client,,unassigned,low,Secretory clients are not assigned to machinery subsystems.,,unknown,unassigned,low,none,,,False,,liu2014,database_prediction,,10.1186/1752-0509-8-73,exact,direct AO090 match in UniProt cross-reference,False,Q2TYB6,aor:AO090103000313,,5999012
AOC00858,AO090103000341,AO090103000341,,"DNA, SC103",secretory_client,,unassigned,low,Secretory clients are not assigned to machinery subsystems.,,unknown,unassigned,low,none,,,False,,liu2014,database_prediction,,10.1186/1752-0509-8-73,exact,direct AO090 match in UniProt cross-reference,False,Q2TY92,aor:AO090103000341,,5999036
AOC00859,AO090103000360,AO090103000360,,"DNA, SC103",secretory_client,,unassigned,low,Secretory clients are not assigned to machinery subsystems.,,unknown,unassigned,low,none,,,False,,liu2014,database_prediction,,10.1186/1752-0509-8-73,exact,direct AO090 match in UniProt cross-reference,False,Q2TY78,aor:AO090103000360,,5999050
AOC00860,AO090103000361,AO090103000361,,"DNA, SC103",secretory_client,,unassigned,low,Secretory clients are not assigned to machinery subsystems.,,unknown,unassigned,low,none,,,False,,liu2014,database_prediction,,10.1186/1752-0509-8-73,exact,direct AO090 match in UniProt cross-reference,False,Q2TY77,aor:AO090103000361,,10099164
AOC00861,AO090103000364,AO090103000364,,"DNA, SC103",secretory_client,,unassigned,low,Secretory clients are not assigned to machinery subsystems.,,unknown,unassigned,low,none,,,False,,liu2014,database_prediction,,10.1186/1752-0509-8-73,exact,direct AO090 match in UniProt cross-reference,False,Q2TY74,aor:AO090103000364,,5999054
AOC00862,AO090103000366,AO090103000366,,"DNA, SC103",secretory_client,,unassigned,low,Secretory clients are not assigned to machinery subsystems.,,unknown,unassigned,low,none,,,False,,liu2014,database_prediction,,10.1186/1752-0509-8-73,exact,direct AO090 match in UniProt cross-reference,False,Q2TY72,aor:AO090103000366,,5999056
AOC00863,AO090103000374,AO090103000374,,"DNA, SC103",secretory_client,,unassigned,low,Secretory clients are not assigned to machinery subsystems.,,unknown,unassigned,low,none,,,False,,liu2014,database_prediction,,10.1186/1752-0509-8-73,exact,direct AO090 match in UniProt cross-reference,False,Q2TY66,aor:AO090103000374,,5999188
AOC00864,AO090103000382,AO090103000382,MED4,Mediator of RNA polymerase II transcription subunit 4 (Mediator complex subunit 4),secretory_client,,unassigned,low,Secretory clients are not assigned to machinery subsystems.,,unknown,unassigned,low,none,,,False,,liu2014,database_prediction,,10.1186/1752-0509-8-73,exact,direct AO090 match in UniProt cross-reference,False,Q2TY58,aor:AO090103000382,,5999070
AOC00865,AO090103000383,AO090103000383,,"DNA, SC103",secretory_client,,unassigned,low,Secretory clients are not assigned to machinery subsystems.,,unknown,unassigned,low,none,,,False,,liu2014,database_prediction,,10.1186/1752-0509-8-73,exact,direct AO090 match in UniProt cross-reference,False,Q2TY57,aor:AO090103000383,ko:K15109,5999071
AOC00866,AO090103000392,AO090103000392,,"DNA, SC103",secretory_client,,unassigned,low,Secretory clients are not assigned to machinery subsystems.,,unknown,unassigned,low,none,,,False,,liu2014,database_prediction,,10.1186/1752-0509-8-73,exact,direct AO090 match in UniProt cross-reference,False,Q2TY49,aor:AO090103000392,,5999079
AOC00867,AO090103000400,AO090103000400,,"DNA, SC103",secretory_client,,unassigned,low,Secretory clients are not assigned to machinery subsystems.,,unknown,unassigned,low,none,,,False,,liu2014,database_prediction,,10.1186/1752-0509-8-73,exact,direct AO090 match in UniProt cross-reference,False,Q2TY42,aor:AO090103000400,,5999086
AOC00868,AO090103000404,AO090103000404,,"DNA, SC103",secretory_client,,unassigned,low,Secretory clients are not assigned to machinery subsystems.,,unknown,unassigned,low,none,,,False,,liu2014,database_prediction,,10.1186/1752-0509-8-73,exact,direct AO090 match in UniProt cross-reference,False,Q2TY38,aor:AO090103000404,,5999091
AOC00869,AO090103000418,AO090103000418,,"DNA, SC103",secretory_client,,unassigned,low,Secretory clients are not assigned to machinery subsystems.,,unknown,unassigned,low,none,,,False,,liu2014,database_prediction,,10.1186/1752-0509-8-73,exact,direct AO090 match in UniProt cross-reference,False,Q2TY26,aor:AO090103000418,,5999102
AOC00870,AO090103000419,AO090103000419,,"DNA, SC103",secretory_client,,unassigned,low,Secretory clients are not assigned to machinery subsystems.,,unknown,unassigned,low,none,,,False,,liu2014,database_prediction,,10.1186/1752-0509-8-73,exact,direct AO090 match in UniProt cross-reference,False,Q2TY25,aor:AO090103000419,,5999103
AOC00871,AO090103000431,AO090103000431,,"DNA, SC103",secretory_client,,unassigned,low,Secretory clients are not assigned to machinery subsystems.,,unknown,unassigned,low,none,,,False,,liu2014,database_prediction,,10.1186/1752-0509-8-73,exact,direct AO090 match in UniProt cross-reference,False,Q2TY13,aor:AO090103000431,ko:K09484,5999115
AOC00872,AO090103000456,AO090103000456,,"DNA, SC103",secretory_client,,unassigned,low,Secretory clients are not assigned to machinery subsystems.,,unknown,unassigned,low,none,,,False,,liu2014,database_prediction,,10.1186/1752-0509-8-73,exact,direct AO090 match in UniProt cross-reference,False,Q2TXY9,aor:AO090103000456,,5999139
AOC00873,AO090103000464,AO090103000464,,"DNA, SC103",secretory_client,,unassigned,low,Secretory clients are not assigned to machinery subsystems.,,unknown,unassigned,low,none,,,False,,liu2014,database_prediction,,10.1186/1752-0509-8-73,exact,direct AO090 match in UniProt cross-reference,False,Q2TXY6,aor:AO090103000464,,5999190
AOC00874,AO090103000470,AO090103000470,,"DNA, SC103",secretory_client,,unassigned,low,Secretory clients are not assigned to machinery subsystems.,,unknown,unassigned,low,none,,,False,,liu2014,database_prediction,,10.1186/1752-0509-8-73,exact,direct AO090 match in UniProt cross-reference,False,Q2TXY0,aor:AO090103000470,,5999148
AOC00875,AO090103000503,AO090103000503,,"DNA, SC103",secretory_client,,unassigned,low,Secretory clients are not assigned to machinery subsystems.,,unknown,unassigned,low,none,,,False,,liu2014,database_prediction,,10.1186/1752-0509-8-73,exact,direct AO090 match in UniProt cross-reference,False,Q2TXV6,aor:AO090103000503,,5999172
AOC00876,AO090103000508,AO090103000508,,"DNA, SC103",secretory_client,,unassigned,low,Secretory clients are not assigned to machinery subsystems.,,unknown,unassigned,low,none,,,False,,liu2014,database_prediction,,10.1186/1752-0509-8-73,exact,direct AO090 match in UniProt cross-reference,False,Q2TXV2,aor:AO090103000508,,5999176
AOC00877,AO090113000003,AO090113000003,,ubiquitinyl hydrolase 1 (EC 3.4.19.12),secretory_client,,unassigned,low,Secretory clients are not assigned to machinery subsystems.,,unknown,unassigned,low,none,,,False,,liu2014,database_prediction,,10.1186/1752-0509-8-73,exact,direct AO090 match in UniProt cross-reference,False,Q2U5U4,aor:AO090113000003,ko:K11870,5995851
AOC00878,AO090113000011,AO090113000011,,"DNA, SC113",secretory_client,,unassigned,low,Secretory clients are not assigned to machinery subsystems.,,unknown,unassigned,low,none,,,False,,liu2014,database_prediction,,10.1186/1752-0509-8-73,exact,direct AO090 match in UniProt cross-reference,False,Q2U5T8,aor:AO090113000011,,5995857
AOC00879,AO090113000019,AO090113000019,,chitinase (EC 3.2.1.14),secretory_client,,unassigned,low,Secretory clients are not assigned to machinery subsystems.,,unknown,unassigned,low,none,,,False,,liu2014,database_prediction,,10.1186/1752-0509-8-73,exact,direct AO090 match in UniProt cross-reference,False,Q2U5T1,aor:AO090113000019,ko:K01183,5995864
AOC00880,AO090113000031,AO090113000031,,"DNA, SC113",secretory_client,,unassigned,low,Secretory clients are not assigned to machinery subsystems.,,unknown,unassigned,low,none,,,False,,liu2014,database_prediction,,10.1186/1752-0509-8-73,exact,direct AO090 match in UniProt cross-reference,False,Q2U5S2,aor:AO090113000031,,5995873
AOC00881,AO090113000032,AO090113000032,,"DNA, SC113",secretory_client,,unassigned,low,Secretory clients are not assigned to machinery subsystems.,,unknown,unassigned,low,none,,,False,,liu2014,database_prediction,,10.1186/1752-0509-8-73,exact,direct AO090 match in UniProt cross-reference,False,Q2U5S1,aor:AO090113000032,ko:K00505,5995874
AOC00882,AO090113000040,AO090113000040,,"DNA, SC113",secretory_client,,unassigned,low,Secretory clients are not assigned to machinery subsystems.,,unknown,unassigned,low,none,,,False,,liu2014,database_prediction,,10.1186/1752-0509-8-73,exact,direct AO090 match in UniProt cross-reference,False,Q2U5R3,aor:AO090113000040,,5995882
AOC00883,AO090113000041,AO090113000041,,"DNA, SC113",secretory_client,,unassigned,low,Secretory clients are not assigned to machinery subsystems.,,unknown,unassigned,low,none,,,False,,liu2014,database_prediction,,10.1186/1752-0509-8-73,exact,direct AO090 match in UniProt cross-reference,False,Q2U5R2,aor:AO090113000041,,5995883
AOC00884,AO090113000058,AO090113000058,,"DNA, SC113",secretory_client,,unassigned,low,Secretory clients are not assigned to machinery subsystems.,,unknown,unassigned,low,none,,,False,,liu2014,database_prediction,,10.1186/1752-0509-8-73,exact,direct AO090 match in UniProt cross-reference,False,Q2U5P6,aor:AO090113000058,,5995899
AOC00885,AO090113000067,AO090113000067,,"DNA, SC113",secretory_client,,unassigned,low,Secretory clients are not assigned to machinery subsystems.,,unknown,unassigned,low,none,,,False,,liu2014,database_prediction,,10.1186/1752-0509-8-73,exact,direct AO090 match in UniProt cross-reference,False,Q2U5N7,aor:AO090113000067,,5995908
AOC00886,AO090113000073,AO090113000073,,"DNA, SC113",secretory_client,,unassigned,low,Secretory clients are not assigned to machinery subsystems.,,unknown,unassigned,low,none,,,False,,liu2014,database_prediction,,10.1186/1752-0509-8-73,exact,direct AO090 match in UniProt cross-reference,False,Q2U5N4,aor:AO090113000073,,5995911
AOC00887,AO090113000075,AO090113000075,,"DNA, SC113",secretory_client,,unassigned,low,Secretory clients are not assigned to machinery subsystems.,,unknown,unassigned,low,none,,,False,,liu2014,database_prediction,,10.1186/1752-0509-8-73,exact,direct AO090 match in UniProt cross-reference,False,Q2U5N2,aor:AO090113000075,,5995913
AOC00888,AO090113000084,AO090113000084,,"DNA, SC113",secretory_client,,unassigned,low,Secretory clients are not assigned to machinery subsystems.,,unknown,unassigned,low,none,,,False,,liu2014,database_prediction,,10.1186/1752-0509-8-73,exact,direct AO090 match in UniProt cross-reference,False,Q2U5M5,aor:AO090113000084,ko:K00273,5995920
AOC00889,AO090113000099,AO090113000099,,"DNA, SC113",secretory_client,,unassigned,low,Secretory clients are not assigned to machinery subsystems.,,unknown,unassigned,low,none,,,False,,liu2014,database_prediction,,10.1186/1752-0509-8-73,exact,direct AO090 match in UniProt cross-reference,False,Q2U5L3,aor:AO090113000099,,5995932
AOC00890,AO090113000108,AO090113000108,,"DNA, SC113",secretory_client,,unassigned,low,Secretory clients are not assigned to machinery subsystems.,,unknown,unassigned,low,none,,,False,,liu2014,database_prediction,,10.1186/1752-0509-8-73,exact,direct AO090 match in UniProt cross-reference,False,Q2U5K4,aor:AO090113000108,,5995941
AOC00891,AO090113000118,AO090113000118,,"DNA, SC113",secretory_client,,unassigned,low,Secretory clients are not assigned to machinery subsystems.,,unknown,unassigned,low,none,,,False,,liu2014,database_prediction,,10.1186/1752-0509-8-73,exact,direct AO090 match in UniProt cross-reference,False,Q2U5J6,aor:AO090113000118,,5995949
AOC00892,AO090113000141,AO090113000141,,"DNA, SC113",secretory_client,,unassigned,low,Secretory clients are not assigned to machinery subsystems.,,unknown,unassigned,low,none,,,False,,liu2014,database_prediction,,10.1186/1752-0509-8-73,exact,direct AO090 match in UniProt cross-reference,False,Q2U5H5,aor:AO090113000141,,5995970
AOC00893,AO090113000142,AO090113000142,,"DNA, SC113",secretory_client,,unassigned,low,Secretory clients are not assigned to machinery subsystems.,,unknown,unassigned,low,none,,,False,,liu2014,database_prediction,,10.1186/1752-0509-8-73,exact,direct AO090 match in UniProt cross-reference,False,Q2U5H4,aor:AO090113000142,,5995971
AOC00894,AO090113000156,AO090113000156,,"DNA, SC113",secretory_client,,unassigned,low,Secretory clients are not assigned to machinery subsystems.,,unknown,unassigned,low,none,,,False,,liu2014,database_prediction,,10.1186/1752-0509-8-73,exact,direct AO090 match in UniProt cross-reference,False,Q2U5G1,aor:AO090113000156,,5995984
AOC00895,AO090113000169,AO090113000169,,"DNA, SC113",secretory_client,,unassigned,low,Secretory clients are not assigned to machinery subsystems.,,unknown,unassigned,low,none,,,False,,liu2014,database_prediction,,10.1186/1752-0509-8-73,exact,direct AO090 match in UniProt cross-reference,False,Q2U5F1,aor:AO090113000169,,5995994
AOC00896,AO090113000183,AO090113000183,,"DNA, SC113",secretory_client,,unassigned,low,Secretory clients are not assigned to machinery subsystems.,,unknown,unassigned,low,none,,,False,,liu2014,database_prediction,,10.1186/1752-0509-8-73,exact,direct AO090 match in UniProt cross-reference,False,Q2U5E0,aor:AO090113000183,,5996005
AOC00897,AO090113000186,AO090113000186,,Amine oxidase (EC 1.4.3.-),secretory_client,,unassigned,low,Secretory clients are not assigned to machinery subsystems.,,unknown,unassigned,low,none,,,False,,liu2014,database_prediction,,10.1186/1752-0509-8-73,exact,direct AO090 match in UniProt cross-reference,False,Q2U5D7,aor:AO090113000186,ko:K00274,5996008
AOC00898,AO090113000191,AO090113000191,,"DNA, SC113",secretory_client,,unassigned,low,Secretory clients are not assigned to machinery subsystems.,,unknown,unassigned,low,none,,,False,,liu2014,database_prediction,,10.1186/1752-0509-8-73,exact,direct AO090 match in UniProt cross-reference,False,Q2U5D2,aor:AO090113000191,,5996013
AOC00899,AO090113000194,AO090113000194,,"DNA, SC113",secretory_client,,unassigned,low,Secretory clients are not assigned to machinery subsystems.,,unknown,unassigned,low,none,,,False,,liu2014,database_prediction,,10.1186/1752-0509-8-73,exact,direct AO090 match in UniProt cross-reference,False,Q2U5C9,aor:AO090113000194,,5996016
AOC00900,AO090113000202,AO090113000202,,"DNA, SC113",secretory_client,,unassigned,low,Secretory clients are not assigned to machinery subsystems.,,unknown,unassigned,low,none,,,False,,liu2014,database_prediction,,10.1186/1752-0509-8-73,exact,direct AO090 match in UniProt cross-reference,False,Q2U5C2,aor:AO090113000202,,5996023
AOC00901,AO090120000011,AO090120000011,,"DNA, SC113",secretory_client,,unassigned,low,Secretory clients are not assigned to machinery subsystems.,,unknown,unassigned,low,none,,,False,,liu2014,database_prediction,,10.1186/1752-0509-8-73,exact,direct AO090 match in UniProt cross-reference,False,Q2U714,aor:AO090120000011,,5996043
AOC00902,AO090120000013,AO090120000013,,"DNA, SC113",secretory_client,,unassigned,low,Secretory clients are not assigned to machinery subsystems.,,unknown,unassigned,low,none,,,False,,liu2014,database_prediction,,10.1186/1752-0509-8-73,exact,direct AO090 match in UniProt cross-reference,False,Q2U712,aor:AO090120000013,,5996045
AOC00903,AO090120000040,AO090120000040,,"DNA, SC113",secretory_client,,unassigned,low,Secretory clients are not assigned to machinery subsystems.,,unknown,unassigned,low,none,,,False,,liu2014,database_prediction,,10.1186/1752-0509-8-73,exact,direct AO090 match in UniProt cross-reference,False,Q2U6Y8,aor:AO090120000040,ko:K11768,5996069
AOC00904,AO090120000046,AO090120000046,,"DNA, SC113",secretory_client,,unassigned,low,Secretory clients are not assigned to machinery subsystems.,,unknown,unassigned,low,none,,,False,,liu2014,database_prediction,,10.1186/1752-0509-8-73,exact,direct AO090 match in UniProt cross-reference,False,Q2U6Y2,aor:AO090120000046,ko:K00286,5996075
AOC00905,AO090120000047,AO090120000047,,Proline dehydrogenase (EC 1.5.5.2),secretory_client,,unassigned,low,Secretory clients are not assigned to machinery subsystems.,,unknown,unassigned,low,none,,,False,,liu2014,database_prediction,,10.1186/1752-0509-8-73,exact,direct AO090 match in UniProt cross-reference,False,Q2U6Y1,aor:AO090120000047,,5996076
AOC00906,AO090120000052,AO090120000052,,"alpha,alpha-trehalase (EC 3.2.1.28) (Alpha,alpha-trehalase) (Alpha,alpha-trehalose glucohydrolase)",secretory_client,,unassigned,low,Secretory clients are not assigned to machinery subsystems.,,unknown,unassigned,low,none,,,False,,liu2014,database_prediction,,10.1186/1752-0509-8-73,exact,direct AO090 match in UniProt cross-reference,False,Q2U6X8,aor:AO090120000052,ko:K28899,
AOC00907,AO090120000077,AO090120000077,,"DNA, SC113",secretory_client,,unassigned,low,Secretory clients are not assigned to machinery subsystems.,,unknown,unassigned,low,none,,,False,,liu2014,database_prediction,,10.1186/1752-0509-8-73,exact,direct AO090 match in UniProt cross-reference,False,Q2U6V8,aor:AO090120000077,,5996099
AOC00908,AO090120000085,AO090120000085,,"DNA, SC113",secretory_client,,unassigned,low,Secretory clients are not assigned to machinery subsystems.,,unknown,unassigned,low,none,,,False,,liu2014,database_prediction,,10.1186/1752-0509-8-73,exact,direct AO090 match in UniProt cross-reference,False,Q2U6V0,aor:AO090120000085,,5996107
AOC00909,AO090120000098,AO090120000098,,Rab proteins geranylgeranyltransferase,secretory_client,,unassigned,low,Secretory clients are not assigned to machinery subsystems.,,unknown,unassigned,low,none,,,False,,liu2014,database_prediction,,10.1186/1752-0509-8-73,exact,direct AO090 match in UniProt cross-reference,False,Q2U6U1,aor:AO090120000098,ko:K23460,5996116
AOC00910,AO090120000101,AO090120000101,,Ribosomal RNA-processing protein 43,secretory_client,,unassigned,low,Secretory clients are not assigned to machinery subsystems.,,unknown,unassigned,low,none,,,False,,liu2014,database_prediction,,10.1186/1752-0509-8-73,exact,direct AO090 match in UniProt cross-reference,False,Q2U6T8,aor:AO090120000101,ko:K12586,5996119
AOC00911,AO090120000112,AO090120000112,,Thioredoxin peroxidase (Thioredoxin-dependent peroxiredoxin),secretory_client,,unassigned,low,Secretory clients are not assigned to machinery subsystems.,,unknown,unassigned,low,none,,,False,,liu2014,database_prediction,,10.1186/1752-0509-8-73,exact,direct AO090 match in UniProt cross-reference,False,Q2U6S7,aor:AO090120000112,ko:K14171,5996130
AOC00912,AO090120000132,AO090120000132,,Glucosamine 6-phosphate N-acetyltransferase (EC 2.3.1.4),secretory_client,,unassigned,low,Secretory clients are not assigned to machinery subsystems.,,unknown,unassigned,low,none,,,False,,liu2014,database_prediction,,10.1186/1752-0509-8-73,exact,direct AO090 match in UniProt cross-reference,False,Q2U6Q9,aor:AO090120000132,ko:K00621,
AOC00913,AO090120000147,AO090120000147,,"DNA, SC113",secretory_client,,unassigned,low,Secretory clients are not assigned to machinery subsystems.,,unknown,unassigned,low,none,,,False,,liu2014,database_prediction,,10.1186/1752-0509-8-73,exact,direct AO090 match in UniProt cross-reference,False,Q2U6P8,aor:AO090120000147,,5996159
AOC00914,AO090120000158,AO090120000158,lacB,Probable beta-galactosidase B (EC 3.2.1.23) (Lactase B),secretory_client,,unassigned,low,Secretory clients are not assigned to machinery subsystems.,,unknown,unassigned,low,none,,,False,,liu2014,database_prediction,,10.1186/1752-0509-8-73,exact,direct AO090 match in UniProt cross-reference,False,Q2U6P1,,,
AOC00915,AO090120000160,AO090120000160,,"DNA, SC113",secretory_client,,unassigned,low,Secretory clients are not assigned to machinery subsystems.,,unknown,unassigned,low,none,,,False,,liu2014,database_prediction,,10.1186/1752-0509-8-73,exact,direct AO090 match in UniProt cross-reference,False,Q2U6N9,aor:AO090120000160,,5996168
AOC00916,AO090120000164,AO090120000164,,sn-1-specific diacylglycerol lipase (EC 3.1.1.116),secretory_client,,unassigned,low,Secretory clients are not assigned to machinery subsystems.,,unknown,unassigned,low,none,,,False,,liu2014,database_prediction,,10.1186/1752-0509-8-73,exact,direct AO090 match in UniProt cross-reference,False,Q2U6N6,aor:AO090120000164,,5996171
AOC00917,AO090120000167,AO090120000167,,3-phytase (EC 3.1.3.8),secretory_client,,unassigned,low,Secretory clients are not assigned to machinery subsystems.,,unknown,unassigned,low,none,,,False,,liu2014,database_prediction,,10.1186/1752-0509-8-73,exact,direct AO090 match in UniProt cross-reference,False,Q2U6N3,aor:AO090120000167,ko:K01078,5996174
AOC00918,AO090120000180,AO090120000180,,"DNA, SC113",secretory_client,,unassigned,low,Secretory clients are not assigned to machinery subsystems.,,unknown,unassigned,low,none,,,False,,liu2014,database_prediction,,10.1186/1752-0509-8-73,exact,direct AO090 match in UniProt cross-reference,False,Q2U6M1,aor:AO090120000180,ko:K01953,5996186
AOC00919,AO090120000193,AO090120000193,,"DNA, SC113",secretory_client,,unassigned,low,Secretory clients are not assigned to machinery subsystems.,,unknown,unassigned,low,none,,,False,,liu2014,database_prediction,,10.1186/1752-0509-8-73,exact,direct AO090 match in UniProt cross-reference,False,Q2U6L0,aor:AO090120000193,ko:K28035,5996197
AOC00920,AO090120000210,AO090120000210,,"DNA, SC113",secretory_client,,unassigned,low,Secretory clients are not assigned to machinery subsystems.,,unknown,unassigned,low,none,,,False,,liu2014,database_prediction,,10.1186/1752-0509-8-73,exact,direct AO090 match in UniProt cross-reference,False,Q2U6J5,aor:AO090120000210,,5996212
AOC00921,AO090120000231,AO090120000231,,"DNA, SC113",secretory_client,,unassigned,low,Secretory clients are not assigned to machinery subsystems.,,unknown,unassigned,low,none,,,False,,liu2014,database_prediction,,10.1186/1752-0509-8-73,exact,direct AO090 match in UniProt cross-reference,False,Q2U6H8,aor:AO090120000231,,10100089
AOC00922,AO090120000232,AO090120000232,,"DNA, SC113",secretory_client,,unassigned,low,Secretory clients are not assigned to machinery subsystems.,,unknown,unassigned,low,none,,,False,,liu2014,database_prediction,,10.1186/1752-0509-8-73,exact,direct AO090 match in UniProt cross-reference,False,Q2U6H7,aor:AO090120000232,ko:K01288,
AOC00923,AO090120000266,AO090120000266,slx4,Structure-specific endonuclease subunit slx4,secretory_client,,unassigned,low,Secretory clients are not assigned to machinery subsystems.,,unknown,unassigned,low,none,,,False,,liu2014,database_prediction,,10.1186/1752-0509-8-73,exact,direct AO090 match in UniProt cross-reference,False,Q2U6E8,,,
AOC00924,AO090120000271,AO090120000271,,"DNA, SC113",secretory_client,,unassigned,low,Secretory clients are not assigned to machinery subsystems.,,unknown,unassigned,low,none,,,False,,liu2014,database_prediction,,10.1186/1752-0509-8-73,exact,direct AO090 match in UniProt cross-reference,False,Q2U6E4,aor:AO090120000271,,5996263
AOC00925,AO090120000280,AO090120000280,,Alkaline phosphatase (EC 3.1.3.1),secretory_client,,unassigned,low,Secretory clients are not assigned to machinery subsystems.,,unknown,unassigned,low,none,,,False,,liu2014,database_prediction,,10.1186/1752-0509-8-73,exact,direct AO090 match in UniProt cross-reference,False,Q2U6D9,aor:AO090120000280,ko:K01077,5996268
AOC00926,AO090120000291,AO090120000291,,Serine/threonine-protein kinase RIO2 (EC 2.7.11.1) (Serine/threonine-protein kinase rio2),secretory_client,,unassigned,low,Secretory clients are not assigned to machinery subsystems.,,unknown,unassigned,low,none,,,False,,liu2014,database_prediction,,10.1186/1752-0509-8-73,exact,direct AO090 match in UniProt cross-reference,False,Q2U6C8,aor:AO090120000291,ko:K07179,5996279
AOC00927,AO090120000302,AO090120000302,,"DNA, SC113",secretory_client,,unassigned,low,Secretory clients are not assigned to machinery subsystems.,,unknown,unassigned,low,none,,,False,,liu2014,database_prediction,,10.1186/1752-0509-8-73,exact,direct AO090 match in UniProt cross-reference,False,Q2U6B9,aor:AO090120000302,ko:K15361,5996288
AOC00928,AO090120000304,AO090120000304,,"DNA, SC113",secretory_client,,unassigned,low,Secretory clients are not assigned to machinery subsystems.,,unknown,unassigned,low,none,,,False,,liu2014,database_prediction,,10.1186/1752-0509-8-73,exact,direct AO090 match in UniProt cross-reference,False,Q2U6B7,aor:AO090120000304,ko:K15111,5996290
AOC00929,AO090120000326,AO090120000326,,"DNA, SC113",secretory_client,,unassigned,low,Secretory clients are not assigned to machinery subsystems.,,unknown,unassigned,low,none,,,False,,liu2014,database_prediction,,10.1186/1752-0509-8-73,exact,direct AO090 match in UniProt cross-reference,False,Q2U697,aor:AO090120000326,ko:K14857,
AOC00930,AO090120000340,AO090120000340,samB,MYND-type zinc finger protein samB (Suppressor of anucleate metulae protein B),secretory_client,,unassigned,low,Secretory clients are not assigned to machinery subsystems.,,unknown,unassigned,low,none,,,False,,liu2014,database_prediction,,10.1186/1752-0509-8-73,exact,direct AO090 match in UniProt cross-reference,False,Q2U685,aor:AO090120000340,,5996322
AOC00931,AO090120000343,AO090120000343,,"DNA, SC113",secretory_client,,unassigned,low,Secretory clients are not assigned to machinery subsystems.,,unknown,unassigned,low,none,,,False,,liu2014,database_prediction,,10.1186/1752-0509-8-73,exact,direct AO090 match in UniProt cross-reference,False,Q2U682,aor:AO090120000343,,5996325
AOC00932,AO090120000357,AO090120000357,,"DNA, SC113",secretory_client,,unassigned,low,Secretory clients are not assigned to machinery subsystems.,,unknown,unassigned,low,none,,,False,,liu2014,database_prediction,,10.1186/1752-0509-8-73,exact,direct AO090 match in UniProt cross-reference,False,Q2U670,aor:AO090120000357,,5996337
AOC00933,AO090120000366,AO090120000366,,"DNA, SC113",secretory_client,,unassigned,low,Secretory clients are not assigned to machinery subsystems.,,unknown,unassigned,low,none,,,False,,liu2014,database_prediction,,10.1186/1752-0509-8-73,exact,direct AO090 match in UniProt cross-reference,False,Q2U662,aor:AO090120000366,,35119810
AOC00934,AO090120000372,AO090120000372,,"DNA, SC113",secretory_client,,unassigned,low,Secretory clients are not assigned to machinery subsystems.,,unknown,unassigned,low,none,,,False,,liu2014,database_prediction,,10.1186/1752-0509-8-73,exact,direct AO090 match in UniProt cross-reference,False,Q2U656,aor:AO090120000372,,5996351
AOC00935,AO090120000376,AO090120000376,,"DNA, SC113",secretory_client,,unassigned,low,Secretory clients are not assigned to machinery subsystems.,,unknown,unassigned,low,none,,,False,,liu2014,database_prediction,,10.1186/1752-0509-8-73,exact,direct AO090 match in UniProt cross-reference,False,Q2U653,aor:AO090120000376,,
AOC00936,AO090120000393,AO090120000393,tel1,Serine/threonine-protein kinase tel1 (EC 2.7.11.1) (ATM homolog) (DNA-damage checkpoint kinase tel1) (Telomere length regulation protein 1),secretory_client,,unassigned,low,Secretory clients are not assigned to machinery subsystems.,,unknown,unassigned,low,none,,,False,,liu2014,database_prediction,,10.1186/1752-0509-8-73,exact,direct AO090 match in UniProt cross-reference,False,Q2U639,,ko:K04728,
AOC00937,AO090023000875,AO090023000875,,"DNA, SC023",secretory_client,,unassigned,low,Secretory clients are not assigned to machinery subsystems.,,unknown,unassigned,low,none,,,True,down,liu2014,database_prediction,,10.1186/1752-0509-8-73,exact,direct AO090 match in UniProt cross-reference,False,Q2UGE3,aor:AO090023000875,ko:K17644,5993376
AOC00938,AO090120000397,AO090120000397,,Small nuclear ribonucleoprotein Sm D2 (Sm-D2) (snRNP core protein D2),secretory_client,,unassigned,low,Secretory clients are not assigned to machinery subsystems.,,unknown,unassigned,low,none,,,False,,liu2014,database_prediction,,10.1186/1752-0509-8-73,exact,direct AO090 match in UniProt cross-reference,False,Q2U636,aor:AO090120000397,ko:K11096,5996371
AOC00939,AO090120000401,AO090120000401,,"DNA, SC113",secretory_client,,unassigned,low,Secretory clients are not assigned to machinery subsystems.,,unknown,unassigned,low,none,,,False,,liu2014,database_prediction,,10.1186/1752-0509-8-73,exact,direct AO090 match in UniProt cross-reference,False,Q2U632,aor:AO090120000401,,35119811
AOC00940,AO090120000418,AO090120000418,atfB,Basic leucine zipper (bZIP) transcription factor atfB,secretory_client,,unassigned,low,Secretory clients are not assigned to machinery subsystems.,,unknown,unassigned,low,none,,,False,,liu2014,database_prediction,,10.1186/1752-0509-8-73,exact,direct AO090 match in UniProt cross-reference,False,Q2U616,aor:AO090120000418,,5996391
AOC00941,AO090120000420,AO090120000420,,"DNA, SC113",secretory_client,,unassigned,low,Secretory clients are not assigned to machinery subsystems.,,unknown,unassigned,low,none,,,False,,liu2014,database_prediction,,10.1186/1752-0509-8-73,exact,direct AO090 match in UniProt cross-reference,False,Q2U615,aor:AO090120000420,ko:K07200,
AOC00942,AO090120000422,AO090120000422,,DNA polymerase alpha subunit B,secretory_client,,unassigned,low,Secretory clients are not assigned to machinery subsystems.,,unknown,unassigned,low,none,,,False,,liu2014,database_prediction,,10.1186/1752-0509-8-73,exact,direct AO090 match in UniProt cross-reference,False,Q2U613,aor:AO090120000422,ko:K02321,5996394
AOC00943,AO090120000449,AO090120000449,,"DNA, SC113",secretory_client,,unassigned,low,Secretory clients are not assigned to machinery subsystems.,,unknown,unassigned,low,none,,,False,,liu2014,database_prediction,,10.1186/1752-0509-8-73,exact,direct AO090 match in UniProt cross-reference,False,Q2U5Z0,aor:AO090120000449,,5996417
AOC00944,AO090120000459,AO090120000459,,"DNA, SC113",secretory_client,,unassigned,low,Secretory clients are not assigned to machinery subsystems.,,unknown,unassigned,low,none,,,False,,liu2014,database_prediction,,10.1186/1752-0509-8-73,exact,direct AO090 match in UniProt cross-reference,False,Q2U5Y3,aor:AO090120000459,,5996424
AOC00945,AO090120000483,AO090120000483,,"DNA, SC113",secretory_client,,unassigned,low,Secretory clients are not assigned to machinery subsystems.,,unknown,unassigned,low,none,,,False,,liu2014,database_prediction,,10.1186/1752-0509-8-73,exact,direct AO090 match in UniProt cross-reference,False,Q2U5W5,aor:AO090120000483,ko:K03507,5996442
AOC00946,AO090124000004,AO090124000004,,"DNA, SC124",secretory_client,,unassigned,low,Secretory clients are not assigned to machinery subsystems.,,unknown,unassigned,low,none,,,False,,liu2014,database_prediction,,10.1186/1752-0509-8-73,exact,direct AO090 match in UniProt cross-reference,False,Q2U7A9,aor:AO090124000004,,5995760
AOC00947,AO090124000029,AO090124000029,,"DNA, SC124",secretory_client,,unassigned,low,Secretory clients are not assigned to machinery subsystems.,,unknown,unassigned,low,none,,,False,,liu2014,database_prediction,,10.1186/1752-0509-8-73,exact,direct AO090 match in UniProt cross-reference,False,Q2U784,aor:AO090124000029,,5995785
AOC00948,AO090124000078,AO090124000078,,"DNA, SC124",secretory_client,,unassigned,low,Secretory clients are not assigned to machinery subsystems.,,unknown,unassigned,low,none,,,False,,liu2014,database_prediction,,10.1186/1752-0509-8-73,exact,direct AO090 match in UniProt cross-reference,False,Q2U739,aor:AO090124000078,,5995830
AOC00949,AO090124000083,AO090124000083,,Fatty acid synthase subunit alpha (EC 1.1.1.100) (EC 2.3.1.41) (EC 2.3.1.86),secretory_client,,unassigned,low,Secretory clients are not assigned to machinery subsystems.,,unknown,unassigned,low,none,,,False,,liu2014,database_prediction,,10.1186/1752-0509-8-73,exact,direct AO090 match in UniProt cross-reference,False,Q2U734,aor:AO090124000083,ko:K00667,5995835
AOC00950,AO090138000033,AO090138000033,,"DNA, SC138",secretory_client,,unassigned,low,Secretory clients are not assigned to machinery subsystems.,,unknown,unassigned,low,none,,,False,,liu2014,database_prediction,,10.1186/1752-0509-8-73,exact,direct AO090 match in UniProt cross-reference,False,Q2U1Z9,aor:AO090138000033,,5997650
AOC00951,AO090138000040,AO090138000040,,"DNA, SC138",secretory_client,,unassigned,low,Secretory clients are not assigned to machinery subsystems.,,unknown,unassigned,low,none,,,False,,liu2014,database_prediction,,10.1186/1752-0509-8-73,exact,direct AO090 match in UniProt cross-reference,False,Q2U1Z2,aor:AO090138000040,ko:K00306,5997657
AOC00952,AO090138000085,AO090138000085,,"DNA, SC138",secretory_client,,unassigned,low,Secretory clients are not assigned to machinery subsystems.,,unknown,unassigned,low,none,,,False,,liu2014,database_prediction,,10.1186/1752-0509-8-73,exact,direct AO090 match in UniProt cross-reference,False,Q2U1V2,aor:AO090138000085,,5997697
AOC00953,AO090138000086,AO090138000086,,"DNA, SC138",secretory_client,,unassigned,low,Secretory clients are not assigned to machinery subsystems.,,unknown,unassigned,low,none,,,False,,liu2014,database_prediction,,10.1186/1752-0509-8-73,exact,direct AO090 match in UniProt cross-reference,False,Q2U1V1,aor:AO090138000086,,5997698
AOC00954,AO090138000090,AO090138000090,,"DNA, SC138",secretory_client,,unassigned,low,Secretory clients are not assigned to machinery subsystems.,,unknown,unassigned,low,none,,,False,,liu2014,database_prediction,,10.1186/1752-0509-8-73,exact,direct AO090 match in UniProt cross-reference,False,Q2U1U7,aor:AO090138000090,,5997702
AOC00955,AO090138000109,AO090138000109,,"DNA, SC138",secretory_client,,unassigned,low,Secretory clients are not assigned to machinery subsystems.,,unknown,unassigned,low,none,,,False,,liu2014,database_prediction,,10.1186/1752-0509-8-73,exact,direct AO090 match in UniProt cross-reference,False,Q2U1T1,aor:AO090138000109,,5997718
AOC00956,AO090138000124,AO090138000124,,"DNA, SC138",secretory_client,,unassigned,low,Secretory clients are not assigned to machinery subsystems.,,unknown,unassigned,low,none,,,False,,liu2014,database_prediction,,10.1186/1752-0509-8-73,exact,direct AO090 match in UniProt cross-reference,False,Q2U1R6,aor:AO090138000124,,5997733
AOC00957,AO090138000126,AO090138000126,,"DNA, SC138",secretory_client,,unassigned,low,Secretory clients are not assigned to machinery subsystems.,,unknown,unassigned,low,none,,,False,,liu2014,database_prediction,,10.1186/1752-0509-8-73,exact,direct AO090 match in UniProt cross-reference,False,Q2U1R4,aor:AO090138000126,,5997735
AOC00958,AO090138000153,AO090138000153,,"DNA, SC138",secretory_client,,unassigned,low,Secretory clients are not assigned to machinery subsystems.,,unknown,unassigned,low,none,,,False,,liu2014,database_prediction,,10.1186/1752-0509-8-73,exact,direct AO090 match in UniProt cross-reference,False,Q2U1P1,aor:AO090138000153,,5997758
AOC00959,AO090138000154,AO090138000154,,"DNA, SC138",secretory_client,,unassigned,low,Secretory clients are not assigned to machinery subsystems.,,unknown,unassigned,low,none,,,False,,liu2014,database_prediction,,10.1186/1752-0509-8-73,exact,direct AO090 match in UniProt cross-reference,False,Q2U1P0,aor:AO090138000154,,35119823
AOC00960,AO090138000157,AO090138000157,,"DNA, SC138",secretory_client,,unassigned,low,Secretory clients are not assigned to machinery subsystems.,,unknown,unassigned,low,none,,,False,,liu2014,database_prediction,,10.1186/1752-0509-8-73,exact,direct AO090 match in UniProt cross-reference,False,Q2U1N7,aor:AO090138000157,,5997762
AOC00961,AO090138000170,AO090138000170,,nitric-oxide synthase (NADPH) (EC 1.14.13.39),secretory_client,,unassigned,low,Secretory clients are not assigned to machinery subsystems.,,unknown,unassigned,low,none,,,False,,liu2014,database_prediction,,10.1186/1752-0509-8-73,exact,direct AO090 match in UniProt cross-reference,False,Q2U1M5,aor:AO090138000170,,5997774
AOC00962,AO090138000171,AO090138000171,,nitric-oxide synthase (NADPH) (EC 1.14.13.39),secretory_client,,unassigned,low,Secretory clients are not assigned to machinery subsystems.,,unknown,unassigned,low,none,,,False,,liu2014,database_prediction,,10.1186/1752-0509-8-73,exact,direct AO090 match in UniProt cross-reference,False,Q2U1M4,aor:AO090138000171,,5997775
AOC00963,AO090138000179,AO090138000179,,"DNA, SC138",secretory_client,,unassigned,low,Secretory clients are not assigned to machinery subsystems.,,unknown,unassigned,low,none,,,False,,liu2014,database_prediction,,10.1186/1752-0509-8-73,exact,direct AO090 match in UniProt cross-reference,False,Q2U1L9,aor:AO090138000179,,5997780
AOC00964,AO090138000180,AO090138000180,,"DNA, SC138",secretory_client,,unassigned,low,Secretory clients are not assigned to machinery subsystems.,,unknown,unassigned,low,none,,,False,,liu2014,database_prediction,,10.1186/1752-0509-8-73,exact,direct AO090 match in UniProt cross-reference,False,Q2U1L8,aor:AO090138000180,,5997781
AOC00965,AO090138000190,AO090138000190,,"DNA, SC138",secretory_client,,unassigned,low,Secretory clients are not assigned to machinery subsystems.,,unknown,unassigned,low,none,,,False,,liu2014,database_prediction,,10.1186/1752-0509-8-73,exact,direct AO090 match in UniProt cross-reference,False,Q2U1L3,aor:AO090138000190,,5997786
AOC00966,AO090166000036,AO090166000036,,"DNA, SC166",secretory_client,,unassigned,low,Secretory clients are not assigned to machinery subsystems.,,unknown,unassigned,low,none,,,False,,liu2014,database_prediction,,10.1186/1752-0509-8-73,exact,direct AO090 match in UniProt cross-reference,False,Q2U9S5,aor:AO090166000036,,5994879
AOC00967,AO090166000040,AO090166000040,,"DNA, SC166",secretory_client,,unassigned,low,Secretory clients are not assigned to machinery subsystems.,,unknown,unassigned,low,none,,,False,,liu2014,database_prediction,,10.1186/1752-0509-8-73,exact,direct AO090 match in UniProt cross-reference,False,Q2U9S2,aor:AO090166000040,,5994882
AOC00968,AO090166000050,AO090166000050,,Arylsulfatase (AS) (EC 3.1.6.1) (Aryl-sulfate sulphohydrolase),secretory_client,,unassigned,low,Secretory clients are not assigned to machinery subsystems.,,unknown,unassigned,low,none,,,False,,liu2014,database_prediction,,10.1186/1752-0509-8-73,exact,direct AO090 match in UniProt cross-reference,False,Q2U9R3,aor:AO090166000050,,5994891
AOC00969,AO090166000072,AO090166000072,,"DNA, SC166",secretory_client,,unassigned,low,Secretory clients are not assigned to machinery subsystems.,,unknown,unassigned,low,none,,,False,,liu2014,database_prediction,,10.1186/1752-0509-8-73,exact,direct AO090 match in UniProt cross-reference,False,Q2U9P2,aor:AO090166000072,,5994912
AOC00970,AO090166000088,AO090166000088,,"DNA, SC166",secretory_client,,unassigned,low,Secretory clients are not assigned to machinery subsystems.,,unknown,unassigned,low,none,,,False,,liu2014,database_prediction,,10.1186/1752-0509-8-73,exact,direct AO090 match in UniProt cross-reference,False,Q2U9M9,aor:AO090166000088,,5994925
AOC00971,AO090166000116,AO090166000116,,"DNA, SC166",secretory_client,,unassigned,low,Secretory clients are not assigned to machinery subsystems.,,unknown,unassigned,low,none,,,False,,liu2014,database_prediction,,10.1186/1752-0509-8-73,exact,direct AO090 match in UniProt cross-reference,False,Q2U9K8,aor:AO090166000116,,5994946
AOC00972,AO090166000118,AO090166000118,,"DNA, SC166",secretory_client,,unassigned,low,Secretory clients are not assigned to machinery subsystems.,,unknown,unassigned,low,none,,,False,,liu2014,database_prediction,,10.1186/1752-0509-8-73,exact,direct AO090 match in UniProt cross-reference,False,Q2U9K6,aor:AO090166000118,,5994948
AOC00973,AO090166000121,AO090166000121,,"DNA, SC166",secretory_client,,unassigned,low,Secretory clients are not assigned to machinery subsystems.,,unknown,unassigned,low,none,,,False,,liu2014,database_prediction,,10.1186/1752-0509-8-73,exact,direct AO090 match in UniProt cross-reference,False,Q2U9K3,aor:AO090166000121,,5994951
AOC00974,AO090206000031,AO090206000031,,"DNA, SC206",secretory_client,,unassigned,low,Secretory clients are not assigned to machinery subsystems.,,unknown,unassigned,low,none,,,False,,liu2014,database_prediction,,10.1186/1752-0509-8-73,exact,direct AO090 match in UniProt cross-reference,False,Q2PIW8,aor:AO090206000031,ko:K08869,5998655
AOC00975,AO090206000032,AO090206000032,,"DNA, SC206",secretory_client,,unassigned,low,Secretory clients are not assigned to machinery subsystems.,,unknown,unassigned,low,none,,,False,,liu2014,database_prediction,,10.1186/1752-0509-8-73,exact,direct AO090 match in UniProt cross-reference,False,Q2PIW7,aor:AO090206000032,,5998656
AOC00976,AO090206000042,AO090206000042,,"DNA, SC206",secretory_client,,unassigned,low,Secretory clients are not assigned to machinery subsystems.,,unknown,unassigned,low,none,,,False,,liu2014,database_prediction,,10.1186/1752-0509-8-73,exact,direct AO090 match in UniProt cross-reference,False,Q2PIW0,aor:AO090206000042,,5998664
AOC00977,AO090206000109,AO090206000109,,"DNA, SC206",secretory_client,,unassigned,low,Secretory clients are not assigned to machinery subsystems.,,unknown,unassigned,low,none,,,False,,liu2014,database_prediction,,10.1186/1752-0509-8-73,exact,direct AO090 match in UniProt cross-reference,False,Q2PIQ6,aor:AO090206000109,,5998717
AOC00978,AO090206000118,AO090206000118,,"DNA, SC206",secretory_client,,unassigned,low,Secretory clients are not assigned to machinery subsystems.,,unknown,unassigned,low,none,,,False,,liu2014,database_prediction,,10.1186/1752-0509-8-73,exact,direct AO090 match in UniProt cross-reference,False,Q2PIP8,aor:AO090206000118,,5998725
AOC00979,AO090206000120,AO090206000120,,"DNA, SC206",secretory_client,,unassigned,low,Secretory clients are not assigned to machinery subsystems.,,unknown,unassigned,low,none,,,False,,liu2014,database_prediction,,10.1186/1752-0509-8-73,exact,direct AO090 match in UniProt cross-reference,False,Q2PIP6,aor:AO090206000120,,5998727
AOC00980,AO090206000125,AO090206000125,,"DNA, SC206",secretory_client,,unassigned,low,Secretory clients are not assigned to machinery subsystems.,,unknown,unassigned,low,none,,,False,,liu2014,database_prediction,,10.1186/1752-0509-8-73,exact,direct AO090 match in UniProt cross-reference,False,Q2PIP1,aor:AO090206000125,ko:K00286,5998732
AOC00981,AO090206000129,AO090206000129,,"DNA, SC206",secretory_client,,unassigned,low,Secretory clients are not assigned to machinery subsystems.,,unknown,unassigned,low,none,,,False,,liu2014,database_prediction,,10.1186/1752-0509-8-73,exact,direct AO090 match in UniProt cross-reference,False,Q2PIN8,aor:AO090206000129,,10099240
AOC00982,AO090308000021,AO090308000021,,"DNA, SC308",secretory_client,,unassigned,low,Secretory clients are not assigned to machinery subsystems.,,unknown,unassigned,low,none,,,False,,liu2014,database_prediction,,10.1186/1752-0509-8-73,exact,direct AO090 match in UniProt cross-reference,False,Q2UPF0,aor:AO090308000021,ko:K04618,5990540
AOC00983,AO090655000001,AO090655000001,mri1,Methylthioribose-1-phosphate isomerase (M1Pi) (MTR-1-P isomerase) (EC 5.3.1.23) (S-methyl-5-thioribose-1-phosphate isomerase) (Translation initiation factor eIF-2B subunit alpha/beta/delta-like protein),secretory_client,,unassigned,low,Secretory clients are not assigned to machinery subsystems.,,unknown,unassigned,low,none,,,False,,liu2014,database_prediction,,10.1186/1752-0509-8-73,exact,direct AO090 match in UniProt cross-reference,False,Q2UIM3,,ko:K08963,
AOC00984,AO090672000003,AO090672000003,,[acyl-carrier-protein] S-malonyltransferase (EC 2.3.1.39),secretory_client,,unassigned,low,Secretory clients are not assigned to machinery subsystems.,,unknown,unassigned,low,none,,,False,,liu2014,database_prediction,,10.1186/1752-0509-8-73,exact,direct AO090 match in UniProt cross-reference,False,Q2UG19,aor:AO090672000003,ko:K00645,5993526
AOC00985,AO090672000008,AO090672000008,,U3 small nucleolar ribonucleoprotein protein MPP10,secretory_client,,unassigned,low,Secretory clients are not assigned to machinery subsystems.,,unknown,unassigned,low,none,,,False,,liu2014,database_prediction,,10.1186/1752-0509-8-73,exact,direct AO090 match in UniProt cross-reference,False,Q2UG15,aor:AO090672000008,ko:K14559,5993531
AOC00986,AO090701000026,AO090701000026,,Translocase of outer membrane 40 kDa subunit,secretory_client,,unassigned,low,Secretory clients are not assigned to machinery subsystems.,,unknown,unassigned,low,none,,,False,,liu2014,database_prediction,,10.1186/1752-0509-8-73,exact,direct AO090 match in UniProt cross-reference,False,Q2U9H8,aor:AO090701000026,ko:K11518,
AOC00987,AO090701000032,AO090701000032,,"DNA, SC111",secretory_client,,unassigned,low,Secretory clients are not assigned to machinery subsystems.,,unknown,unassigned,low,none,,,False,,liu2014,database_prediction,,10.1186/1752-0509-8-73,exact,direct AO090 match in UniProt cross-reference,False,Q2U9H2,aor:AO090701000032,ko:K23387,5994983
AOC00988,AO090701000065,AO090701000065,,"Actin, gamma",secretory_client,,unassigned,low,Secretory clients are not assigned to machinery subsystems.,,unknown,unassigned,low,none,,,False,,liu2014,database_prediction,,10.1186/1752-0509-8-73,exact,direct AO090 match in UniProt cross-reference,False,Q2U9E1,aor:AO090701000065,ko:K10355,
AOC00989,AO090701000106,AO090701000106,mmm1,Maintenance of mitochondrial morphology protein 1,secretory_client,,unassigned,low,Secretory clients are not assigned to machinery subsystems.,,unknown,unassigned,low,none,,,False,,liu2014,database_prediction,,10.1186/1752-0509-8-73,exact,direct AO090 match in UniProt cross-reference,False,Q2U9A7,,ko:K17764,5995048
AOC00990,AO090701000113,AO090701000113,,"DNA, SC111",secretory_client,,unassigned,low,Secretory clients are not assigned to machinery subsystems.,,unknown,unassigned,low,none,,,False,,liu2014,database_prediction,,10.1186/1752-0509-8-73,exact,direct AO090 match in UniProt cross-reference,False,Q2U9A2,aor:AO090701000113,,5995053
AOC00991,AO090701000114,AO090701000114,,"DNA, SC111",secretory_client,,unassigned,low,Secretory clients are not assigned to machinery subsystems.,,unknown,unassigned,low,none,,,False,,liu2014,database_prediction,,10.1186/1752-0509-8-73,exact,direct AO090 match in UniProt cross-reference,False,Q2U9A1,aor:AO090701000114,,5995054
AOC00992,AO090701000136,AO090701000136,,"DNA, SC111",secretory_client,,unassigned,low,Secretory clients are not assigned to machinery subsystems.,,unknown,unassigned,low,none,,,False,,liu2014,database_prediction,,10.1186/1752-0509-8-73,exact,direct AO090 match in UniProt cross-reference,False,Q2U981,aor:AO090701000136,,5995073
AOC00993,AO090701000141,AO090701000141,,Mannosyl-oligosaccharide glucosidase (EC 3.2.1.106) (Glucosidase I),secretory_client,,unassigned,low,Secretory clients are not assigned to machinery subsystems.,,unknown,unassigned,low,none,,,False,,liu2014,database_prediction,,10.1186/1752-0509-8-73,exact,direct AO090 match in UniProt cross-reference,False,Q2U976,aor:AO090701000141,ko:K01228,
AOC00994,AO090701000165,AO090701000165,,"DNA, SC111",secretory_client,,unassigned,low,Secretory clients are not assigned to machinery subsystems.,,unknown,unassigned,low,none,,,False,,liu2014,database_prediction,,10.1186/1752-0509-8-73,exact,direct AO090 match in UniProt cross-reference,False,Q2U956,aor:AO090701000165,,5995099
AOC00995,AO090701000173,AO090701000173,,Amidophosphoribosyltransferase (ATase) (EC 2.4.2.14) (Glutamine phosphoribosylpyrophosphate amidotransferase),secretory_client,,unassigned,low,Secretory clients are not assigned to machinery subsystems.,,unknown,unassigned,low,none,,,False,,liu2014,database_prediction,,10.1186/1752-0509-8-73,exact,direct AO090 match in UniProt cross-reference,False,Q2U950,aor:AO090701000173,ko:K00764,5995105
AOC00996,AO090701000178,AO090701000178,,"DNA, SC111",secretory_client,,unassigned,low,Secretory clients are not assigned to machinery subsystems.,,unknown,unassigned,low,none,,,False,,liu2014,database_prediction,,10.1186/1752-0509-8-73,exact,direct AO090 match in UniProt cross-reference,False,Q2U945,aor:AO090701000178,,35119840
AOC00997,AO090701000189,AO090701000189,,Pre-rRNA-processing protein RIX1,secretory_client,,unassigned,low,Secretory clients are not assigned to machinery subsystems.,,unknown,unassigned,low,none,,,False,,liu2014,database_prediction,,10.1186/1752-0509-8-73,exact,direct AO090 match in UniProt cross-reference,False,Q2U935,aor:AO090701000189,ko:K14828,5995120
AOC00998,AO090701000202,AO090701000202,,"DNA, SC111",secretory_client,,unassigned,low,Secretory clients are not assigned to machinery subsystems.,,unknown,unassigned,low,none,,,False,,liu2014,database_prediction,,10.1186/1752-0509-8-73,exact,direct AO090 match in UniProt cross-reference,False,Q2U923,aor:AO090701000202,,5995132
AOC00999,AO090701000218,AO090701000218,pbn1,Protein pbn1,secretory_client,,unassigned,low,Secretory clients are not assigned to machinery subsystems.,,unknown,unassigned,low,none,,,False,,liu2014,database_prediction,,10.1186/1752-0509-8-73,exact,direct AO090 match in UniProt cross-reference,False,Q2U910,,,
AOC01000,AO090701000220,AO090701000220,,Carboxypeptidase (EC 3.4.16.-),secretory_client,,unassigned,low,Secretory clients are not assigned to machinery subsystems.,,unknown,unassigned,low,none,,,False,,liu2014,database_prediction,,10.1186/1752-0509-8-73,exact,direct AO090 match in UniProt cross-reference,False,Q2U908,aor:AO090701000220,,
AOC01001,AO090701000229,AO090701000229,,"DNA, SC111",secretory_client,,unassigned,low,Secretory clients are not assigned to machinery subsystems.,,unknown,unassigned,low,none,,,False,,liu2014,database_prediction,,10.1186/1752-0509-8-73,exact,direct AO090 match in UniProt cross-reference,False,Q2U8Z9,aor:AO090701000229,,5995156
AOC01002,AO090701000243,AO090701000243,,UDP-N-acetylglucosamine 1-carboxyvinyltransferase (EC 2.5.1.7) (Enoylpyruvate transferase) (UDP-N-acetylglucosamine enolpyruvyl transferase),secretory_client,,unassigned,low,Secretory clients are not assigned to machinery subsystems.,,unknown,unassigned,low,none,,,False,,liu2014,database_prediction,,10.1186/1752-0509-8-73,exact,direct AO090 match in UniProt cross-reference,False,Q2U8Y6,aor:AO090701000243,,10100153
AOC01003,AO090701000246,AO090701000246,AA13,Inactive AA13 family lytic polysaccharide monooxygenase,secretory_client,,unassigned,low,Secretory clients are not assigned to machinery subsystems.,,unknown,unassigned,low,none,,,False,,liu2014,database_prediction,,10.1186/1752-0509-8-73,exact,direct AO090 match in UniProt cross-reference,False,Q2U8Y3,,ko:K00516,
AOC01004,AO090701000257,AO090701000257,,"DNA, SC111",secretory_client,,unassigned,low,Secretory clients are not assigned to machinery subsystems.,,unknown,unassigned,low,none,,,False,,liu2014,database_prediction,,10.1186/1752-0509-8-73,exact,direct AO090 match in UniProt cross-reference,False,Q2U8X3,aor:AO090701000257,,5995182
AOC01005,AO090701000260,AO090701000260,,"DNA, SC111",secretory_client,,unassigned,low,Secretory clients are not assigned to machinery subsystems.,,unknown,unassigned,low,none,,,False,,liu2014,database_prediction,,10.1186/1752-0509-8-73,exact,direct AO090 match in UniProt cross-reference,False,Q2U8X1,aor:AO090701000260,,5995184
AOC01006,AO090701000262,AO090701000262,,"DNA, SC111",secretory_client,,unassigned,low,Secretory clients are not assigned to machinery subsystems.,,unknown,unassigned,low,none,,,False,,liu2014,database_prediction,,10.1186/1752-0509-8-73,exact,direct AO090 match in UniProt cross-reference,False,Q2U8X0,aor:AO090701000262,,5995185
AOC01007,AO090701000307,AO090701000307,,Amine oxidase (EC 1.4.3.-),secretory_client,,unassigned,low,Secretory clients are not assigned to machinery subsystems.,,unknown,unassigned,low,none,,,False,,liu2014,database_prediction,,10.1186/1752-0509-8-73,exact,direct AO090 match in UniProt cross-reference,False,Q2U8S8,aor:AO090701000307,ko:K00276,5995227
AOC01008,AO090701000312,AO090701000312,,"DNA, SC111",secretory_client,,unassigned,low,Secretory clients are not assigned to machinery subsystems.,,unknown,unassigned,low,none,,,False,,liu2014,database_prediction,,10.1186/1752-0509-8-73,exact,direct AO090 match in UniProt cross-reference,False,Q2U8S4,aor:AO090701000312,,5995231
AOC01009,AO090701000322,AO090701000322,,"DNA, SC111",secretory_client,,unassigned,low,Secretory clients are not assigned to machinery subsystems.,,unknown,unassigned,low,none,,,False,,liu2014,database_prediction,,10.1186/1752-0509-8-73,exact,direct AO090 match in UniProt cross-reference,False,Q2U8R5,aor:AO090701000322,,10098572
AOC01010,AO090701000330,AO090701000330,,"DNA, SC111",secretory_client,,unassigned,low,Secretory clients are not assigned to machinery subsystems.,,unknown,unassigned,low,none,,,False,,liu2014,database_prediction,,10.1186/1752-0509-8-73,exact,direct AO090 match in UniProt cross-reference,False,Q2U8Q8,aor:AO090701000330,ko:K22153,5995247
AOC01011,AO090701000341,AO090701000341,,"DNA, SC111",secretory_client,,unassigned,low,Secretory clients are not assigned to machinery subsystems.,,unknown,unassigned,low,none,,,False,,liu2014,database_prediction,,10.1186/1752-0509-8-73,exact,direct AO090 match in UniProt cross-reference,False,Q2U8P9,aor:AO090701000341,,5995256
AOC01012,AO090701000364,AO090701000364,,"DNA, SC111",secretory_client,,unassigned,low,Secretory clients are not assigned to machinery subsystems.,,unknown,unassigned,low,none,,,False,,liu2014,database_prediction,,10.1186/1752-0509-8-73,exact,direct AO090 match in UniProt cross-reference,False,Q2U8M9,aor:AO090701000364,,5995276
AOC01013,AO090701000388,AO090701000388,,"DNA, SC111",secretory_client,,unassigned,low,Secretory clients are not assigned to machinery subsystems.,,unknown,unassigned,low,none,,,False,,liu2014,database_prediction,,10.1186/1752-0509-8-73,exact,direct AO090 match in UniProt cross-reference,False,Q2U8L1,aor:AO090701000388,,5995294
AOC01014,AO090701000417,AO090701000417,,"DNA, SC111",secretory_client,,unassigned,low,Secretory clients are not assigned to machinery subsystems.,,unknown,unassigned,low,none,,,False,,liu2014,database_prediction,,10.1186/1752-0509-8-73,exact,direct AO090 match in UniProt cross-reference,False,Q2U8I6,aor:AO090701000417,,5995319
AOC01015,AO090701000429,AO090701000429,,"DNA, SC111",secretory_client,,unassigned,low,Secretory clients are not assigned to machinery subsystems.,,unknown,unassigned,low,none,,,False,,liu2014,database_prediction,,10.1186/1752-0509-8-73,exact,direct AO090 match in UniProt cross-reference,False,Q2U8H5,aor:AO090701000429,,5995330
AOC01016,AO090701000436,AO090701000436,,"DNA, SC111",secretory_client,,unassigned,low,Secretory clients are not assigned to machinery subsystems.,,unknown,unassigned,low,none,,,False,,liu2014,database_prediction,,10.1186/1752-0509-8-73,exact,direct AO090 match in UniProt cross-reference,False,Q2U8G8,aor:AO090701000436,,5995337
AOC01017,AO090701000452,AO090701000452,,"DNA, SC111",secretory_client,,unassigned,low,Secretory clients are not assigned to machinery subsystems.,,unknown,unassigned,low,none,,,False,,liu2014,database_prediction,,10.1186/1752-0509-8-73,exact,direct AO090 match in UniProt cross-reference,False,Q2U8F3,aor:AO090701000452,,5995352
AOC01018,AO090701000453,AO090701000453,,"DNA, SC111",secretory_client,,unassigned,low,Secretory clients are not assigned to machinery subsystems.,,unknown,unassigned,low,none,,,False,,liu2014,database_prediction,,10.1186/1752-0509-8-73,exact,direct AO090 match in UniProt cross-reference,False,Q2U8F2,aor:AO090701000453,,5995353
AOC01019,AO090701000455,AO090701000455,,"DNA, SC111",secretory_client,,unassigned,low,Secretory clients are not assigned to machinery subsystems.,,unknown,unassigned,low,none,,,False,,liu2014,database_prediction,,10.1186/1752-0509-8-73,exact,direct AO090 match in UniProt cross-reference,False,Q2U8F0,aor:AO090701000455,,5995355
AOC01020,AO090701000482,AO090701000482,,"DNA, SC111",secretory_client,,unassigned,low,Secretory clients are not assigned to machinery subsystems.,,unknown,unassigned,low,none,,,False,,liu2014,database_prediction,,10.1186/1752-0509-8-73,exact,direct AO090 match in UniProt cross-reference,False,Q2U8C5,aor:AO090701000482,,5995380
AOC01021,AO090701000500,AO090701000500,,"DNA, SC111",secretory_client,,unassigned,low,Secretory clients are not assigned to machinery subsystems.,,unknown,unassigned,low,none,,,False,,liu2014,database_prediction,,10.1186/1752-0509-8-73,exact,direct AO090 match in UniProt cross-reference,False,Q2U8B2,aor:AO090701000500,,5995393
AOC01022,AO090701000519,AO090701000519,,"DNA, SC111",secretory_client,,unassigned,low,Secretory clients are not assigned to machinery subsystems.,,unknown,unassigned,low,none,,,False,,liu2014,database_prediction,,10.1186/1752-0509-8-73,exact,direct AO090 match in UniProt cross-reference,False,Q2U895,aor:AO090701000519,,5995410
AOC01023,AO090701000525,AO090701000525,,"DNA, SC111",secretory_client,,unassigned,low,Secretory clients are not assigned to machinery subsystems.,,unknown,unassigned,low,none,,,False,,liu2014,database_prediction,,10.1186/1752-0509-8-73,exact,direct AO090 match in UniProt cross-reference,False,Q2U891,aor:AO090701000525,,5995414
AOC01024,AO090701000526,AO090701000526,,"DNA, SC111",secretory_client,,unassigned,low,Secretory clients are not assigned to machinery subsystems.,,unknown,unassigned,low,none,,,False,,liu2014,database_prediction,,10.1186/1752-0509-8-73,exact,direct AO090 match in UniProt cross-reference,False,Q2U890,aor:AO090701000526,,5995415
AOC01025,AO090701000535,AO090701000535,,"DNA, SC111",secretory_client,,unassigned,low,Secretory clients are not assigned to machinery subsystems.,,unknown,unassigned,low,none,,,False,,liu2014,database_prediction,,10.1186/1752-0509-8-73,exact,direct AO090 match in UniProt cross-reference,False,Q2U882,aor:AO090701000535,,5995423
AOC01026,AO090701000538,AO090701000538,,"DNA, SC111",secretory_client,,unassigned,low,Secretory clients are not assigned to machinery subsystems.,,unknown,unassigned,low,none,,,False,,liu2014,database_prediction,,10.1186/1752-0509-8-73,exact,direct AO090 match in UniProt cross-reference,False,Q2U879,aor:AO090701000538,,5995426
AOC01027,AO090701000542,AO090701000542,,Carboxylic ester hydrolase (EC 3.1.1.-),secretory_client,,unassigned,low,Secretory clients are not assigned to machinery subsystems.,,unknown,unassigned,low,none,,,False,,liu2014,database_prediction,,10.1186/1752-0509-8-73,exact,direct AO090 match in UniProt cross-reference,False,Q2U875,aor:AO090701000542,,5995430
AOC01028,AO090701000551,AO090701000551,,"DNA, SC111",secretory_client,,unassigned,low,Secretory clients are not assigned to machinery subsystems.,,unknown,unassigned,low,none,,,False,,liu2014,database_prediction,,10.1186/1752-0509-8-73,exact,direct AO090 match in UniProt cross-reference,False,Q2U866,aor:AO090701000551,,5995439
AOC01029,AO090701000555,AO090701000555,,"Delta(3,5)-Delta(2,4)-dienoyl-CoA isomerase (EC 5.3.3.21)",secretory_client,,unassigned,low,Secretory clients are not assigned to machinery subsystems.,,unknown,unassigned,low,none,,,False,,liu2014,database_prediction,,10.1186/1752-0509-8-73,exact,direct AO090 match in UniProt cross-reference,False,Q2U862,aor:AO090701000555,ko:K12663,5995443
AOC01030,AO090701000558,AO090701000558,,"DNA, SC111",secretory_client,,unassigned,low,Secretory clients are not assigned to machinery subsystems.,,unknown,unassigned,low,none,,,False,,liu2014,database_prediction,,10.1186/1752-0509-8-73,exact,direct AO090 match in UniProt cross-reference,False,Q2U859,aor:AO090701000558,,5995446
AOC01031,AO090701000562,AO090701000562,,"DNA, SC111",secretory_client,,unassigned,low,Secretory clients are not assigned to machinery subsystems.,,unknown,unassigned,low,none,,,False,,liu2014,database_prediction,,10.1186/1752-0509-8-73,exact,direct AO090 match in UniProt cross-reference,False,Q2U856,aor:AO090701000562,,5995449
AOC01032,AO090701000579,AO090701000579,,"DNA, SC111",secretory_client,,unassigned,low,Secretory clients are not assigned to machinery subsystems.,,unknown,unassigned,low,none,,,False,,liu2014,database_prediction,,10.1186/1752-0509-8-73,exact,direct AO090 match in UniProt cross-reference,False,Q2U842,aor:AO090701000579,,5995463
AOC01033,AO090701000581,AO090701000581,,"DNA, SC111",secretory_client,,unassigned,low,Secretory clients are not assigned to machinery subsystems.,,unknown,unassigned,low,none,,,False,,liu2014,database_prediction,,10.1186/1752-0509-8-73,exact,direct AO090 match in UniProt cross-reference,False,Q2U840,aor:AO090701000581,,5995465
AOC01034,AO090701000582,AO090701000582,,"DNA, SC111",secretory_client,,unassigned,low,Secretory clients are not assigned to machinery subsystems.,,unknown,unassigned,low,none,,,False,,liu2014,database_prediction,,10.1186/1752-0509-8-73,exact,direct AO090 match in UniProt cross-reference,False,Q2U839,aor:AO090701000582,ko:K01754,5995466
AOC01035,AO090701000583,AO090701000583,,"DNA, SC111",secretory_client,,unassigned,low,Secretory clients are not assigned to machinery subsystems.,,unknown,unassigned,low,none,,,False,,liu2014,database_prediction,,10.1186/1752-0509-8-73,exact,direct AO090 match in UniProt cross-reference,False,Q2U838,aor:AO090701000583,,5995467
AOC01036,AO090701000617,AO090701000617,,"DNA, SC111",secretory_client,,unassigned,low,Secretory clients are not assigned to machinery subsystems.,,unknown,unassigned,low,none,,,False,,liu2014,database_prediction,,10.1186/1752-0509-8-73,exact,direct AO090 match in UniProt cross-reference,False,Q2U808,aor:AO090701000617,,35119851
AOC01037,AO090701000634,AO090701000634,,"DNA, SC111",secretory_client,,unassigned,low,Secretory clients are not assigned to machinery subsystems.,,unknown,unassigned,low,none,,,False,,liu2014,database_prediction,,10.1186/1752-0509-8-73,exact,direct AO090 match in UniProt cross-reference,False,Q2U7Z4,aor:AO090701000634,,5995511
AOC01038,AO090701000642,AO090701000642,,Mitogen-activated protein kinase (EC 2.7.11.24),secretory_client,,unassigned,low,Secretory clients are not assigned to machinery subsystems.,,unknown,unassigned,low,none,,,False,,liu2014,database_prediction,,10.1186/1752-0509-8-73,exact,direct AO090 match in UniProt cross-reference,False,Q2U7Z0,aor:AO090701000642,ko:K04441,5995515
AOC01039,AO090701000648,AO090701000648,,"DNA, SC111",secretory_client,,unassigned,low,Secretory clients are not assigned to machinery subsystems.,,unknown,unassigned,low,none,,,False,,liu2014,database_prediction,,10.1186/1752-0509-8-73,exact,direct AO090 match in UniProt cross-reference,False,Q2U7Y6,aor:AO090701000648,,5995519
AOC01040,AO090701000664,AO090701000664,,"DNA, SC111",secretory_client,,unassigned,low,Secretory clients are not assigned to machinery subsystems.,,unknown,unassigned,low,none,,,False,,liu2014,database_prediction,,10.1186/1752-0509-8-73,exact,direct AO090 match in UniProt cross-reference,False,Q2U7X5,aor:AO090701000664,,5995530
AOC01041,AO090701000669,AO090701000669,,"DNA, SC111",secretory_client,,unassigned,low,Secretory clients are not assigned to machinery subsystems.,,unknown,unassigned,low,none,,,False,,liu2014,database_prediction,,10.1186/1752-0509-8-73,exact,direct AO090 match in UniProt cross-reference,False,Q2U7X1,aor:AO090701000669,ko:K01974,5995534
AOC01042,AO090701000670,AO090701000670,,"DNA, SC111",secretory_client,,unassigned,low,Secretory clients are not assigned to machinery subsystems.,,unknown,unassigned,low,none,,,False,,liu2014,database_prediction,,10.1186/1752-0509-8-73,exact,direct AO090 match in UniProt cross-reference,False,Q2U7X0,aor:AO090701000670,,5995535
AOC01043,AO090701000693,AO090701000693,,"DNA, SC111",secretory_client,,unassigned,low,Secretory clients are not assigned to machinery subsystems.,,unknown,unassigned,low,none,,,False,,liu2014,database_prediction,,10.1186/1752-0509-8-73,exact,direct AO090 match in UniProt cross-reference,False,Q2U7U9,aor:AO090701000693,,5995556
AOC01044,AO090701000705,AO090701000705,,"DNA, SC111",secretory_client,,unassigned,low,Secretory clients are not assigned to machinery subsystems.,,unknown,unassigned,low,none,,,False,,liu2014,database_prediction,,10.1186/1752-0509-8-73,exact,direct AO090 match in UniProt cross-reference,False,Q2U7T8,aor:AO090701000705,,5995567
AOC01045,AO090701000708,AO090701000708,,"DNA, SC111",secretory_client,,unassigned,low,Secretory clients are not assigned to machinery subsystems.,,unknown,unassigned,low,none,,,False,,liu2014,database_prediction,,10.1186/1752-0509-8-73,exact,direct AO090 match in UniProt cross-reference,False,Q2U7T5,aor:AO090701000708,,5995570
AOC01046,AO090701000744,AO090701000744,,"DNA, SC111",secretory_client,,unassigned,low,Secretory clients are not assigned to machinery subsystems.,,unknown,unassigned,low,none,,,False,,liu2014,database_prediction,,10.1186/1752-0509-8-73,exact,direct AO090 match in UniProt cross-reference,False,Q2U7Q5,aor:AO090701000744,,5995600
AOC01047,AO090701000757,AO090701000757,,NAD(P)H-hydrate epimerase (EC 5.1.99.6) (NAD(P)HX epimerase),secretory_client,,unassigned,low,Secretory clients are not assigned to machinery subsystems.,,unknown,unassigned,low,none,,,False,,liu2014,database_prediction,,10.1186/1752-0509-8-73,exact,direct AO090 match in UniProt cross-reference,False,Q2U7P4,aor:AO090701000757,ko:K17759,5995611
AOC01048,AO090701000768,AO090701000768,,"DNA, SC111",secretory_client,,unassigned,low,Secretory clients are not assigned to machinery subsystems.,,unknown,unassigned,low,none,,,False,,liu2014,database_prediction,,10.1186/1752-0509-8-73,exact,direct AO090 match in UniProt cross-reference,False,Q2U7N5,aor:AO090701000768,,5995621
AOC01049,AO090701000771,AO090701000771,,"DNA, SC111",secretory_client,,unassigned,low,Secretory clients are not assigned to machinery subsystems.,,unknown,unassigned,low,none,,,False,,liu2014,database_prediction,,10.1186/1752-0509-8-73,exact,direct AO090 match in UniProt cross-reference,False,Q2U7N2,aor:AO090701000771,,5995623
AOC01050,AO090701000779,AO090701000779,,"DNA, SC111",secretory_client,,unassigned,low,Secretory clients are not assigned to machinery subsystems.,,unknown,unassigned,low,none,,,False,,liu2014,database_prediction,,10.1186/1752-0509-8-73,exact,direct AO090 match in UniProt cross-reference,False,Q2U7M6,aor:AO090701000779,,5995629
AOC01051,AO090701000781,AO090701000781,,"DNA, SC111",secretory_client,,unassigned,low,Secretory clients are not assigned to machinery subsystems.,,unknown,unassigned,low,none,,,False,,liu2014,database_prediction,,10.1186/1752-0509-8-73,exact,direct AO090 match in UniProt cross-reference,False,Q2U7M4,aor:AO090701000781,ko:K17768,
AOC01052,AO090701000789,AO090701000789,,Sphingomyelin phosphodiesterase,secretory_client,,unassigned,low,Secretory clients are not assigned to machinery subsystems.,,unknown,unassigned,low,none,,,False,,liu2014,database_prediction,,10.1186/1752-0509-8-73,exact,direct AO090 match in UniProt cross-reference,False,Q2U7L7,aor:AO090701000789,,5995638
AOC01053,AO090701000791,AO090701000791,,"DNA, SC111",secretory_client,,unassigned,low,Secretory clients are not assigned to machinery subsystems.,,unknown,unassigned,low,none,,,False,,liu2014,database_prediction,,10.1186/1752-0509-8-73,exact,direct AO090 match in UniProt cross-reference,False,Q2U7L5,aor:AO090701000791,,5995640
AOC01054,AO090026000183,AO090026000183,,"DNA, SC026",secretory_client,,unassigned,low,Secretory clients are not assigned to machinery subsystems.,,unknown,unassigned,low,none,,,True,down,liu2014,database_prediction,,10.1186/1752-0509-8-73,exact,direct AO090 match in UniProt cross-reference,False,Q2UFJ5,aor:AO090026000183,,5993700
AOC01055,AO090701000806,AO090701000806,,"DNA, SC111",secretory_client,,unassigned,low,Secretory clients are not assigned to machinery subsystems.,,unknown,unassigned,low,none,,,False,,liu2014,database_prediction,,10.1186/1752-0509-8-73,exact,direct AO090 match in UniProt cross-reference,False,Q2U7K3,aor:AO090701000806,,5995652
AOC01056,AO090701000828,AO090701000828,,"DNA, SC111",secretory_client,,unassigned,low,Secretory clients are not assigned to machinery subsystems.,,unknown,unassigned,low,none,,,False,,liu2014,database_prediction,,10.1186/1752-0509-8-73,exact,direct AO090 match in UniProt cross-reference,False,Q2U7I3,aor:AO090701000828,,5995672
AOC01057,AO090701000841,AO090701000841,,beta-glucosidase (EC 3.2.1.21),secretory_client,,unassigned,low,Secretory clients are not assigned to machinery subsystems.,,unknown,unassigned,low,none,,,False,,liu2014,database_prediction,,10.1186/1752-0509-8-73,exact,direct AO090 match in UniProt cross-reference,False,Q2U7H1,aor:AO090701000841,ko:K05349,5995684
AOC01058,AO090701000859,AO090701000859,,"DNA, SC111",secretory_client,,unassigned,low,Secretory clients are not assigned to machinery subsystems.,,unknown,unassigned,low,none,,,False,,liu2014,database_prediction,,10.1186/1752-0509-8-73,exact,direct AO090 match in UniProt cross-reference,False,Q2U7F6,aor:AO090701000859,ko:K00505,5995699
AOC01059,AO090701000871,AO090701000871,,"DNA, SC111",secretory_client,,unassigned,low,Secretory clients are not assigned to machinery subsystems.,,unknown,unassigned,low,none,,,False,,liu2014,database_prediction,,10.1186/1752-0509-8-73,exact,direct AO090 match in UniProt cross-reference,False,Q2U7E4,aor:AO090701000871,,5995710
AOC01060,AO090701000891,AO090701000891,,"DNA, SC111",secretory_client,,unassigned,low,Secretory clients are not assigned to machinery subsystems.,,unknown,unassigned,low,none,,,False,,liu2014,database_prediction,,10.1186/1752-0509-8-73,exact,direct AO090 match in UniProt cross-reference,False,Q2U7C7,aor:AO090701000891,,5995728
AOC01061,AO090701000902,AO090701000902,,"DNA, SC111",secretory_client,,unassigned,low,Secretory clients are not assigned to machinery subsystems.,,unknown,unassigned,low,none,,,False,,liu2014,database_prediction,,10.1186/1752-0509-8-73,exact,direct AO090 match in UniProt cross-reference,False,Q2U7B7,aor:AO090701000902,,35119858
AOC01062,AO090120000135,AO090120000135,,Aspartate aminotransferase (EC 2.6.1.1),secretory_client,,unassigned,low,Secretory clients are not assigned to machinery subsystems.,,unknown,unassigned,low,none,,,True,down,liu2014,database_prediction,,10.1186/1752-0509-8-73,exact,direct AO090 match in UniProt cross-reference,False,Q2U6Q7,aor:AO090120000135,ko:K14454,5996150
AOC01063,AO090102000071,AO090102000071,,"DNA, SC102",secretory_client,,unassigned,low,Secretory clients are not assigned to machinery subsystems.,,unknown,unassigned,low,none,,,True,down,liu2014,database_prediction,,10.1186/1752-0509-8-73,exact,direct AO090 match in UniProt cross-reference,False,Q2UB84,aor:AO090102000071,,5994359
AOC01064,AO090701000577,AO090701000577,,"DNA, SC111",secretory_client,,unassigned,low,Secretory clients are not assigned to machinery subsystems.,,unknown,unassigned,low,none,,,True,down,liu2014,database_prediction,,10.1186/1752-0509-8-73,exact,direct AO090 match in UniProt cross-reference,False,Q2U844,aor:AO090701000577,,5995461
AOC01065,AO090001000015,AO090001000015,,"DNA, SC001",secretory_client,,unassigned,low,Secretory clients are not assigned to machinery subsystems.,,unknown,unassigned,low,none,,,False,,liu2014,database_prediction,,10.1186/1752-0509-8-73,exact,direct AO090 match in UniProt cross-reference,False,Q2UPD6,aor:AO090001000015,,
AOC01066,AO090001000037,AO090001000037,aclD,Thioredoxin reductase aclD (EC 1.8.1.-) (Aspirochlorine biosynthesis protein D),secretory_client,,unassigned,low,Secretory clients are not assigned to machinery subsystems.,,unknown,unassigned,low,none,,,False,,liu2014,database_prediction,,10.1186/1752-0509-8-73,exact,direct AO090 match in UniProt cross-reference,False,Q2UPB5,aor:AO090001000037,ko:K22124,5990573
AOC01067,AO090001000050,AO090001000050,,"DNA, SC001",secretory_client,,unassigned,low,Secretory clients are not assigned to machinery subsystems.,,unknown,unassigned,low,none,,,False,,liu2014,database_prediction,,10.1186/1752-0509-8-73,exact,direct AO090 match in UniProt cross-reference,False,Q2UPA2,aor:AO090001000050,,5990586
AOC01068,AO090001000055,AO090001000055,,"DNA, SC001",secretory_client,,unassigned,low,Secretory clients are not assigned to machinery subsystems.,,unknown,unassigned,low,none,,,False,,liu2014,database_prediction,,10.1186/1752-0509-8-73,exact,direct AO090 match in UniProt cross-reference,False,Q2UP98,aor:AO090001000055,,5990590
AOC01069,AO090001000057,AO090001000057,,"DNA, SC001",secretory_client,,unassigned,low,Secretory clients are not assigned to machinery subsystems.,,unknown,unassigned,low,none,,,False,,liu2014,database_prediction,,10.1186/1752-0509-8-73,exact,direct AO090 match in UniProt cross-reference,False,Q2UP96,aor:AO090001000057,,5990592
AOC01070,AO090001000063,AO090001000063,,"DNA, SC001",secretory_client,,unassigned,low,Secretory clients are not assigned to machinery subsystems.,,unknown,unassigned,low,none,,,False,,liu2014,database_prediction,,10.1186/1752-0509-8-73,exact,direct AO090 match in UniProt cross-reference,False,Q2UP92,aor:AO090001000063,,5990596
AOC01071,AO090001000066,AO090001000066,faeB-1,Probable feruloyl esterase B-1 (EC 3.1.1.73) (Ferulic acid esterase B-1) (FAEB-1),secretory_client,,unassigned,low,Secretory clients are not assigned to machinery subsystems.,,unknown,unassigned,low,none,,,False,,liu2014,database_prediction,,10.1186/1752-0509-8-73,exact,direct AO090 match in UniProt cross-reference,False,Q2UP89,,ko:K09252,5990599
AOC01072,AO090005000817,AO090005000817,,"DNA, SC005",secretory_client,,unassigned,low,Secretory clients are not assigned to machinery subsystems.,,unknown,unassigned,low,none,,,True,up,liu2014,database_prediction,,10.1186/1752-0509-8-73,exact,direct AO090 match in UniProt cross-reference,False,Q2URI3,aor:AO090005000817,,5989779
AOC01073,AO090001000071,AO090001000071,,"DNA, SC001",secretory_client,,unassigned,low,Secretory clients are not assigned to machinery subsystems.,,unknown,unassigned,low,none,,,False,,liu2014,database_prediction,,10.1186/1752-0509-8-73,exact,direct AO090 match in UniProt cross-reference,False,Q2UP84,aor:AO090001000071,,5990604
AOC01074,AO090001000073,AO090001000073,,"DNA, SC001",secretory_client,,unassigned,low,Secretory clients are not assigned to machinery subsystems.,,unknown,unassigned,low,none,,,False,,liu2014,database_prediction,,10.1186/1752-0509-8-73,exact,direct AO090 match in UniProt cross-reference,False,Q2UP83,aor:AO090001000073,,5990605
AOC01075,AO090001000075,AO090001000075,nucS,Nuclease S1 (EC 3.1.30.1) (Deoxyribonuclease S1) (Endonuclease S1) (Single-stranded-nucleate endonuclease),secretory_client,,unassigned,low,Secretory clients are not assigned to machinery subsystems.,,unknown,unassigned,low,none,,,False,,liu2014,database_prediction,,10.1186/1752-0509-8-73,exact,direct AO090 match in UniProt cross-reference,False,P24021,aor:AO090001000075,ko:K05986,5990607
AOC01076,AO090001000083,AO090001000083,,"DNA, SC001",secretory_client,,unassigned,low,Secretory clients are not assigned to machinery subsystems.,,unknown,unassigned,low,none,,,False,,liu2014,database_prediction,,10.1186/1752-0509-8-73,exact,direct AO090 match in UniProt cross-reference,False,Q2UP76,aor:AO090001000083,,5990612
AOC01077,AO090001000086,AO090001000086,,"1,3-beta-glucanosyltransferase (EC 2.4.1.-)",secretory_client,,unassigned,low,Secretory clients are not assigned to machinery subsystems.,,unknown,unassigned,low,none,,,False,,liu2014,database_prediction,,10.1186/1752-0509-8-73,exact,direct AO090 match in UniProt cross-reference,False,Q2UP74,aor:AO090001000086,ko:K22832,5990614
AOC01078,AO090001000095,AO090001000095,,"DNA, SC001",secretory_client,,unassigned,low,Secretory clients are not assigned to machinery subsystems.,,unknown,unassigned,low,none,,,False,,liu2014,database_prediction,,10.1186/1752-0509-8-73,exact,direct AO090 match in UniProt cross-reference,False,Q2UP65,aor:AO090001000095,,5990623
AOC01079,AO090001000098,AO090001000098,,"DNA, SC001",secretory_client,,unassigned,low,Secretory clients are not assigned to machinery subsystems.,,unknown,unassigned,low,none,,,False,,liu2014,database_prediction,,10.1186/1752-0509-8-73,exact,direct AO090 match in UniProt cross-reference,False,Q2UP63,aor:AO090001000098,,
AOC01080,AO090001000103,AO090001000103,,"DNA, SC001",secretory_client,,unassigned,low,Secretory clients are not assigned to machinery subsystems.,,unknown,unassigned,low,none,,,False,,liu2014,database_prediction,,10.1186/1752-0509-8-73,exact,direct AO090 match in UniProt cross-reference,False,Q2UP58,aor:AO090001000103,,10098999
AOC01081,AO090001000111,AO090001000111,xlnB,"Probable endo-1,4-beta-xylanase B (Xylanase B) (EC 3.2.1.8) (1,4-beta-D-xylan xylanohydrolase B) (Endo-1,4-beta-xylanase G1) (Xylanase G1)",secretory_client,,unassigned,low,Secretory clients are not assigned to machinery subsystems.,,unknown,unassigned,low,none,,,False,,liu2014,database_prediction,,10.1186/1752-0509-8-73,exact,direct AO090 match in UniProt cross-reference,False,P87037,aor:AO090001000111,ko:K01181,5990637
AOC01082,AO090001000133,AO090001000133,rgxA,"Putative galacturan 1,4-alpha-galacturonidase A (EC 3.2.1.67) (Exopolygalacturonase A) (Exorhamnogalacturonase A) (Poly(1,4-alpha-D-galacturonide)galacturonohydrolase A)",secretory_client,,unassigned,low,Secretory clients are not assigned to machinery subsystems.,,unknown,unassigned,low,none,,,False,,liu2014,database_prediction,,10.1186/1752-0509-8-73,exact,direct AO090 match in UniProt cross-reference,False,Q2UP32,aor:AO090001000133,,5990656
AOC01083,AO090001000134,AO090001000134,,"DNA, SC001",secretory_client,,unassigned,low,Secretory clients are not assigned to machinery subsystems.,,unknown,unassigned,low,none,,,False,,liu2014,database_prediction,,10.1186/1752-0509-8-73,exact,direct AO090 match in UniProt cross-reference,False,Q2UP31,aor:AO090001000134,,5990657
AOC01084,AO090001000135,AO090001000135,,Neutral protease 2 homolog AO090001000135 (EC 3.4.24.39) (Deuterolysin AO090001000135),secretory_client,,unassigned,low,Secretory clients are not assigned to machinery subsystems.,,unknown,unassigned,low,none,,,False,,liu2014,database_prediction,,10.1186/1752-0509-8-73,exact,direct AO090 match in UniProt cross-reference,False,Q2UP30,aor:AO090001000135,ko:K19305,5990658
AOC01085,AO090001000143,AO090001000143,,feruloyl esterase (EC 3.1.1.73) (Ferulic acid esterase A),secretory_client,,unassigned,low,Secretory clients are not assigned to machinery subsystems.,,unknown,unassigned,low,none,,,False,,liu2014,database_prediction,,10.1186/1752-0509-8-73,exact,direct AO090 match in UniProt cross-reference,False,Q2UP23,aor:AO090001000143,,5990665
AOC01086,AO090001000145,AO090001000145,,Peptide hydrolase (EC 3.4.-.-),secretory_client,,unassigned,low,Secretory clients are not assigned to machinery subsystems.,,unknown,unassigned,low,none,,,False,,liu2014,database_prediction,,10.1186/1752-0509-8-73,exact,direct AO090 match in UniProt cross-reference,False,Q2UP21,aor:AO090001000145,,5990667
AOC01087,AO090001000150,AO090001000150,,"DNA, SC001",secretory_client,,unassigned,low,Secretory clients are not assigned to machinery subsystems.,,unknown,unassigned,low,none,,,False,,liu2014,database_prediction,,10.1186/1752-0509-8-73,exact,direct AO090 match in UniProt cross-reference,False,Q2UP16,aor:AO090001000150,,5990672
AOC01088,AO090001000169,AO090001000169,,"DNA, SC001",secretory_client,,unassigned,low,Secretory clients are not assigned to machinery subsystems.,,unknown,unassigned,low,none,,,False,,liu2014,database_prediction,,10.1186/1752-0509-8-73,exact,direct AO090 match in UniProt cross-reference,False,Q2UNZ7,aor:AO090001000169,,10098758
AOC01089,AO090001000205,AO090001000205,,"DNA, SC001",secretory_client,,unassigned,low,Secretory clients are not assigned to machinery subsystems.,,unknown,unassigned,low,none,,,False,,liu2014,database_prediction,,10.1186/1752-0509-8-73,exact,direct AO090 match in UniProt cross-reference,False,Q2UNW6,aor:AO090001000205,,5990722
AOC01090,AO090001000207,AO090001000207,faeA,Probable feruloyl esterase A (EC 3.1.1.73) (Ferulic acid esterase A),secretory_client,,unassigned,low,Secretory clients are not assigned to machinery subsystems.,,unknown,unassigned,low,none,,,False,,liu2014,database_prediction,,10.1186/1752-0509-8-73,exact,direct AO090 match in UniProt cross-reference,False,Q2UNW5,aor:AO090001000207,ko:K21016,5990723
AOC01091,AO090001000208,AO090001000208,xynF3,"Endo-1,4-beta-xylanase F3 (Xylanase F3) (EC 3.2.1.8) (1,4-beta-D-xylan xylanohydrolase F3)",secretory_client,,unassigned,low,Secretory clients are not assigned to machinery subsystems.,,unknown,unassigned,low,none,,,False,,liu2014,database_prediction,,10.1186/1752-0509-8-73,exact,direct AO090 match in UniProt cross-reference,False,Q96VB6,,ko:K01181,
AOC01092,AO090001000221,AO090001000221,,"DNA, SC001",secretory_client,,unassigned,low,Secretory clients are not assigned to machinery subsystems.,,unknown,unassigned,low,none,,,False,,liu2014,database_prediction,,10.1186/1752-0509-8-73,exact,direct AO090 match in UniProt cross-reference,False,Q2UNV1,aor:AO090001000221,,5990737
AOC01093,AO090001000233,AO090001000233,,"DNA, SC001",secretory_client,,unassigned,low,Secretory clients are not assigned to machinery subsystems.,,unknown,unassigned,low,none,,,False,,liu2014,database_prediction,,10.1186/1752-0509-8-73,exact,direct AO090 match in UniProt cross-reference,False,Q2UNU0,aor:AO090001000233,ko:K00293,5990748
AOC01094,AO090001000266,AO090001000266,bglD,Probable beta-glucosidase D (EC 3.2.1.21) (Beta-D-glucoside glucohydrolase D) (Cellobiase D) (Gentiobiase D),secretory_client,,unassigned,low,Secretory clients are not assigned to machinery subsystems.,,unknown,unassigned,low,none,,,False,,liu2014,database_prediction,,10.1186/1752-0509-8-73,exact,direct AO090 match in UniProt cross-reference,False,Q2UNR0,,ko:K05349,
AOC01095,AO090001000308,AO090001000308,,"N-acetylgalactosaminide beta-1,3-galactosyltransferase (EC 2.4.1.122)",secretory_client,,unassigned,low,Secretory clients are not assigned to machinery subsystems.,,unknown,unassigned,low,none,,,False,,liu2014,database_prediction,,10.1186/1752-0509-8-73,exact,direct AO090 match in UniProt cross-reference,False,Q2UNM2,aor:AO090001000308,,5990816
AOC01096,AO090001000348,AO090001000348,,Glucanase (EC 3.2.1.-),secretory_client,,unassigned,low,Secretory clients are not assigned to machinery subsystems.,,unknown,unassigned,low,none,,,False,,liu2014,database_prediction,,10.1186/1752-0509-8-73,exact,direct AO090 match in UniProt cross-reference,False,Q2UNI8,aor:AO090001000348,ko:K01225,5990850
AOC01097,AO090001000383,AO090001000383,,"DNA, SC001",secretory_client,,unassigned,low,Secretory clients are not assigned to machinery subsystems.,,unknown,unassigned,low,none,,,False,,liu2014,database_prediction,,10.1186/1752-0509-8-73,exact,direct AO090 match in UniProt cross-reference,False,Q2UNF9,aor:AO090001000383,ko:K00505,5990879
AOC01098,AO090011000119,AO090011000119,,Cell wall mannoprotein 1,secretory_client,,unassigned,low,Secretory clients are not assigned to machinery subsystems.,,unknown,unassigned,low,none,,,True,up,liu2014,database_prediction,,10.1186/1752-0509-8-73,exact,direct AO090 match in UniProt cross-reference,False,Q2U193,aor:AO090011000119,,5997908
AOC01099,AO090001000446,AO090001000446,,"DNA, SC001",secretory_client,,unassigned,low,Secretory clients are not assigned to machinery subsystems.,,unknown,unassigned,low,none,,,False,,liu2014,database_prediction,,10.1186/1752-0509-8-73,exact,direct AO090 match in UniProt cross-reference,False,Q2UNA1,aor:AO090001000446,,5990937
AOC01100,AO090001000449,AO090001000449,,Neutral ceramidase (EC 3.5.1.23),secretory_client,,unassigned,low,Secretory clients are not assigned to machinery subsystems.,,unknown,unassigned,low,none,,,False,,liu2014,database_prediction,,10.1186/1752-0509-8-73,exact,direct AO090 match in UniProt cross-reference,False,Q2UN98,aor:AO090001000449,ko:K12349,5990940
AOC01101,AO090001000490,AO090001000490,,"GDP-Man:Man(3)GlcNAc(2)-PP-Dol alpha-1,2-mannosyltransferase (EC 2.4.1.131)",secretory_client,,unassigned,low,Secretory clients are not assigned to machinery subsystems.,,unknown,unassigned,low,none,,,False,,liu2014,database_prediction,,10.1186/1752-0509-8-73,exact,direct AO090 match in UniProt cross-reference,False,Q2UN63,aor:AO090001000490,ko:K03844,5990975
AOC01102,AO090001000492,AO090001000492,galA,"Probable arabinogalactan endo-beta-1,4-galactanase A (EC 3.2.1.89) (Endo-1,4-beta-galactanase A) (Galactanase A)",secretory_client,,unassigned,low,Secretory clients are not assigned to machinery subsystems.,,unknown,unassigned,low,none,,,False,,liu2014,database_prediction,,10.1186/1752-0509-8-73,exact,direct AO090 match in UniProt cross-reference,False,Q2UN61,aor:AO090001000492,ko:K01224,5990977
AOC01103,AO090001000495,AO090001000495,,"DNA, SC001",secretory_client,,unassigned,low,Secretory clients are not assigned to machinery subsystems.,,unknown,unassigned,low,none,,,False,,liu2014,database_prediction,,10.1186/1752-0509-8-73,exact,direct AO090 match in UniProt cross-reference,False,Q2UN59,aor:AO090001000495,,5990979
AOC01104,AO090001000511,AO090001000511,,Crh-like protein (EC 3.2.-.-),secretory_client,,unassigned,low,Secretory clients are not assigned to machinery subsystems.,,unknown,unassigned,low,none,,,False,,liu2014,database_prediction,,10.1186/1752-0509-8-73,exact,direct AO090 match in UniProt cross-reference,False,Q2UN44,aor:AO090001000511,,5990994
AOC01105,AO090001000544,AO090001000544,bglF,Probable beta-glucosidase F (EC 3.2.1.21) (Beta-D-glucoside glucohydrolase F) (Cellobiase F) (Gentiobiase F),secretory_client,,unassigned,low,Secretory clients are not assigned to machinery subsystems.,,unknown,unassigned,low,none,,,False,,liu2014,database_prediction,,10.1186/1752-0509-8-73,exact,direct AO090 match in UniProt cross-reference,False,Q2UN12,aor:AO090001000544,ko:K05349,5991026
AOC01106,AO090001000545,AO090001000545,,"DNA, SC001",secretory_client,,unassigned,low,Secretory clients are not assigned to machinery subsystems.,,unknown,unassigned,low,none,,,False,,liu2014,database_prediction,,10.1186/1752-0509-8-73,exact,direct AO090 match in UniProt cross-reference,False,Q2UN11,aor:AO090001000545,,5991027
AOC01107,AO090001000578,AO090001000578,,"DNA, SC001",secretory_client,,unassigned,low,Secretory clients are not assigned to machinery subsystems.,,unknown,unassigned,low,none,,,False,,liu2014,database_prediction,,10.1186/1752-0509-8-73,exact,direct AO090 match in UniProt cross-reference,False,Q2UMX8,aor:AO090001000578,ko:K05292,
AOC01108,AO090001000582,AO090001000582,faeB-2,Probable feruloyl esterase B-2 (EC 3.1.1.73) (Ferulic acid esterase B-2) (FAEB-2),secretory_client,,unassigned,low,Secretory clients are not assigned to machinery subsystems.,,unknown,unassigned,low,none,,,False,,liu2014,database_prediction,,10.1186/1752-0509-8-73,exact,direct AO090 match in UniProt cross-reference,False,Q2UMX6,aor:AO090001000582,ko:K09252,5991062
AOC01109,AO090001000604,AO090001000604,exgD,"Probable glucan 1,3-beta-glucosidase D (EC 3.2.1.58) (Exo-1,3-beta-glucanase D)",secretory_client,,unassigned,low,Secretory clients are not assigned to machinery subsystems.,,unknown,unassigned,low,none,,,False,,liu2014,database_prediction,,10.1186/1752-0509-8-73,exact,direct AO090 match in UniProt cross-reference,False,Q2UMV7,aor:AO090001000604,ko:K01210,
AOC01110,AO090001000617,AO090001000617,,"DNA, SC001",secretory_client,,unassigned,low,Secretory clients are not assigned to machinery subsystems.,,unknown,unassigned,low,none,,,False,,liu2014,database_prediction,,10.1186/1752-0509-8-73,exact,direct AO090 match in UniProt cross-reference,False,Q2UMU8,aor:AO090001000617,,5991090
AOC01111,AO090003000829,AO090003000829,,protein disulfide-isomerase (EC 5.3.4.1),secretory_client,,unassigned,low,Secretory clients are not assigned to machinery subsystems.,,unknown,unassigned,low,none,,,True,up,liu2014,database_prediction,,10.1186/1752-0509-8-73,exact,direct AO090 match in UniProt cross-reference,False,Q2UKF5,aor:AO090003000829,ko:K09584,5991945
AOC01112,AO090701000717,AO090701000717,,"DNA, SC111",secretory_client,,unassigned,low,Secretory clients are not assigned to machinery subsystems.,,unknown,unassigned,low,none,,,True,up,liu2014,database_prediction,,10.1186/1752-0509-8-73,exact,direct AO090 match in UniProt cross-reference,False,Q2U7S7,aor:AO090701000717,ko:K20628,5995578
AOC01113,AO090003000001,AO090003000001,,Multifunctional methyltransferase subunit trm112 (eRF1 methyltransferase subunit trm112),secretory_client,,unassigned,low,Secretory clients are not assigned to machinery subsystems.,,unknown,unassigned,low,none,,,False,,liu2014,database_prediction,,10.1186/1752-0509-8-73,exact,direct AO090 match in UniProt cross-reference,False,Q2UMH4,aor:AO090003000001,ko:K15448,5992577
AOC01114,AO090003000028,AO090003000028,,"DNA, SC003",secretory_client,,unassigned,low,Secretory clients are not assigned to machinery subsystems.,,unknown,unassigned,low,none,,,False,,liu2014,database_prediction,,10.1186/1752-0509-8-73,exact,direct AO090 match in UniProt cross-reference,False,Q2UME8,aor:AO090003000028,,5991252
AOC01115,AO090003000032,AO090003000032,,"DNA, SC003",secretory_client,,unassigned,low,Secretory clients are not assigned to machinery subsystems.,,unknown,unassigned,low,none,,,False,,liu2014,database_prediction,,10.1186/1752-0509-8-73,exact,direct AO090 match in UniProt cross-reference,False,Q2UME4,aor:AO090003000032,,35119507
AOC01116,AO090003000042,AO090003000042,lacC,Probable beta-galactosidase C (EC 3.2.1.23) (Lactase C),secretory_client,,unassigned,low,Secretory clients are not assigned to machinery subsystems.,,unknown,unassigned,low,none,,,False,,liu2014,database_prediction,,10.1186/1752-0509-8-73,exact,direct AO090 match in UniProt cross-reference,False,Q2UMD5,aor:AO090003000042,,5991265
AOC01117,AO090102000092,AO090102000092,,"DNA, SC102",secretory_client,,unassigned,low,Secretory clients are not assigned to machinery subsystems.,,unknown,unassigned,low,none,,,True,up,liu2014,database_prediction,,10.1186/1752-0509-8-73,exact,direct AO090 match in UniProt cross-reference,False,Q2UB64,aor:AO090102000092,,5994379
AOC01118,AO090003000058,AO090003000058,,Probable carboxypeptidase AO090003000058 (EC 3.4.17.-) (Peptidase M20 domain-containing protein AO090003000058),secretory_client,,unassigned,low,Secretory clients are not assigned to machinery subsystems.,,unknown,unassigned,low,none,,,False,,liu2014,database_prediction,,10.1186/1752-0509-8-73,exact,direct AO090 match in UniProt cross-reference,False,Q2UMC1,aor:AO090003000058,ko:K01438,5991279
AOC01119,AO090003000093,AO090003000093,,"DNA, SC003",secretory_client,,unassigned,low,Secretory clients are not assigned to machinery subsystems.,,unknown,unassigned,low,none,,,False,,liu2014,database_prediction,,10.1186/1752-0509-8-73,exact,direct AO090 match in UniProt cross-reference,False,Q2UM91,aor:AO090003000093,ko:K06889,5991309
AOC01120,AO090003000098,AO090003000098,,"DNA, SC003",secretory_client,,unassigned,low,Secretory clients are not assigned to machinery subsystems.,,unknown,unassigned,low,none,,,False,,liu2014,database_prediction,,10.1186/1752-0509-8-73,exact,direct AO090 match in UniProt cross-reference,False,Q2UM86,aor:AO090003000098,ko:K28545,5991314
AOC01121,AO090003000150,AO090003000150,,"DNA, SC003",secretory_client,,unassigned,low,Secretory clients are not assigned to machinery subsystems.,,unknown,unassigned,low,none,,,False,,liu2014,database_prediction,,10.1186/1752-0509-8-73,exact,direct AO090 match in UniProt cross-reference,False,Q2UM41,aor:AO090003000150,,5991359
AOC01122,AO090003000152,AO090003000152,,"DNA, SC003",secretory_client,,unassigned,low,Secretory clients are not assigned to machinery subsystems.,,unknown,unassigned,low,none,,,False,,liu2014,database_prediction,,10.1186/1752-0509-8-73,exact,direct AO090 match in UniProt cross-reference,False,Q2UM40,aor:AO090003000152,,5991360
AOC01123,AO090003000170,AO090003000170,,"DNA, SC003",secretory_client,,unassigned,low,Secretory clients are not assigned to machinery subsystems.,,unknown,unassigned,low,none,,,False,,liu2014,database_prediction,,10.1186/1752-0509-8-73,exact,direct AO090 match in UniProt cross-reference,False,Q2UM25,aor:AO090003000170,,5991375
AOC01124,AO090003000239,AO090003000239,,"DNA, SC003",secretory_client,,unassigned,low,Secretory clients are not assigned to machinery subsystems.,,unknown,unassigned,low,none,,,False,,liu2014,database_prediction,,10.1186/1752-0509-8-73,exact,direct AO090 match in UniProt cross-reference,False,Q2ULW8,aor:AO090003000239,,5991432
AOC01125,AO090003000245,AO090003000245,,"DNA, SC003",secretory_client,,unassigned,low,Secretory clients are not assigned to machinery subsystems.,,unknown,unassigned,low,none,,,False,,liu2014,database_prediction,,10.1186/1752-0509-8-73,exact,direct AO090 match in UniProt cross-reference,False,Q2ULW2,aor:AO090003000245,,5991438
AOC01126,AO090003000246,AO090003000246,,"DNA, SC003",secretory_client,,unassigned,low,Secretory clients are not assigned to machinery subsystems.,,unknown,unassigned,low,none,,,False,,liu2014,database_prediction,,10.1186/1752-0509-8-73,exact,direct AO090 match in UniProt cross-reference,False,Q2ULW1,aor:AO090003000246,,5991439
AOC01127,AO090020000710,AO090020000710,,"DNA, SC020",secretory_client,,unassigned,low,Secretory clients are not assigned to machinery subsystems.,,unknown,unassigned,low,none,,,True,up,liu2014,database_prediction,,10.1186/1752-0509-8-73,exact,direct AO090 match in UniProt cross-reference,False,Q2U3L3,aor:AO090020000710,,5997071
AOC01128,AO090701000739,AO090701000739,,dolichyl-phosphate beta-glucosyltransferase (EC 2.4.1.117),secretory_client,,unassigned,low,Secretory clients are not assigned to machinery subsystems.,,unknown,unassigned,low,none,,,True,up,liu2014,database_prediction,,10.1186/1752-0509-8-73,exact,direct AO090 match in UniProt cross-reference,False,Q2U7Q9,aor:AO090701000739,ko:K00729,5995596
AOC01129,AO090003000323,AO090003000323,,"DNA, SC003",secretory_client,,unassigned,low,Secretory clients are not assigned to machinery subsystems.,,unknown,unassigned,low,none,,,False,,liu2014,database_prediction,,10.1186/1752-0509-8-73,exact,direct AO090 match in UniProt cross-reference,False,Q2ULP7,aor:AO090003000323,,5991503
AOC01130,AO090003000334,AO090003000334,,"DNA, SC003",secretory_client,,unassigned,low,Secretory clients are not assigned to machinery subsystems.,,unknown,unassigned,low,none,,,False,,liu2014,database_prediction,,10.1186/1752-0509-8-73,exact,direct AO090 match in UniProt cross-reference,False,Q2ULN7,aor:AO090003000334,,5991513
AOC01131,AO090003000342,AO090003000342,,"DNA, SC003",secretory_client,,unassigned,low,Secretory clients are not assigned to machinery subsystems.,,unknown,unassigned,low,none,,,False,,liu2014,database_prediction,,10.1186/1752-0509-8-73,exact,direct AO090 match in UniProt cross-reference,False,Q2ULN1,aor:AO090003000342,,5991519
AOC01132,AO090003000354,AO090003000354,lap2,probable leucine aminopeptidase 2 (EC 3.4.11.-) (Aminopeptidase II) (Leucyl aminopeptidase 2) (LAP2),secretory_client,,unassigned,low,Secretory clients are not assigned to machinery subsystems.,,unknown,unassigned,low,none,,,False,,liu2014,database_prediction,,10.1186/1752-0509-8-73,exact,direct AO090 match in UniProt cross-reference,False,Q2ULM2,aor:AO090003000354,,5991528
AOC01133,AO090003000412,AO090003000412,,"DNA, SC003",secretory_client,,unassigned,low,Secretory clients are not assigned to machinery subsystems.,,unknown,unassigned,low,none,,,False,,liu2014,database_prediction,,10.1186/1752-0509-8-73,exact,direct AO090 match in UniProt cross-reference,False,Q2ULH3,aor:AO090003000412,,5991577
AOC01134,AO090003000464,AO090003000464,,chitinase (EC 3.2.1.14),secretory_client,,unassigned,low,Secretory clients are not assigned to machinery subsystems.,,unknown,unassigned,low,none,,,False,,liu2014,database_prediction,,10.1186/1752-0509-8-73,exact,direct AO090 match in UniProt cross-reference,False,Q2ULC4,aor:AO090003000464,ko:K01183,5991626
AOC01135,AO090012000838,AO090012000838,sec11,Signal peptidase complex catalytic subunit sec11 (EC 3.4.21.89) (Signal peptidase I),secretory_client,,unassigned,low,Secretory clients are not assigned to machinery subsystems.,,unknown,unassigned,low,none,,,True,up,liu2014,database_prediction,,10.1186/1752-0509-8-73,exact,direct AO090 match in UniProt cross-reference,False,Q2UBW3,aor:AO090012000838,ko:K13280,5988265
AOC01136,AO090003000524,AO090003000524,,"DNA, SC003",secretory_client,,unassigned,low,Secretory clients are not assigned to machinery subsystems.,,unknown,unassigned,low,none,,,False,,liu2014,database_prediction,,10.1186/1752-0509-8-73,exact,direct AO090 match in UniProt cross-reference,False,Q2UL72,aor:AO090003000524,ko:K18580,5992583
AOC01137,AO090003000530,AO090003000530,,"DNA, SC003",secretory_client,,unassigned,low,Secretory clients are not assigned to machinery subsystems.,,unknown,unassigned,low,none,,,False,,liu2014,database_prediction,,10.1186/1752-0509-8-73,exact,direct AO090 match in UniProt cross-reference,False,Q2UL66,aor:AO090003000530,,5991684
AOC01138,AO090003000547,AO090003000547,,"DNA, SC003",secretory_client,,unassigned,low,Secretory clients are not assigned to machinery subsystems.,,unknown,unassigned,low,none,,,False,,liu2014,database_prediction,,10.1186/1752-0509-8-73,exact,direct AO090 match in UniProt cross-reference,False,Q2UL51,aor:AO090003000547,ko:K00306,5991699
AOC01139,AO090003000553,AO090003000553,,"DNA, SC003",secretory_client,,unassigned,low,Secretory clients are not assigned to machinery subsystems.,,unknown,unassigned,low,none,,,False,,liu2014,database_prediction,,10.1186/1752-0509-8-73,exact,direct AO090 match in UniProt cross-reference,False,Q2UL46,aor:AO090003000553,,5991704
AOC01140,AO090003000587,AO090003000587,,"DNA, SC003",secretory_client,,unassigned,low,Secretory clients are not assigned to machinery subsystems.,,unknown,unassigned,low,none,,,False,,liu2014,database_prediction,,10.1186/1752-0509-8-73,exact,direct AO090 match in UniProt cross-reference,False,Q2UL14,aor:AO090003000587,,5991736
AOC01141,AO090003000594,AO090003000594,,"DNA, SC003",secretory_client,,unassigned,low,Secretory clients are not assigned to machinery subsystems.,,unknown,unassigned,low,none,,,False,,liu2014,database_prediction,,10.1186/1752-0509-8-73,exact,direct AO090 match in UniProt cross-reference,False,Q2UL07,aor:AO090003000594,,
AOC01142,AO090003000638,AO090003000638,,"DNA, SC003",secretory_client,,unassigned,low,Secretory clients are not assigned to machinery subsystems.,,unknown,unassigned,low,none,,,False,,liu2014,database_prediction,,10.1186/1752-0509-8-73,exact,direct AO090 match in UniProt cross-reference,False,Q2UKW9,aor:AO090003000638,,5991781
AOC01143,AO090003000648,AO090003000648,,"DNA, SC003",secretory_client,,unassigned,low,Secretory clients are not assigned to machinery subsystems.,,unknown,unassigned,low,none,,,False,,liu2014,database_prediction,,10.1186/1752-0509-8-73,exact,direct AO090 match in UniProt cross-reference,False,Q2UKW3,aor:AO090003000648,,
AOC01144,AO090003000674,AO090003000674,,"DNA, SC003",secretory_client,,unassigned,low,Secretory clients are not assigned to machinery subsystems.,,unknown,unassigned,low,none,,,False,,liu2014,database_prediction,,10.1186/1752-0509-8-73,exact,direct AO090 match in UniProt cross-reference,False,Q2UKU3,aor:AO090003000674,,5991807
AOC01145,AO090003000680,AO090003000680,,chitinase (EC 3.2.1.14),secretory_client,,unassigned,low,Secretory clients are not assigned to machinery subsystems.,,unknown,unassigned,low,none,,,False,,liu2014,database_prediction,,10.1186/1752-0509-8-73,exact,direct AO090 match in UniProt cross-reference,False,Q2UKT7,aor:AO090003000680,ko:K01183,5991813
AOC01146,AO090003000693,AO090003000693,,saccharopepsin (EC 3.4.23.25) (Aspartic endopeptidase PEP2) (Aspartic protease PEP2),secretory_client,,unassigned,low,Secretory clients are not assigned to machinery subsystems.,,unknown,unassigned,low,none,,,False,,liu2014,database_prediction,,10.1186/1752-0509-8-73,exact,direct AO090 match in UniProt cross-reference,False,Q2UKS5,aor:AO090003000693,ko:K01381,5991825
AOC01147,AO090003000707,AO090003000707,,"DNA, SC003",secretory_client,,unassigned,low,Secretory clients are not assigned to machinery subsystems.,,unknown,unassigned,low,none,,,False,,liu2014,database_prediction,,10.1186/1752-0509-8-73,exact,direct AO090 match in UniProt cross-reference,False,Q2UKR2,aor:AO090003000707,ko:K05535,5991838
AOC01148,AO090003000714,AO090003000714,,"DNA, SC003",secretory_client,,unassigned,low,Secretory clients are not assigned to machinery subsystems.,,unknown,unassigned,low,none,,,False,,liu2014,database_prediction,,10.1186/1752-0509-8-73,exact,direct AO090 match in UniProt cross-reference,False,Q2UKQ6,aor:AO090003000714,,5991844
AOC01149,AO090003000715,AO090003000715,,"DNA, SC003",secretory_client,,unassigned,low,Secretory clients are not assigned to machinery subsystems.,,unknown,unassigned,low,none,,,False,,liu2014,database_prediction,,10.1186/1752-0509-8-73,exact,direct AO090 match in UniProt cross-reference,False,Q2UKQ5,aor:AO090003000715,,5991845
AOC01150,AO090003000723,AO090003000723,,"DNA, SC003",secretory_client,,unassigned,low,Secretory clients are not assigned to machinery subsystems.,,unknown,unassigned,low,none,,,False,,liu2014,database_prediction,,10.1186/1752-0509-8-73,exact,direct AO090 match in UniProt cross-reference,False,Q2UKP7,aor:AO090003000723,,5991853
AOC01151,AO090003000760,AO090003000760,,"DNA, SC003",secretory_client,,unassigned,low,Secretory clients are not assigned to machinery subsystems.,,unknown,unassigned,low,none,,,False,,liu2014,database_prediction,,10.1186/1752-0509-8-73,exact,direct AO090 match in UniProt cross-reference,False,Q2UKL4,aor:AO090003000760,,5991886
AOC01152,AO090003000761,AO090003000761,,"DNA, SC003",secretory_client,,unassigned,low,Secretory clients are not assigned to machinery subsystems.,,unknown,unassigned,low,none,,,False,,liu2014,database_prediction,,10.1186/1752-0509-8-73,exact,direct AO090 match in UniProt cross-reference,False,Q2UKL3,aor:AO090003000761,ko:K00472,5991887
AOC01153,AO090003000790,AO090003000790,,"DNA, SC003",secretory_client,,unassigned,low,Secretory clients are not assigned to machinery subsystems.,,unknown,unassigned,low,none,,,False,,liu2014,database_prediction,,10.1186/1752-0509-8-73,exact,direct AO090 match in UniProt cross-reference,False,Q2UKI7,aor:AO090003000790,,5991913
AOC01154,AO090003000823,AO090003000823,,"DNA, SC003",secretory_client,,unassigned,low,Secretory clients are not assigned to machinery subsystems.,,unknown,unassigned,low,none,,,False,,liu2014,database_prediction,,10.1186/1752-0509-8-73,exact,direct AO090 match in UniProt cross-reference,False,Q2UKG0,aor:AO090003000823,,5991940
AOC01155,AO090102000523,AO090102000523,,Signal peptidase subunit 3,secretory_client,,unassigned,low,Secretory clients are not assigned to machinery subsystems.,,unknown,unassigned,low,none,,,True,up,liu2014,database_prediction,,10.1186/1752-0509-8-73,exact,direct AO090 match in UniProt cross-reference,False,Q2UA65,aor:AO090102000523,,5994728
AOC01156,AO090003000833,AO090003000833,,"DNA, SC003",secretory_client,,unassigned,low,Secretory clients are not assigned to machinery subsystems.,,unknown,unassigned,low,none,,,False,,liu2014,database_prediction,,10.1186/1752-0509-8-73,exact,direct AO090 match in UniProt cross-reference,False,Q2UKF1,aor:AO090003000833,,5991949
AOC01157,AO090003000836,AO090003000836,,"DNA, SC003",secretory_client,,unassigned,low,Secretory clients are not assigned to machinery subsystems.,,unknown,unassigned,low,none,,,False,,liu2014,database_prediction,,10.1186/1752-0509-8-73,exact,direct AO090 match in UniProt cross-reference,False,Q2UKE8,aor:AO090003000836,ko:K01123,5991952
AOC01158,AO090003000863,AO090003000863,,"DNA, SC003",secretory_client,,unassigned,low,Secretory clients are not assigned to machinery subsystems.,,unknown,unassigned,low,none,,,False,,liu2014,database_prediction,,10.1186/1752-0509-8-73,exact,direct AO090 match in UniProt cross-reference,False,Q2UKC7,aor:AO090003000863,,5991973
AOC01159,AO090003000870,AO090003000870,,"DNA, SC003",secretory_client,,unassigned,low,Secretory clients are not assigned to machinery subsystems.,,unknown,unassigned,low,none,,,False,,liu2014,database_prediction,,10.1186/1752-0509-8-73,exact,direct AO090 match in UniProt cross-reference,False,Q2UKC1,aor:AO090003000870,,10100258
AOC01160,AO090003000876,AO090003000876,,"DNA, SC003",secretory_client,,unassigned,low,Secretory clients are not assigned to machinery subsystems.,,unknown,unassigned,low,none,,,False,,liu2014,database_prediction,,10.1186/1752-0509-8-73,exact,direct AO090 match in UniProt cross-reference,False,Q2UKB6,aor:AO090003000876,,5991984
AOC01161,AO090003000886,AO090003000886,,"DNA, SC003",secretory_client,,unassigned,low,Secretory clients are not assigned to machinery subsystems.,,unknown,unassigned,low,none,,,False,,liu2014,database_prediction,,10.1186/1752-0509-8-73,exact,direct AO090 match in UniProt cross-reference,False,Q2UKA9,aor:AO090003000886,,5991991
AOC01162,AO090003000897,AO090003000897,,"DNA, SC003",secretory_client,,unassigned,low,Secretory clients are not assigned to machinery subsystems.,,unknown,unassigned,low,none,,,False,,liu2014,database_prediction,,10.1186/1752-0509-8-73,exact,direct AO090 match in UniProt cross-reference,False,Q2UKA0,aor:AO090003000897,,5992000
AOC01163,AO090003000904,AO090003000904,,C-8 sterol isomerase (EC 5.-.-.-) (Delta-8--delta-7 sterol isomerase),secretory_client,,unassigned,low,Secretory clients are not assigned to machinery subsystems.,,unknown,unassigned,low,none,,,False,,liu2014,database_prediction,,10.1186/1752-0509-8-73,exact,direct AO090 match in UniProt cross-reference,False,Q2UK94,aor:AO090003000904,ko:K09829,
AOC01164,AO090003000905,AO090003000905,xgeA,"Probable xyloglucan-specific endo-beta-1,4-glucanase A (EC 3.2.1.151) (Xyloglucanase A) (Xyloglucanendohydrolase A)",secretory_client,,unassigned,low,Secretory clients are not assigned to machinery subsystems.,,unknown,unassigned,low,none,,,False,,liu2014,database_prediction,,10.1186/1752-0509-8-73,exact,direct AO090 match in UniProt cross-reference,False,Q2UK93,aor:AO090003000905,ko:K18576,5992007
AOC01165,AO090003000908,AO090003000908,,"DNA, SC003",secretory_client,,unassigned,low,Secretory clients are not assigned to machinery subsystems.,,unknown,unassigned,low,none,,,False,,liu2014,database_prediction,,10.1186/1752-0509-8-73,exact,direct AO090 match in UniProt cross-reference,False,Q2UK90,aor:AO090003000908,,5992010
AOC01166,AO090003000910,AO090003000910,,"DNA, SC003",secretory_client,,unassigned,low,Secretory clients are not assigned to machinery subsystems.,,unknown,unassigned,low,none,,,False,,liu2014,database_prediction,,10.1186/1752-0509-8-73,exact,direct AO090 match in UniProt cross-reference,False,Q2UK88,aor:AO090003000910,,10098504
AOC01167,AO090003000933,AO090003000933,,"DNA, SC003",secretory_client,,unassigned,low,Secretory clients are not assigned to machinery subsystems.,,unknown,unassigned,low,none,,,False,,liu2014,database_prediction,,10.1186/1752-0509-8-73,exact,direct AO090 match in UniProt cross-reference,False,Q2UK67,aor:AO090003000933,,10098374
AOC01168,AO090003000935,AO090003000935,,"DNA, SC003",secretory_client,,unassigned,low,Secretory clients are not assigned to machinery subsystems.,,unknown,unassigned,low,none,,,False,,liu2014,database_prediction,,10.1186/1752-0509-8-73,exact,direct AO090 match in UniProt cross-reference,False,Q2UK66,aor:AO090003000935,,5992034
AOC01169,AO090003000982,AO090003000982,,"DNA, SC003",secretory_client,,unassigned,low,Secretory clients are not assigned to machinery subsystems.,,unknown,unassigned,low,none,,,False,,liu2014,database_prediction,,10.1186/1752-0509-8-73,exact,direct AO090 match in UniProt cross-reference,False,Q2UK24,aor:AO090003000982,,5992076
AOC01170,AO090003000985,AO090003000985,,"DNA, SC003",secretory_client,,unassigned,low,Secretory clients are not assigned to machinery subsystems.,,unknown,unassigned,low,none,,,False,,liu2014,database_prediction,,10.1186/1752-0509-8-73,exact,direct AO090 match in UniProt cross-reference,False,Q2UK21,aor:AO090003000985,,5992079
AOC01171,AO090003000986,AO090003000986,,"DNA, SC003",secretory_client,,unassigned,low,Secretory clients are not assigned to machinery subsystems.,,unknown,unassigned,low,none,,,False,,liu2014,database_prediction,,10.1186/1752-0509-8-73,exact,direct AO090 match in UniProt cross-reference,False,Q2UK20,aor:AO090003000986,,5992080
AOC01172,AO090003000989,AO090003000989,,"DNA, SC003",secretory_client,,unassigned,low,Secretory clients are not assigned to machinery subsystems.,,unknown,unassigned,low,none,,,False,,liu2014,database_prediction,,10.1186/1752-0509-8-73,exact,direct AO090 match in UniProt cross-reference,False,Q2UK17,aor:AO090003000989,,5992083
AOC01173,AO090003001017,AO090003001017,,"DNA, SC003",secretory_client,,unassigned,low,Secretory clients are not assigned to machinery subsystems.,,unknown,unassigned,low,none,,,False,,liu2014,database_prediction,,10.1186/1752-0509-8-73,exact,direct AO090 match in UniProt cross-reference,False,Q2UJZ1,aor:AO090003001017,,5992109
AOC01174,AO090003001036,AO090003001036,alp1,Alkaline protease 1 (ALP) (EC 3.4.21.63) (Aspergillopeptidase B) (Aspergillus proteinase B) (Elastase) (Elastinolytic serine proteinase) (Oryzin),secretory_client,,unassigned,low,Secretory clients are not assigned to machinery subsystems.,,unknown,unassigned,low,none,,,False,,liu2014,database_prediction,,10.1186/1752-0509-8-73,exact,direct AO090 match in UniProt cross-reference,False,P12547,aor:AO090003001036,ko:K18549,5992127
AOC01175,AO090003001042,AO090003001042,,"DNA, SC003",secretory_client,,unassigned,low,Secretory clients are not assigned to machinery subsystems.,,unknown,unassigned,low,none,,,False,,liu2014,database_prediction,,10.1186/1752-0509-8-73,exact,direct AO090 match in UniProt cross-reference,False,Q2UJW7,aor:AO090003001042,,5992133
AOC01176,AO090003001098,AO090003001098,,"DNA, SC003",secretory_client,,unassigned,low,Secretory clients are not assigned to machinery subsystems.,,unknown,unassigned,low,none,,,False,,liu2014,database_prediction,,10.1186/1752-0509-8-73,exact,direct AO090 match in UniProt cross-reference,False,Q2UJS2,aor:AO090003001098,,5992178
AOC01177,AO090003001131,AO090003001131,,"DNA, SC003",secretory_client,,unassigned,low,Secretory clients are not assigned to machinery subsystems.,,unknown,unassigned,low,none,,,False,,liu2014,database_prediction,,10.1186/1752-0509-8-73,exact,direct AO090 match in UniProt cross-reference,False,Q2UJP3,aor:AO090003001131,,5992205
AOC01178,AO090003001167,AO090003001167,,"DNA, SC003",secretory_client,,unassigned,low,Secretory clients are not assigned to machinery subsystems.,,unknown,unassigned,low,none,,,False,,liu2014,database_prediction,,10.1186/1752-0509-8-73,exact,direct AO090 match in UniProt cross-reference,False,Q2UJL2,aor:AO090003001167,,5992238
AOC01179,AO090003001173,AO090003001173,,"DNA, SC003",secretory_client,,unassigned,low,Secretory clients are not assigned to machinery subsystems.,,unknown,unassigned,low,none,,,False,,liu2014,database_prediction,,10.1186/1752-0509-8-73,exact,direct AO090 match in UniProt cross-reference,False,Q2UJK6,aor:AO090003001173,,5992244
AOC01180,AO090003001201,AO090003001201,,"DNA, SC003",secretory_client,,unassigned,low,Secretory clients are not assigned to machinery subsystems.,,unknown,unassigned,low,none,,,False,,liu2014,database_prediction,,10.1186/1752-0509-8-73,exact,direct AO090 match in UniProt cross-reference,False,Q2UJI2,aor:AO090003001201,,
AOC01181,AO090003001207,AO090003001207,,"DNA, SC003",secretory_client,,unassigned,low,Secretory clients are not assigned to machinery subsystems.,,unknown,unassigned,low,none,,,False,,liu2014,database_prediction,,10.1186/1752-0509-8-73,exact,direct AO090 match in UniProt cross-reference,False,Q2UJH8,aor:AO090003001207,ko:K27841,5992272
AOC01182,AO090003001224,AO090003001224,,"DNA, SC003",secretory_client,,unassigned,low,Secretory clients are not assigned to machinery subsystems.,,unknown,unassigned,low,none,,,False,,liu2014,database_prediction,,10.1186/1752-0509-8-73,exact,direct AO090 match in UniProt cross-reference,False,Q2UJG8,aor:AO090003001224,,5992282
AOC01183,AO090003001241,AO090003001241,,"DNA, SC003",secretory_client,,unassigned,low,Secretory clients are not assigned to machinery subsystems.,,unknown,unassigned,low,none,,,False,,liu2014,database_prediction,,10.1186/1752-0509-8-73,exact,direct AO090 match in UniProt cross-reference,False,Q2UJF3,aor:AO090003001241,,5992297
AOC01184,AO090003001263,AO090003001263,,"DNA, SC003",secretory_client,,unassigned,low,Secretory clients are not assigned to machinery subsystems.,,unknown,unassigned,low,none,,,False,,liu2014,database_prediction,,10.1186/1752-0509-8-73,exact,direct AO090 match in UniProt cross-reference,False,Q2UJD4,aor:AO090003001263,,5992316
AOC01185,AO090003001268,AO090003001268,,"DNA, SC003",secretory_client,,unassigned,low,Secretory clients are not assigned to machinery subsystems.,,unknown,unassigned,low,none,,,False,,liu2014,database_prediction,,10.1186/1752-0509-8-73,exact,direct AO090 match in UniProt cross-reference,False,Q2UJD1,aor:AO090003001268,ko:K15530,5992319
AOC01186,AO090003001291,AO090003001291,,"DNA, SC003",secretory_client,,unassigned,low,Secretory clients are not assigned to machinery subsystems.,,unknown,unassigned,low,none,,,False,,liu2014,database_prediction,,10.1186/1752-0509-8-73,exact,direct AO090 match in UniProt cross-reference,False,Q2UJB1,aor:AO090003001291,,5992339
AOC01187,AO090003001295,AO090003001295,pelF,Probable pectin lyase F (PLF) (EC 4.2.2.10),secretory_client,,unassigned,low,Secretory clients are not assigned to machinery subsystems.,,unknown,unassigned,low,none,,,False,,liu2014,database_prediction,,10.1186/1752-0509-8-73,exact,direct AO090 match in UniProt cross-reference,False,Q2UJA7,,ko:K01732,
AOC01188,AO090003001298,AO090003001298,,"DNA, SC003",secretory_client,,unassigned,low,Secretory clients are not assigned to machinery subsystems.,,unknown,unassigned,low,none,,,False,,liu2014,database_prediction,,10.1186/1752-0509-8-73,exact,direct AO090 match in UniProt cross-reference,False,Q2UJA4,aor:AO090003001298,,5992346
AOC01189,AO090003001305,AO090003001305,aglB,Probable alpha-galactosidase B (EC 3.2.1.22) (Melibiase B),secretory_client,,unassigned,low,Secretory clients are not assigned to machinery subsystems.,,unknown,unassigned,low,none,,,False,,liu2014,database_prediction,,10.1186/1752-0509-8-73,exact,direct AO090 match in UniProt cross-reference,False,Q2UJ97,aor:AO090003001305,ko:K07407,5992593
AOC01190,AO090003001315,AO090003001315,,feruloyl esterase (EC 3.1.1.73) (Ferulic acid esterase A),secretory_client,,unassigned,low,Secretory clients are not assigned to machinery subsystems.,,unknown,unassigned,low,none,,,False,,liu2014,database_prediction,,10.1186/1752-0509-8-73,exact,direct AO090 match in UniProt cross-reference,False,Q2UJ89,aor:AO090003001315,,5992361
AOC01191,AO090003001320,AO090003001320,,"DNA, SC003",secretory_client,,unassigned,low,Secretory clients are not assigned to machinery subsystems.,,unknown,unassigned,low,none,,,False,,liu2014,database_prediction,,10.1186/1752-0509-8-73,exact,direct AO090 match in UniProt cross-reference,False,Q2UJ84,aor:AO090003001320,,5992366
AOC01192,AO090011000874,AO090011000874,,"DNA, SC011",secretory_client,,unassigned,low,Secretory clients are not assigned to machinery subsystems.,,unknown,unassigned,low,none,,,True,up,liu2014,database_prediction,,10.1186/1752-0509-8-73,exact,direct AO090 match in UniProt cross-reference,False,Q2TZF2,aor:AO090011000874,ko:K14002,5998549
AOC01193,AO090023000334,AO090023000334,,Endoplasmic reticulum lectin (Protein OS-9 homolog),secretory_client,,unassigned,low,Secretory clients are not assigned to machinery subsystems.,,unknown,unassigned,low,none,,,True,up,liu2014,database_prediction,,10.1186/1752-0509-8-73,exact,direct AO090 match in UniProt cross-reference,False,Q2UHS2,aor:AO090023000334,ko:K10088,5992897
AOC01194,AO090003001341,AO090003001341,,"DNA, SC003",secretory_client,,unassigned,low,Secretory clients are not assigned to machinery subsystems.,,unknown,unassigned,low,none,,,False,,liu2014,database_prediction,,10.1186/1752-0509-8-73,exact,direct AO090 match in UniProt cross-reference,False,Q2UJ64,aor:AO090003001341,,5992387
AOC01195,AO090003001375,AO090003001375,,"N-acetylgalactosaminide beta-1,3-galactosyltransferase (EC 2.4.1.122)",secretory_client,,unassigned,low,Secretory clients are not assigned to machinery subsystems.,,unknown,unassigned,low,none,,,False,,liu2014,database_prediction,,10.1186/1752-0509-8-73,exact,direct AO090 match in UniProt cross-reference,False,Q2UJ32,aor:AO090003001375,,5992418
AOC01196,AO090003001377,AO090003001377,,"DNA, SC003",secretory_client,,unassigned,low,Secretory clients are not assigned to machinery subsystems.,,unknown,unassigned,low,none,,,False,,liu2014,database_prediction,,10.1186/1752-0509-8-73,exact,direct AO090 match in UniProt cross-reference,False,Q2UJ30,aor:AO090003001377,,5992420
AOC01197,AO090003001382,AO090003001382,,"DNA, SC003",secretory_client,,unassigned,low,Secretory clients are not assigned to machinery subsystems.,,unknown,unassigned,low,none,,,False,,liu2014,database_prediction,,10.1186/1752-0509-8-73,exact,direct AO090 match in UniProt cross-reference,False,Q2UJ25,aor:AO090003001382,,5992425
AOC01198,AO090003001406,AO090003001406,,"DNA, SC003",secretory_client,,unassigned,low,Secretory clients are not assigned to machinery subsystems.,,unknown,unassigned,low,none,,,False,,liu2014,database_prediction,,10.1186/1752-0509-8-73,exact,direct AO090 match in UniProt cross-reference,False,Q2UJ05,aor:AO090003001406,,5992445
AOC01199,AO090003001408,AO090003001408,,"Mannan endo-1,6-alpha-mannosidase (EC 3.2.1.101)",secretory_client,,unassigned,low,Secretory clients are not assigned to machinery subsystems.,,unknown,unassigned,low,none,,,False,,liu2014,database_prediction,,10.1186/1752-0509-8-73,exact,direct AO090 match in UniProt cross-reference,False,Q2UJ03,aor:AO090003001408,ko:K08257,5992447
AOC01200,AO090003001413,AO090003001413,,"DNA, SC003",secretory_client,,unassigned,low,Secretory clients are not assigned to machinery subsystems.,,unknown,unassigned,low,none,,,False,,liu2014,database_prediction,,10.1186/1752-0509-8-73,exact,direct AO090 match in UniProt cross-reference,False,Q2UIZ8,aor:AO090003001413,,5992452
AOC01201,AO090003001418,AO090003001418,,"DNA, SC003",secretory_client,,unassigned,low,Secretory clients are not assigned to machinery subsystems.,,unknown,unassigned,low,none,,,False,,liu2014,database_prediction,,10.1186/1752-0509-8-73,exact,direct AO090 match in UniProt cross-reference,False,Q2UIZ3,aor:AO090003001418,,5992457
AOC01202,AO090003001420,AO090003001420,,"DNA, SC003",secretory_client,,unassigned,low,Secretory clients are not assigned to machinery subsystems.,,unknown,unassigned,low,none,,,False,,liu2014,database_prediction,,10.1186/1752-0509-8-73,exact,direct AO090 match in UniProt cross-reference,False,Q2UIZ1,aor:AO090003001420,,5992459
AOC01203,AO090003001432,AO090003001432,,"DNA, SC003",secretory_client,,unassigned,low,Secretory clients are not assigned to machinery subsystems.,,unknown,unassigned,low,none,,,False,,liu2014,database_prediction,,10.1186/1752-0509-8-73,exact,direct AO090 match in UniProt cross-reference,False,Q2UIX9,aor:AO090003001432,,5992471
AOC01204,AO090003001448,AO090003001448,,"DNA, SC003",secretory_client,,unassigned,low,Secretory clients are not assigned to machinery subsystems.,,unknown,unassigned,low,none,,,False,,liu2014,database_prediction,,10.1186/1752-0509-8-73,exact,direct AO090 match in UniProt cross-reference,False,Q2UIW6,aor:AO090003001448,,5992484
AOC01205,AO090003001453,AO090003001453,,"DNA, SC003",secretory_client,,unassigned,low,Secretory clients are not assigned to machinery subsystems.,,unknown,unassigned,low,none,,,False,,liu2014,database_prediction,,10.1186/1752-0509-8-73,exact,direct AO090 match in UniProt cross-reference,False,Q2UIW1,aor:AO090003001453,,5992489
AOC01206,AO090003001456,AO090003001456,,"DNA, SC003",secretory_client,,unassigned,low,Secretory clients are not assigned to machinery subsystems.,,unknown,unassigned,low,none,,,False,,liu2014,database_prediction,,10.1186/1752-0509-8-73,exact,direct AO090 match in UniProt cross-reference,False,Q2UIV9,aor:AO090003001456,,5992491
AOC01207,AO090003001458,AO090003001458,,"DNA, SC003",secretory_client,,unassigned,low,Secretory clients are not assigned to machinery subsystems.,,unknown,unassigned,low,none,,,False,,liu2014,database_prediction,,10.1186/1752-0509-8-73,exact,direct AO090 match in UniProt cross-reference,False,Q2UIV8,aor:AO090003001458,,5992492
AOC01208,AO090003001461,AO090003001461,,"DNA, SC003",secretory_client,,unassigned,low,Secretory clients are not assigned to machinery subsystems.,,unknown,unassigned,low,none,,,False,,liu2014,database_prediction,,10.1186/1752-0509-8-73,exact,direct AO090 match in UniProt cross-reference,False,Q2UIV6,aor:AO090003001461,,5992494
AOC01209,AO090009000313,AO090009000313,,"DNA, SC009",secretory_client,,unassigned,low,Secretory clients are not assigned to machinery subsystems.,,unknown,unassigned,low,none,,,True,up,liu2014,database_prediction,,10.1186/1752-0509-8-73,exact,direct AO090 match in UniProt cross-reference,False,Q2UUH4,aor:AO090009000313,ko:K08054,
AOC01210,AO090003001496,AO090003001496,,"DNA, SC003",secretory_client,,unassigned,low,Secretory clients are not assigned to machinery subsystems.,,unknown,unassigned,low,none,,,False,,liu2014,database_prediction,,10.1186/1752-0509-8-73,exact,direct AO090 match in UniProt cross-reference,False,Q2UIS7,aor:AO090003001496,,5992523
AOC01211,AO090003001498,AO090003001498,,"DNA, SC003",secretory_client,,unassigned,low,Secretory clients are not assigned to machinery subsystems.,,unknown,unassigned,low,none,,,False,,liu2014,database_prediction,,10.1186/1752-0509-8-73,exact,direct AO090 match in UniProt cross-reference,False,Q2UIS5,aor:AO090003001498,ko:K01176,5992525
AOC01212,AO090003001501,AO090003001501,,"DNA, SC003",secretory_client,,unassigned,low,Secretory clients are not assigned to machinery subsystems.,,unknown,unassigned,low,none,,,False,,liu2014,database_prediction,,10.1186/1752-0509-8-73,exact,direct AO090 match in UniProt cross-reference,False,Q2UIS3,aor:AO090003001501,,5992527
AOC01213,AO090003001507,AO090003001507,,Cutinase (EC 3.1.1.74),secretory_client,,unassigned,low,Secretory clients are not assigned to machinery subsystems.,,unknown,unassigned,low,none,,,False,,liu2014,database_prediction,,10.1186/1752-0509-8-73,exact,direct AO090 match in UniProt cross-reference,False,Q2UIR7,aor:AO090003001507,ko:K08095,5992533
AOC01214,AO090003001509,AO090003001509,,"DNA, SC003",secretory_client,,unassigned,low,Secretory clients are not assigned to machinery subsystems.,,unknown,unassigned,low,none,,,False,,liu2014,database_prediction,,10.1186/1752-0509-8-73,exact,direct AO090 match in UniProt cross-reference,False,Q2UIR5,aor:AO090003001509,,5992535
AOC01215,AO090003001514,AO090003001514,,Pectinesterase (EC 3.1.1.11),secretory_client,,unassigned,low,Secretory clients are not assigned to machinery subsystems.,,unknown,unassigned,low,none,,,False,,liu2014,database_prediction,,10.1186/1752-0509-8-73,exact,direct AO090 match in UniProt cross-reference,False,Q2UIR2,aor:AO090003001514,ko:K01051,5992538
AOC01216,AO090003001515,AO090003001515,,"DNA, SC003",secretory_client,,unassigned,low,Secretory clients are not assigned to machinery subsystems.,,unknown,unassigned,low,none,,,False,,liu2014,database_prediction,,10.1186/1752-0509-8-73,exact,direct AO090 match in UniProt cross-reference,False,Q2UIR1,aor:AO090003001515,,5992539
AOC01217,AO090003001518,AO090003001518,,"DNA, SC003",secretory_client,,unassigned,low,Secretory clients are not assigned to machinery subsystems.,,unknown,unassigned,low,none,,,False,,liu2014,database_prediction,,10.1186/1752-0509-8-73,exact,direct AO090 match in UniProt cross-reference,False,Q2UIQ9,aor:AO090003001518,,5992541
AOC01218,AO090003000257,AO090003000257,,Endoplasmic reticulum chaperone BIP (EC 3.6.4.10) (Endoplasmic reticulum chaperone BiP) (Immunoglobulin heavy chain-binding protein homolog),secretory_client,,unassigned,low,Secretory clients are not assigned to machinery subsystems.,,unknown,unassigned,low,none,,,True,up,liu2014,database_prediction,,10.1186/1752-0509-8-73,exact,direct AO090 match in UniProt cross-reference,False,Q2ULV1,aor:AO090003000257,ko:K09490,
AOC01219,AO090003001533,AO090003001533,,"DNA, SC003",secretory_client,,unassigned,low,Secretory clients are not assigned to machinery subsystems.,,unknown,unassigned,low,none,,,False,,liu2014,database_prediction,,10.1186/1752-0509-8-73,exact,direct AO090 match in UniProt cross-reference,False,Q2UIP7,aor:AO090003001533,,5992553
AOC01220,AO090003001534,AO090003001534,,"DNA, SC003",secretory_client,,unassigned,low,Secretory clients are not assigned to machinery subsystems.,,unknown,unassigned,low,none,,,False,,liu2014,database_prediction,,10.1186/1752-0509-8-73,exact,direct AO090 match in UniProt cross-reference,False,Q2UIP6,aor:AO090003001534,,5992554
AOC01221,AO090005000012,AO090005000012,,"DNA, SC005",secretory_client,,unassigned,low,Secretory clients are not assigned to machinery subsystems.,,unknown,unassigned,low,none,,,False,,liu2014,database_prediction,,10.1186/1752-0509-8-73,exact,direct AO090 match in UniProt cross-reference,False,Q2UTH7,aor:AO090005000012,,5989085
AOC01222,AO090005000029,AO090005000029,cutL1,Cutinase 1 (EC 3.1.1.74) (Cutin hydrolase 1) (L1),secretory_client,,unassigned,low,Secretory clients are not assigned to machinery subsystems.,,unknown,unassigned,low,none,,,False,,liu2014,database_prediction,,10.1186/1752-0509-8-73,exact,direct AO090 match in UniProt cross-reference,False,P52956,aor:AO090005000029,ko:K08095,5989098
AOC01223,AO090005000042,AO090005000042,,"DNA, SC005",secretory_client,,unassigned,low,Secretory clients are not assigned to machinery subsystems.,,unknown,unassigned,low,none,,,False,,liu2014,database_prediction,,10.1186/1752-0509-8-73,exact,direct AO090 match in UniProt cross-reference,False,Q2UTF3,aor:AO090005000042,,5989109
AOC01224,AO090005000053,AO090005000053,,"DNA, SC005",secretory_client,,unassigned,low,Secretory clients are not assigned to machinery subsystems.,,unknown,unassigned,low,none,,,False,,liu2014,database_prediction,,10.1186/1752-0509-8-73,exact,direct AO090 match in UniProt cross-reference,False,Q2UTE2,aor:AO090005000053,ko:K01301,5989120
AOC01225,AO090005000057,AO090005000057,,"DNA, SC005",secretory_client,,unassigned,low,Secretory clients are not assigned to machinery subsystems.,,unknown,unassigned,low,none,,,False,,liu2014,database_prediction,,10.1186/1752-0509-8-73,exact,direct AO090 match in UniProt cross-reference,False,Q2UTD8,aor:AO090005000057,,5989124
AOC01226,AO090005000059,AO090005000059,,"DNA, SC005",secretory_client,,unassigned,low,Secretory clients are not assigned to machinery subsystems.,,unknown,unassigned,low,none,,,False,,liu2014,database_prediction,,10.1186/1752-0509-8-73,exact,direct AO090 match in UniProt cross-reference,False,Q2UTD7,aor:AO090005000059,,5989125
AOC01227,AO090005000064,AO090005000064,,"DNA, SC005",secretory_client,,unassigned,low,Secretory clients are not assigned to machinery subsystems.,,unknown,unassigned,low,none,,,False,,liu2014,database_prediction,,10.1186/1752-0509-8-73,exact,direct AO090 match in UniProt cross-reference,False,Q2UTD2,aor:AO090005000064,,5989130
AOC01228,AO090005000065,AO090005000065,,"DNA, SC005",secretory_client,,unassigned,low,Secretory clients are not assigned to machinery subsystems.,,unknown,unassigned,low,none,,,False,,liu2014,database_prediction,,10.1186/1752-0509-8-73,exact,direct AO090 match in UniProt cross-reference,False,Q2UTD1,aor:AO090005000065,,5989131
AOC01229,AO090005000067,AO090005000067,,"DNA, SC005",secretory_client,,unassigned,low,Secretory clients are not assigned to machinery subsystems.,,unknown,unassigned,low,none,,,False,,liu2014,database_prediction,,10.1186/1752-0509-8-73,exact,direct AO090 match in UniProt cross-reference,False,Q2UTD0,aor:AO090005000067,ko:K18580,5990500
AOC01230,AO090005000070,AO090005000070,,"DNA, SC005",secretory_client,,unassigned,low,Secretory clients are not assigned to machinery subsystems.,,unknown,unassigned,low,none,,,False,,liu2014,database_prediction,,10.1186/1752-0509-8-73,exact,direct AO090 match in UniProt cross-reference,False,Q2UTC9,aor:AO090005000070,,5989133
AOC01231,AO090005000081,AO090005000081,,"DNA, SC005",secretory_client,,unassigned,low,Secretory clients are not assigned to machinery subsystems.,,unknown,unassigned,low,none,,,False,,liu2014,database_prediction,,10.1186/1752-0509-8-73,exact,direct AO090 match in UniProt cross-reference,False,Q2UTB8,aor:AO090005000081,,35119560
AOC01232,AO090005000093,AO090005000093,,Glucosidase 2 subunit beta,secretory_client,,unassigned,low,Secretory clients are not assigned to machinery subsystems.,,unknown,unassigned,low,none,,,False,,liu2014,database_prediction,,10.1186/1752-0509-8-73,exact,direct AO090 match in UniProt cross-reference,False,Q2UTA8,aor:AO090005000093,ko:K08288,5989154
AOC01233,AO090005000094,AO090005000094,,"DNA, SC005",secretory_client,,unassigned,low,Secretory clients are not assigned to machinery subsystems.,,unknown,unassigned,low,none,,,False,,liu2014,database_prediction,,10.1186/1752-0509-8-73,exact,direct AO090 match in UniProt cross-reference,False,Q2UTA7,aor:AO090005000094,,35119561
AOC01234,AO090005000108,AO090005000108,,Protein BIG1,secretory_client,,unassigned,low,Secretory clients are not assigned to machinery subsystems.,,unknown,unassigned,low,none,,,False,,liu2014,database_prediction,,10.1186/1752-0509-8-73,exact,direct AO090 match in UniProt cross-reference,False,Q2UT93,aor:AO090005000108,,5989169
AOC01235,AO090005000162,AO090005000162,,Sulfhydryl oxidase (EC 1.8.3.2),secretory_client,,unassigned,low,Secretory clients are not assigned to machinery subsystems.,,unknown,unassigned,low,none,,,False,,liu2014,database_prediction,,10.1186/1752-0509-8-73,exact,direct AO090 match in UniProt cross-reference,False,Q2UT45,aor:AO090005000162,,5989217
AOC01236,AO090005000176,AO090005000176,,"DNA, SC005",secretory_client,,unassigned,low,Secretory clients are not assigned to machinery subsystems.,,unknown,unassigned,low,none,,,False,,liu2014,database_prediction,,10.1186/1752-0509-8-73,exact,direct AO090 match in UniProt cross-reference,False,Q2UT35,aor:AO090005000176,,5989227
AOC01237,AO090005000230,AO090005000230,,ubiquitinyl hydrolase 1 (EC 3.4.19.12),secretory_client,,unassigned,low,Secretory clients are not assigned to machinery subsystems.,,unknown,unassigned,low,none,,,False,,liu2014,database_prediction,,10.1186/1752-0509-8-73,exact,direct AO090 match in UniProt cross-reference,False,Q2USZ5,aor:AO090005000230,,5989267
AOC01238,AO090001000733,AO090001000733,pdiA,Protein disulfide-isomerase (PDI) (EC 5.3.4.1),secretory_client,,unassigned,low,Secretory clients are not assigned to machinery subsystems.,,unknown,unassigned,low,none,,,True,up,liu2014,database_prediction,,10.1186/1752-0509-8-73,exact,direct AO090 match in UniProt cross-reference,False,Q00248,aor:AO090001000733,ko:K09580,5991195
AOC01239,AO090005000237,AO090005000237,,"DNA, SC005",secretory_client,,unassigned,low,Secretory clients are not assigned to machinery subsystems.,,unknown,unassigned,low,none,,,False,,liu2014,database_prediction,,10.1186/1752-0509-8-73,exact,direct AO090 match in UniProt cross-reference,False,Q2USY8,aor:AO090005000237,,5989274
AOC01240,AO090005000239,AO090005000239,,"DNA, SC005",secretory_client,,unassigned,low,Secretory clients are not assigned to machinery subsystems.,,unknown,unassigned,low,none,,,False,,liu2014,database_prediction,,10.1186/1752-0509-8-73,exact,direct AO090 match in UniProt cross-reference,False,Q2USY6,aor:AO090005000239,,5989276
AOC01241,AO090005000252,AO090005000252,,"DNA, SC005",secretory_client,,unassigned,low,Secretory clients are not assigned to machinery subsystems.,,unknown,unassigned,low,none,,,False,,liu2014,database_prediction,,10.1186/1752-0509-8-73,exact,direct AO090 match in UniProt cross-reference,False,Q2USX4,aor:AO090005000252,,5989288
AOC01242,AO090005000253,AO090005000253,,"DNA, SC005",secretory_client,,unassigned,low,Secretory clients are not assigned to machinery subsystems.,,unknown,unassigned,low,none,,,False,,liu2014,database_prediction,,10.1186/1752-0509-8-73,exact,direct AO090 match in UniProt cross-reference,False,Q2USX3,aor:AO090005000253,,5989289
AOC01243,AO090005000298,AO090005000298,,"DNA, SC005",secretory_client,,unassigned,low,Secretory clients are not assigned to machinery subsystems.,,unknown,unassigned,low,none,,,False,,liu2014,database_prediction,,10.1186/1752-0509-8-73,exact,direct AO090 match in UniProt cross-reference,False,Q2UST8,aor:AO090005000298,,5989324
AOC01244,AO090005000310,AO090005000310,,"DNA, SC005",secretory_client,,unassigned,low,Secretory clients are not assigned to machinery subsystems.,,unknown,unassigned,low,none,,,False,,liu2014,database_prediction,,10.1186/1752-0509-8-73,exact,direct AO090 match in UniProt cross-reference,False,Q2USS6,aor:AO090005000310,,5989336
AOC01245,AO090005000311,AO090005000311,,"DNA, SC005",secretory_client,,unassigned,low,Secretory clients are not assigned to machinery subsystems.,,unknown,unassigned,low,none,,,False,,liu2014,database_prediction,,10.1186/1752-0509-8-73,exact,direct AO090 match in UniProt cross-reference,False,Q2USS5,aor:AO090005000311,,5989337
AOC01246,AO090005000326,AO090005000326,,"DNA, SC005",secretory_client,,unassigned,low,Secretory clients are not assigned to machinery subsystems.,,unknown,unassigned,low,none,,,False,,liu2014,database_prediction,,10.1186/1752-0509-8-73,exact,direct AO090 match in UniProt cross-reference,False,Q2USR2,aor:AO090005000326,,5989350
AOC01247,AO090005000347,AO090005000347,,"DNA, SC005",secretory_client,,unassigned,low,Secretory clients are not assigned to machinery subsystems.,,unknown,unassigned,low,none,,,False,,liu2014,database_prediction,,10.1186/1752-0509-8-73,exact,direct AO090 match in UniProt cross-reference,False,Q2USP5,aor:AO090005000347,,5989367
AOC01248,AO090005000349,AO090005000349,,"DNA, SC005",secretory_client,,unassigned,low,Secretory clients are not assigned to machinery subsystems.,,unknown,unassigned,low,none,,,False,,liu2014,database_prediction,,10.1186/1752-0509-8-73,exact,direct AO090 match in UniProt cross-reference,False,Q2USP3,aor:AO090005000349,ko:K14334,5989369
AOC01249,AO090005000358,AO090005000358,,"DNA, SC005",secretory_client,,unassigned,low,Secretory clients are not assigned to machinery subsystems.,,unknown,unassigned,low,none,,,False,,liu2014,database_prediction,,10.1186/1752-0509-8-73,exact,direct AO090 match in UniProt cross-reference,False,Q2USN4,aor:AO090005000358,,5989378
AOC01250,AO090005000363,AO090005000363,,"DNA, SC005",secretory_client,,unassigned,low,Secretory clients are not assigned to machinery subsystems.,,unknown,unassigned,low,none,,,False,,liu2014,database_prediction,,10.1186/1752-0509-8-73,exact,direct AO090 match in UniProt cross-reference,False,Q2USM9,aor:AO090005000363,,5989384
AOC01251,AO090005000365,AO090005000365,,"DNA, SC005",secretory_client,,unassigned,low,Secretory clients are not assigned to machinery subsystems.,,unknown,unassigned,low,none,,,False,,liu2014,database_prediction,,10.1186/1752-0509-8-73,exact,direct AO090 match in UniProt cross-reference,False,Q2USM7,aor:AO090005000365,,5989385
AOC01252,AO090005000383,AO090005000383,,"DNA, SC005",secretory_client,,unassigned,low,Secretory clients are not assigned to machinery subsystems.,,unknown,unassigned,low,none,,,False,,liu2014,database_prediction,,10.1186/1752-0509-8-73,exact,direct AO090 match in UniProt cross-reference,False,Q2USL2,aor:AO090005000383,,5989400
AOC01253,AO090005000396,AO090005000396,,"DNA, SC005",secretory_client,,unassigned,low,Secretory clients are not assigned to machinery subsystems.,,unknown,unassigned,low,none,,,False,,liu2014,database_prediction,,10.1186/1752-0509-8-73,exact,direct AO090 match in UniProt cross-reference,False,Q2USK1,aor:AO090005000396,,5989411
AOC01254,AO090005000397,AO090005000397,,"DNA, SC005",secretory_client,,unassigned,low,Secretory clients are not assigned to machinery subsystems.,,unknown,unassigned,low,none,,,False,,liu2014,database_prediction,,10.1186/1752-0509-8-73,exact,direct AO090 match in UniProt cross-reference,False,Q2USK0,aor:AO090005000397,,5989412
AOC01255,AO090005000409,AO090005000409,,"DNA, SC005",secretory_client,,unassigned,low,Secretory clients are not assigned to machinery subsystems.,,unknown,unassigned,low,none,,,False,,liu2014,database_prediction,,10.1186/1752-0509-8-73,exact,direct AO090 match in UniProt cross-reference,False,Q2USI8,aor:AO090005000409,ko:K01238,
AOC01256,AO090005000449,AO090005000449,,glucose oxidase (EC 1.1.3.4),secretory_client,,unassigned,low,Secretory clients are not assigned to machinery subsystems.,,unknown,unassigned,low,none,,,False,,liu2014,database_prediction,,10.1186/1752-0509-8-73,exact,direct AO090 match in UniProt cross-reference,False,Q2USF2,aor:AO090005000449,,5989460
AOC01257,AO090005000464,AO090005000464,rot1,Protein rot1,secretory_client,,unassigned,low,Secretory clients are not assigned to machinery subsystems.,,unknown,unassigned,low,none,,,False,,liu2014,database_prediction,,10.1186/1752-0509-8-73,exact,direct AO090 match in UniProt cross-reference,False,Q2USD9,,,
AOC01258,AO090005000472,AO090005000472,,Pectate lyase (EC 4.2.2.2),secretory_client,,unassigned,low,Secretory clients are not assigned to machinery subsystems.,,unknown,unassigned,low,none,,,False,,liu2014,database_prediction,,10.1186/1752-0509-8-73,exact,direct AO090 match in UniProt cross-reference,False,Q2USD5,aor:AO090005000472,ko:K22539,5989477
AOC01259,AO090005000489,AO090005000489,,"DNA, SC005",secretory_client,,unassigned,low,Secretory clients are not assigned to machinery subsystems.,,unknown,unassigned,low,none,,,False,,liu2014,database_prediction,,10.1186/1752-0509-8-73,exact,direct AO090 match in UniProt cross-reference,False,Q2USB9,aor:AO090005000489,,5989493
AOC01260,AO090005000512,AO090005000512,,"DNA, SC005",secretory_client,,unassigned,low,Secretory clients are not assigned to machinery subsystems.,,unknown,unassigned,low,none,,,False,,liu2014,database_prediction,,10.1186/1752-0509-8-73,exact,direct AO090 match in UniProt cross-reference,False,Q2USA0,aor:AO090005000512,,5989512
AOC01261,AO090005000528,AO090005000528,,"DNA, SC005",secretory_client,,unassigned,low,Secretory clients are not assigned to machinery subsystems.,,unknown,unassigned,low,none,,,False,,liu2014,database_prediction,,10.1186/1752-0509-8-73,exact,direct AO090 match in UniProt cross-reference,False,Q2US86,aor:AO090005000528,,5989526
AOC01262,AO090005000531,AO090005000531,AA9A,"AA9 family lytic polysaccharide monooxygenase A (AgAA9A) (EC 1.14.99.56) (Cellulase AA9A) (Endo-beta-1,4-glucanase AA9A) (Endoglucanase AA9A) (Glycosyl hydrolase 61 family protein AA9A)",secretory_client,,unassigned,low,Secretory clients are not assigned to machinery subsystems.,,unknown,unassigned,low,none,,,False,,liu2014,database_prediction,,10.1186/1752-0509-8-73,exact,direct AO090 match in UniProt cross-reference,False,Q2US83,,ko:K19356,
AOC01263,AO090005000538,AO090005000538,,"DNA, SC005",secretory_client,,unassigned,low,Secretory clients are not assigned to machinery subsystems.,,unknown,unassigned,low,none,,,False,,liu2014,database_prediction,,10.1186/1752-0509-8-73,exact,direct AO090 match in UniProt cross-reference,False,Q2US76,aor:AO090005000538,,5989536
AOC01264,AO090005000544,AO090005000544,,"DNA, SC005",secretory_client,,unassigned,low,Secretory clients are not assigned to machinery subsystems.,,unknown,unassigned,low,none,,,False,,liu2014,database_prediction,,10.1186/1752-0509-8-73,exact,direct AO090 match in UniProt cross-reference,False,Q2US73,aor:AO090005000544,,5989539
AOC01265,AO090005000554,AO090005000554,,"DNA, SC005",secretory_client,,unassigned,low,Secretory clients are not assigned to machinery subsystems.,,unknown,unassigned,low,none,,,False,,liu2014,database_prediction,,10.1186/1752-0509-8-73,exact,direct AO090 match in UniProt cross-reference,False,Q2US64,aor:AO090005000554,,5989548
AOC01266,AO090005000560,AO090005000560,,chitinase (EC 3.2.1.14),secretory_client,,unassigned,low,Secretory clients are not assigned to machinery subsystems.,,unknown,unassigned,low,none,,,False,,liu2014,database_prediction,,10.1186/1752-0509-8-73,exact,direct AO090 match in UniProt cross-reference,False,Q2US58,aor:AO090005000560,,5989554
AOC01267,AO090005000608,AO090005000608,,"DNA, SC005",secretory_client,,unassigned,low,Secretory clients are not assigned to machinery subsystems.,,unknown,unassigned,low,none,,,False,,liu2014,database_prediction,,10.1186/1752-0509-8-73,exact,direct AO090 match in UniProt cross-reference,False,Q2US15,aor:AO090005000608,,5989597
AOC01268,AO090005000610,AO090005000610,,"DNA, SC005",secretory_client,,unassigned,low,Secretory clients are not assigned to machinery subsystems.,,unknown,unassigned,low,none,,,False,,liu2014,database_prediction,,10.1186/1752-0509-8-73,exact,direct AO090 match in UniProt cross-reference,False,Q2US13,aor:AO090005000610,,5989599
AOC01269,AO090005000652,AO090005000652,,"DNA, SC005",secretory_client,,unassigned,low,Secretory clients are not assigned to machinery subsystems.,,unknown,unassigned,low,none,,,False,,liu2014,database_prediction,,10.1186/1752-0509-8-73,exact,direct AO090 match in UniProt cross-reference,False,Q2URX6,aor:AO090005000652,,5989636
AOC01270,AO090005000663,AO090005000663,,"DNA, SC005",secretory_client,,unassigned,low,Secretory clients are not assigned to machinery subsystems.,,unknown,unassigned,low,none,,,False,,liu2014,database_prediction,,10.1186/1752-0509-8-73,exact,direct AO090 match in UniProt cross-reference,False,Q2URW7,aor:AO090005000663,,5989645
AOC01271,AO090103000044,AO090103000044,,"DNA, SC103",secretory_client,,unassigned,low,Secretory clients are not assigned to machinery subsystems.,,unknown,unassigned,low,none,,,True,up,liu2014,database_prediction,,10.1186/1752-0509-8-73,exact,direct AO090 match in UniProt cross-reference,False,Q2TYZ5,aor:AO090103000044,ko:K12273,5999182
AOC01272,AO090005000778,AO090005000778,,"DNA, SC005",secretory_client,,unassigned,low,Secretory clients are not assigned to machinery subsystems.,,unknown,unassigned,low,none,,,False,,liu2014,database_prediction,,10.1186/1752-0509-8-73,exact,direct AO090 match in UniProt cross-reference,False,Q2URL7,aor:AO090005000778,,5989745
AOC01273,AO090005000802,AO090005000802,,ADP-ribosylhydrolase ARH3 (EC 3.2.1.143) (ADP-ribose glycohydrolase ARH3) (ADP-ribosylhydrolase 3) (O-acetyl-ADP-ribose deacetylase ARH3) (Poly(ADP-ribose) glycohydrolase ARH3) ([Protein ADP-ribosylarginine] hydrolase-like protein 2) ([Protein ADP-ribosylserine] hydrolase),secretory_client,,unassigned,low,Secretory clients are not assigned to machinery subsystems.,,unknown,unassigned,low,none,,,False,,liu2014,database_prediction,,10.1186/1752-0509-8-73,exact,direct AO090 match in UniProt cross-reference,False,Q2URJ7,aor:AO090005000802,,5989765
AOC01274,AO090005000803,AO090005000803,,"DNA, SC005",secretory_client,,unassigned,low,Secretory clients are not assigned to machinery subsystems.,,unknown,unassigned,low,none,,,False,,liu2014,database_prediction,,10.1186/1752-0509-8-73,exact,direct AO090 match in UniProt cross-reference,False,Q2URJ6,aor:AO090005000803,,5989766
AOC01275,AO090005000816,AO090005000816,,asparaginase (EC 3.5.1.1),secretory_client,,unassigned,low,Secretory clients are not assigned to machinery subsystems.,,unknown,unassigned,low,none,,,False,,liu2014,database_prediction,,10.1186/1752-0509-8-73,exact,direct AO090 match in UniProt cross-reference,False,Q2URI4,aor:AO090005000816,ko:K01424,5989778
AOC01276,AO090020000162,AO090020000162,,"DNA, SC020",secretory_client,,unassigned,low,Secretory clients are not assigned to machinery subsystems.,,unknown,unassigned,low,none,,,False,,liu2014,database_prediction,,10.1186/1752-0509-8-73,exact,direct AO090 match in UniProt cross-reference,False,Q2U4X6,aor:AO090020000162,,5996608
AOC01277,AO090005000880,AO090005000880,,"DNA, SC005",secretory_client,,unassigned,low,Secretory clients are not assigned to machinery subsystems.,,unknown,unassigned,low,none,,,False,,liu2014,database_prediction,,10.1186/1752-0509-8-73,exact,direct AO090 match in UniProt cross-reference,False,Q2URC8,aor:AO090005000880,ko:K07904,5989834
AOC01278,AO090005000897,AO090005000897,,"DNA, SC005",secretory_client,,unassigned,low,Secretory clients are not assigned to machinery subsystems.,,unknown,unassigned,low,none,,,False,,liu2014,database_prediction,,10.1186/1752-0509-8-73,exact,direct AO090 match in UniProt cross-reference,False,Q2URB2,aor:AO090005000897,,5989850
AOC01279,AO090005000907,AO090005000907,,"DNA, SC005",secretory_client,,unassigned,low,Secretory clients are not assigned to machinery subsystems.,,unknown,unassigned,low,none,,,False,,liu2014,database_prediction,,10.1186/1752-0509-8-73,exact,direct AO090 match in UniProt cross-reference,False,Q2URA2,aor:AO090005000907,,5989860
AOC01280,AO090005000912,AO090005000912,,"DNA, SC005",secretory_client,,unassigned,low,Secretory clients are not assigned to machinery subsystems.,,unknown,unassigned,low,none,,,False,,liu2014,database_prediction,,10.1186/1752-0509-8-73,exact,direct AO090 match in UniProt cross-reference,False,Q2UR98,aor:AO090005000912,,5989864
AOC01281,AO090005000918,AO090005000918,,"DNA, SC005",secretory_client,,unassigned,low,Secretory clients are not assigned to machinery subsystems.,,unknown,unassigned,low,none,,,False,,liu2014,database_prediction,,10.1186/1752-0509-8-73,exact,direct AO090 match in UniProt cross-reference,False,Q2UR93,aor:AO090005000918,,5989869
AOC01282,AO090005000922,AO090005000922,,"DNA, SC005",secretory_client,,unassigned,low,Secretory clients are not assigned to machinery subsystems.,,unknown,unassigned,low,none,,,False,,liu2014,database_prediction,,10.1186/1752-0509-8-73,exact,direct AO090 match in UniProt cross-reference,False,Q2UR90,aor:AO090005000922,,5989872
AOC01283,AO090005000924,AO090005000924,,"DNA, SC005",secretory_client,,unassigned,low,Secretory clients are not assigned to machinery subsystems.,,unknown,unassigned,low,none,,,False,,liu2014,database_prediction,,10.1186/1752-0509-8-73,exact,direct AO090 match in UniProt cross-reference,False,Q2UR88,aor:AO090005000924,,5989874
AOC01284,AO090005000928,AO090005000928,,"DNA, SC005",secretory_client,,unassigned,low,Secretory clients are not assigned to machinery subsystems.,,unknown,unassigned,low,none,,,False,,liu2014,database_prediction,,10.1186/1752-0509-8-73,exact,direct AO090 match in UniProt cross-reference,False,Q2UR84,aor:AO090005000928,,5989878
AOC01285,AO090005000939,AO090005000939,,"DNA, SC005",secretory_client,,unassigned,low,Secretory clients are not assigned to machinery subsystems.,,unknown,unassigned,low,none,,,False,,liu2014,database_prediction,,10.1186/1752-0509-8-73,exact,direct AO090 match in UniProt cross-reference,False,Q2UR75,aor:AO090005000939,ko:K29060,
AOC01286,AO090005000944,AO090005000944,,"DNA, SC005",secretory_client,,unassigned,low,Secretory clients are not assigned to machinery subsystems.,,unknown,unassigned,low,none,,,False,,liu2014,database_prediction,,10.1186/1752-0509-8-73,exact,direct AO090 match in UniProt cross-reference,False,Q2UR70,aor:AO090005000944,,5989892
AOC01287,AO090005000945,AO090005000945,,feruloyl esterase (EC 3.1.1.73),secretory_client,,unassigned,low,Secretory clients are not assigned to machinery subsystems.,,unknown,unassigned,low,none,,,False,,liu2014,database_prediction,,10.1186/1752-0509-8-73,exact,direct AO090 match in UniProt cross-reference,False,Q2UR69,aor:AO090005000945,,5989893
AOC01288,AO090005000970,AO090005000970,,"DNA, SC005",secretory_client,,unassigned,low,Secretory clients are not assigned to machinery subsystems.,,unknown,unassigned,low,none,,,False,,liu2014,database_prediction,,10.1186/1752-0509-8-73,exact,direct AO090 match in UniProt cross-reference,False,Q2UR50,aor:AO090005000970,,5989912
AOC01289,AO090005000984,AO090005000984,,"DNA, SC005",secretory_client,,unassigned,low,Secretory clients are not assigned to machinery subsystems.,,unknown,unassigned,low,none,,,False,,liu2014,database_prediction,,10.1186/1752-0509-8-73,exact,direct AO090 match in UniProt cross-reference,False,Q2UR40,aor:AO090005000984,,5989922
AOC01290,AO090005000986,AO090005000986,xlnD,"Exo-1,4-beta-xylosidase xlnD (EC 3.2.1.37) (1,4-beta-D-xylan xylohydrolase xlnD) (Beta-xylosidase A) (Beta-xylosidase xlnD) (Xylobiase xlnD)",secretory_client,,unassigned,low,Secretory clients are not assigned to machinery subsystems.,,unknown,unassigned,low,none,,,False,,liu2014,database_prediction,,10.1186/1752-0509-8-73,exact,direct AO090 match in UniProt cross-reference,False,Q2UR38,aor:AO090005000986,ko:K15920,5990515
AOC01291,AO090005000988,AO090005000988,,"DNA, SC005",secretory_client,,unassigned,low,Secretory clients are not assigned to machinery subsystems.,,unknown,unassigned,low,none,,,False,,liu2014,database_prediction,,10.1186/1752-0509-8-73,exact,direct AO090 match in UniProt cross-reference,False,Q2UR36,aor:AO090005000988,,5989926
AOC01292,AO090005001030,AO090005001030,,"DNA, SC005",secretory_client,,unassigned,low,Secretory clients are not assigned to machinery subsystems.,,unknown,unassigned,low,none,,,False,,liu2014,database_prediction,,10.1186/1752-0509-8-73,exact,direct AO090 match in UniProt cross-reference,False,Q2UR02,aor:AO090005001030,,5989960
AOC01293,AO090005001038,AO090005001038,,"DNA, SC005",secretory_client,,unassigned,low,Secretory clients are not assigned to machinery subsystems.,,unknown,unassigned,low,none,,,False,,liu2014,database_prediction,,10.1186/1752-0509-8-73,exact,direct AO090 match in UniProt cross-reference,False,Q2UQZ6,aor:AO090005001038,,5989966
AOC01294,AO090005001044,AO090005001044,rntB,Ribonuclease T2 (RNase T2) (EC 4.6.1.19),secretory_client,,unassigned,low,Secretory clients are not assigned to machinery subsystems.,,unknown,unassigned,low,none,,,False,,liu2014,database_prediction,,10.1186/1752-0509-8-73,exact,direct AO090 match in UniProt cross-reference,False,P10281,aor:AO090005001044,ko:K01166,5989969
AOC01295,AO090005001075,AO090005001075,,"DNA, SC005",secretory_client,,unassigned,low,Secretory clients are not assigned to machinery subsystems.,,unknown,unassigned,low,none,,,False,,liu2014,database_prediction,,10.1186/1752-0509-8-73,exact,direct AO090 match in UniProt cross-reference,False,Q2UQW4,aor:AO090005001075,,5989998
AOC01296,AO090005001084,AO090005001084,agdC,Probable alpha/beta-glucosidase agdC (EC 3.2.1.20) (EC 3.2.1.21),secretory_client,,unassigned,low,Secretory clients are not assigned to machinery subsystems.,,unknown,unassigned,low,none,,,False,,liu2014,database_prediction,,10.1186/1752-0509-8-73,exact,direct AO090 match in UniProt cross-reference,False,Q2UQV7,aor:AO090005001084,ko:K01187,5990005
AOC01297,AO090005001090,AO090005001090,,Crh-like protein (EC 3.2.-.-),secretory_client,,unassigned,low,Secretory clients are not assigned to machinery subsystems.,,unknown,unassigned,low,none,,,False,,liu2014,database_prediction,,10.1186/1752-0509-8-73,exact,direct AO090 match in UniProt cross-reference,False,Q2UQV1,aor:AO090005001090,,5990011
AOC01298,AO090005001131,AO090005001131,,"DNA, SC005",secretory_client,,unassigned,low,Secretory clients are not assigned to machinery subsystems.,,unknown,unassigned,low,none,,,False,,liu2014,database_prediction,,10.1186/1752-0509-8-73,exact,direct AO090 match in UniProt cross-reference,False,Q2UQR8,aor:AO090005001131,,5990044
AOC01299,AO090005001177,AO090005001177,,"DNA, SC005",secretory_client,,unassigned,low,Secretory clients are not assigned to machinery subsystems.,,unknown,unassigned,low,none,,,False,,liu2014,database_prediction,,10.1186/1752-0509-8-73,exact,direct AO090 match in UniProt cross-reference,False,Q2UQN0,aor:AO090005001177,,5990082
AOC01300,AO090005001186,AO090005001186,,"DNA, SC005",secretory_client,,unassigned,low,Secretory clients are not assigned to machinery subsystems.,,unknown,unassigned,low,none,,,False,,liu2014,database_prediction,,10.1186/1752-0509-8-73,exact,direct AO090 match in UniProt cross-reference,False,Q2UQM3,aor:AO090005001186,ko:K05290,5990089
AOC01301,AO090005001206,AO090005001206,,Autophagy-related protein 27,secretory_client,,unassigned,low,Secretory clients are not assigned to machinery subsystems.,,unknown,unassigned,low,none,,,False,,liu2014,database_prediction,,10.1186/1752-0509-8-73,exact,direct AO090 match in UniProt cross-reference,False,Q2UQK8,aor:AO090005001206,ko:K21141,5990517
AOC01302,AO090005001515,AO090005001515,fpr2,FK506-binding protein 2 (EC 5.2.1.8) (Peptidyl-prolyl cis-trans isomerase) (PPIase) (Rotamase),secretory_client,,unassigned,low,Secretory clients are not assigned to machinery subsystems.,,unknown,unassigned,low,none,,,True,up,liu2014,database_prediction,,10.1186/1752-0509-8-73,exact,direct AO090 match in UniProt cross-reference,False,Q2UPT7,aor:AO090005001515,ko:K09569,
AOC01303,AO090005001254,AO090005001254,,"DNA, SC005",secretory_client,,unassigned,low,Secretory clients are not assigned to machinery subsystems.,,unknown,unassigned,low,none,,,False,,liu2014,database_prediction,,10.1186/1752-0509-8-73,exact,direct AO090 match in UniProt cross-reference,False,Q2UQG8,aor:AO090005001254,,5990144
AOC01304,AO090005000630,AO090005000630,,thiol oxidase (EC 1.8.3.2),secretory_client,,unassigned,low,Secretory clients are not assigned to machinery subsystems.,,unknown,unassigned,low,none,,,True,up,liu2014,database_prediction,,10.1186/1752-0509-8-73,exact,direct AO090 match in UniProt cross-reference,False,Q2URZ3,aor:AO090005000630,ko:K10976,5989619
AOC01305,AO090005001311,AO090005001311,,chitinase (EC 3.2.1.14),secretory_client,,unassigned,low,Secretory clients are not assigned to machinery subsystems.,,unknown,unassigned,low,none,,,False,,liu2014,database_prediction,,10.1186/1752-0509-8-73,exact,direct AO090 match in UniProt cross-reference,False,Q2UQC2,aor:AO090005001311,,5990190
AOC01306,AO090005001314,AO090005001314,,"DNA, SC005",secretory_client,,unassigned,low,Secretory clients are not assigned to machinery subsystems.,,unknown,unassigned,low,none,,,False,,liu2014,database_prediction,,10.1186/1752-0509-8-73,exact,direct AO090 match in UniProt cross-reference,False,Q2UQB9,aor:AO090005001314,,5990193
AOC01307,AO090005001320,AO090005001320,,"Arabinan endo-1,5-alpha-L-arabinosidase (EC 3.2.1.99)",secretory_client,,unassigned,low,Secretory clients are not assigned to machinery subsystems.,,unknown,unassigned,low,none,,,False,,liu2014,database_prediction,,10.1186/1752-0509-8-73,exact,direct AO090 match in UniProt cross-reference,False,Q2UQB3,aor:AO090005001320,ko:K06113,5990199
AOC01308,AO090005001344,AO090005001344,,Crh-like protein (EC 3.2.-.-),secretory_client,,unassigned,low,Secretory clients are not assigned to machinery subsystems.,,unknown,unassigned,low,none,,,False,,liu2014,database_prediction,,10.1186/1752-0509-8-73,exact,direct AO090 match in UniProt cross-reference,False,Q2UQ93,aor:AO090005001344,,5990219
AOC01309,AO090005001350,AO090005001350,,Neutral protease 2 (EC 3.4.24.39) (Deuterolysin),secretory_client,,unassigned,low,Secretory clients are not assigned to machinery subsystems.,,unknown,unassigned,low,none,,,False,,liu2014,database_prediction,,10.1186/1752-0509-8-73,exact,direct AO090 match in UniProt cross-reference,False,Q2UQ87,aor:AO090005001350,ko:K19305,5990225
AOC01310,AO090005001372,AO090005001372,,"DNA, SC005",secretory_client,,unassigned,low,Secretory clients are not assigned to machinery subsystems.,,unknown,unassigned,low,none,,,False,,liu2014,database_prediction,,10.1186/1752-0509-8-73,exact,direct AO090 match in UniProt cross-reference,False,Q2UQ67,aor:AO090005001372,,5990245
AOC01311,AO090005001380,AO090005001380,,tripeptidyl-peptidase II (EC 3.4.14.10),secretory_client,,unassigned,low,Secretory clients are not assigned to machinery subsystems.,,unknown,unassigned,low,none,,,False,,liu2014,database_prediction,,10.1186/1752-0509-8-73,exact,direct AO090 match in UniProt cross-reference,False,Q2UQ60,aor:AO090005001380,ko:K01279,5990252
AOC01312,AO090005001400,AO090005001400,pgxC,"Probable exopolygalacturonase C (EC 3.2.1.67) (Galacturan 1,4-alpha-galacturonidase C) (Poly(1,4-alpha-D-galacturonide)galacturonohydrolase C)",secretory_client,,unassigned,low,Secretory clients are not assigned to machinery subsystems.,,unknown,unassigned,low,none,,,False,,liu2014,database_prediction,,10.1186/1752-0509-8-73,exact,direct AO090 match in UniProt cross-reference,False,Q2UQ40,aor:AO090005001400,,5990272
AOC01313,AO090005001414,AO090005001414,,"DNA, SC005",secretory_client,,unassigned,low,Secretory clients are not assigned to machinery subsystems.,,unknown,unassigned,low,none,,,False,,liu2014,database_prediction,,10.1186/1752-0509-8-73,exact,direct AO090 match in UniProt cross-reference,False,Q2UQ26,aor:AO090005001414,,5990286
AOC01314,AO090005001415,AO090005001415,,"DNA, SC005",secretory_client,,unassigned,low,Secretory clients are not assigned to machinery subsystems.,,unknown,unassigned,low,none,,,False,,liu2014,database_prediction,,10.1186/1752-0509-8-73,exact,direct AO090 match in UniProt cross-reference,False,Q2UQ25,aor:AO090005001415,,5990287
AOC01315,AO090005001445,AO090005001445,,"DNA, SC005",secretory_client,,unassigned,low,Secretory clients are not assigned to machinery subsystems.,,unknown,unassigned,low,none,,,False,,liu2014,database_prediction,,10.1186/1752-0509-8-73,exact,direct AO090 match in UniProt cross-reference,False,Q2UPZ8,aor:AO090005001445,,35119594
AOC01316,AO090005001476,AO090005001476,,"DNA, SC005",secretory_client,,unassigned,low,Secretory clients are not assigned to machinery subsystems.,,unknown,unassigned,low,none,,,False,,liu2014,database_prediction,,10.1186/1752-0509-8-73,exact,direct AO090 match in UniProt cross-reference,False,Q2UPX0,aor:AO090005001476,,5990342
AOC01317,AO090005001486,AO090005001486,,alpha-galactosidase (EC 3.2.1.22),secretory_client,,unassigned,low,Secretory clients are not assigned to machinery subsystems.,,unknown,unassigned,low,none,,,False,,liu2014,database_prediction,,10.1186/1752-0509-8-73,exact,direct AO090 match in UniProt cross-reference,False,Q2UPW1,aor:AO090005001486,,5990351
AOC01318,AO090005001509,AO090005001509,,"DNA, SC005",secretory_client,,unassigned,low,Secretory clients are not assigned to machinery subsystems.,,unknown,unassigned,low,none,,,False,,liu2014,database_prediction,,10.1186/1752-0509-8-73,exact,direct AO090 match in UniProt cross-reference,False,Q2UPU1,aor:AO090005001509,,
AOC01319,AO090003000256,AO090003000256,,"DNA, SC003",secretory_client,,unassigned,low,Secretory clients are not assigned to machinery subsystems.,,unknown,unassigned,low,none,,,True,up,liu2014,database_prediction,,10.1186/1752-0509-8-73,exact,direct AO090 match in UniProt cross-reference,False,Q2ULV2,aor:AO090003000256,,5991448
AOC01320,AO090005001526,AO090005001526,,"DNA, SC005",secretory_client,,unassigned,low,Secretory clients are not assigned to machinery subsystems.,,unknown,unassigned,low,none,,,False,,liu2014,database_prediction,,10.1186/1752-0509-8-73,exact,direct AO090 match in UniProt cross-reference,False,Q2UPS7,aor:AO090005001526,,5990385
AOC01321,AO090005001552,AO090005001552,,"DNA, SC005",secretory_client,,unassigned,low,Secretory clients are not assigned to machinery subsystems.,,unknown,unassigned,low,none,,,False,,liu2014,database_prediction,,10.1186/1752-0509-8-73,exact,direct AO090 match in UniProt cross-reference,False,Q2UPQ5,aor:AO090005001552,,5990407
AOC01322,AO090005001553,AO090005001553,eglB,"Probable endo-beta-1,4-glucanase B (Endoglucanase B) (EC 3.2.1.4) (Carboxymethylcellulase B) (Cellulase B)",secretory_client,,unassigned,low,Secretory clients are not assigned to machinery subsystems.,,unknown,unassigned,low,none,,,False,,liu2014,database_prediction,,10.1186/1752-0509-8-73,exact,direct AO090 match in UniProt cross-reference,False,Q2UPQ4,aor:AO090005001553,ko:K01179,5990408
AOC01323,AO090005001581,AO090005001581,,"DNA, SC005",secretory_client,,unassigned,low,Secretory clients are not assigned to machinery subsystems.,,unknown,unassigned,low,none,,,False,,liu2014,database_prediction,,10.1186/1752-0509-8-73,exact,direct AO090 match in UniProt cross-reference,False,Q2UPM8,aor:AO090005001581,,5990434
AOC01324,AO090005001626,AO090005001626,,"DNA, SC005",secretory_client,,unassigned,low,Secretory clients are not assigned to machinery subsystems.,,unknown,unassigned,low,none,,,False,,liu2014,database_prediction,,10.1186/1752-0509-8-73,exact,direct AO090 match in UniProt cross-reference,False,Q2UPI6,aor:AO090005001626,,5990476
AOC01325,AO090009000017,AO090009000017,,"DNA, SC009",secretory_client,,unassigned,low,Secretory clients are not assigned to machinery subsystems.,,unknown,unassigned,low,none,,,False,,liu2014,database_prediction,,10.1186/1752-0509-8-73,exact,direct AO090 match in UniProt cross-reference,False,Q2UV73,aor:AO090009000017,,5988471
AOC01326,AO090009000027,AO090009000027,,"DNA, SC009",secretory_client,,unassigned,low,Secretory clients are not assigned to machinery subsystems.,,unknown,unassigned,low,none,,,False,,liu2014,database_prediction,,10.1186/1752-0509-8-73,exact,direct AO090 match in UniProt cross-reference,False,Q2UV87,aor:AO090009000027,,5988481
AOC01327,AO090009000036,AO090009000036,,"DNA, SC009",secretory_client,,unassigned,low,Secretory clients are not assigned to machinery subsystems.,,unknown,unassigned,low,none,,,False,,liu2014,database_prediction,,10.1186/1752-0509-8-73,exact,direct AO090 match in UniProt cross-reference,False,Q2UV57,aor:AO090009000036,,5988490
AOC01328,AO090009000037,AO090009000037,,"DNA, SC009",secretory_client,,unassigned,low,Secretory clients are not assigned to machinery subsystems.,,unknown,unassigned,low,none,,,False,,liu2014,database_prediction,,10.1186/1752-0509-8-73,exact,direct AO090 match in UniProt cross-reference,False,Q2UV56,aor:AO090009000037,,5988492
AOC01329,AO090009000038,AO090009000038,,"DNA, SC009",secretory_client,,unassigned,low,Secretory clients are not assigned to machinery subsystems.,,unknown,unassigned,low,none,,,False,,liu2014,database_prediction,,10.1186/1752-0509-8-73,exact,direct AO090 match in UniProt cross-reference,False,Q2UV55,aor:AO090009000038,,5989060
AOC01330,AO090009000060,AO090009000060,,"DNA, SC009",secretory_client,,unassigned,low,Secretory clients are not assigned to machinery subsystems.,,unknown,unassigned,low,none,,,False,,liu2014,database_prediction,,10.1186/1752-0509-8-73,exact,direct AO090 match in UniProt cross-reference,False,Q2UV38,aor:AO090009000060,,5988509
AOC01331,AO090009000067,AO090009000067,,laccase (EC 1.10.3.2),secretory_client,,unassigned,low,Secretory clients are not assigned to machinery subsystems.,,unknown,unassigned,low,none,,,False,,liu2014,database_prediction,,10.1186/1752-0509-8-73,exact,direct AO090 match in UniProt cross-reference,False,Q2UV32,aor:AO090009000067,,5988515
AOC01332,AO090009000083,AO090009000083,,"DNA, SC009",secretory_client,,unassigned,low,Secretory clients are not assigned to machinery subsystems.,,unknown,unassigned,low,none,,,False,,liu2014,database_prediction,,10.1186/1752-0509-8-73,exact,direct AO090 match in UniProt cross-reference,False,Q2UV19,aor:AO090009000083,,35119605
AOC01333,AO090009000088,AO090009000088,,"DNA, SC009",secretory_client,,unassigned,low,Secretory clients are not assigned to machinery subsystems.,,unknown,unassigned,low,none,,,False,,liu2014,database_prediction,,10.1186/1752-0509-8-73,exact,direct AO090 match in UniProt cross-reference,False,Q2UV16,aor:AO090009000088,,5988531
AOC01334,AO090009000099,AO090009000099,,"DNA, SC009",secretory_client,,unassigned,low,Secretory clients are not assigned to machinery subsystems.,,unknown,unassigned,low,none,,,False,,liu2014,database_prediction,,10.1186/1752-0509-8-73,exact,direct AO090 match in UniProt cross-reference,False,Q2UV07,aor:AO090009000099,,5988540
AOC01335,AO090009000111,AO090009000111,,N-acetylglucosaminylphosphatidylinositol deacetylase (EC 3.5.1.89),secretory_client,,unassigned,low,Secretory clients are not assigned to machinery subsystems.,,unknown,unassigned,low,none,,,False,,liu2014,database_prediction,,10.1186/1752-0509-8-73,exact,direct AO090 match in UniProt cross-reference,False,Q2UUZ6,aor:AO090009000111,,5988551
AOC01336,AO090005001222,AO090005001222,,"DNA, SC005",secretory_client,,unassigned,low,Secretory clients are not assigned to machinery subsystems.,,unknown,unassigned,low,none,,,True,up,liu2014,database_prediction,,10.1186/1752-0509-8-73,exact,direct AO090 match in UniProt cross-reference,False,Q2UQJ4,aor:AO090005001222,ko:K09486,5990118
AOC01337,AO090009000132,AO090009000132,,"DNA, SC009",secretory_client,,unassigned,low,Secretory clients are not assigned to machinery subsystems.,,unknown,unassigned,low,none,,,False,,liu2014,database_prediction,,10.1186/1752-0509-8-73,exact,direct AO090 match in UniProt cross-reference,False,Q2UUX7,aor:AO090009000132,,5988570
AOC01338,AO090009000142,AO090009000142,,"DNA, SC009",secretory_client,,unassigned,low,Secretory clients are not assigned to machinery subsystems.,,unknown,unassigned,low,none,,,False,,liu2014,database_prediction,,10.1186/1752-0509-8-73,exact,direct AO090 match in UniProt cross-reference,False,Q2UUW8,aor:AO090009000142,,5988579
AOC01339,AO090009000143,AO090009000143,,"DNA, SC009",secretory_client,,unassigned,low,Secretory clients are not assigned to machinery subsystems.,,unknown,unassigned,low,none,,,False,,liu2014,database_prediction,,10.1186/1752-0509-8-73,exact,direct AO090 match in UniProt cross-reference,False,Q2UUW7,aor:AO090009000143,,5988580
AOC01340,AO090009000144,AO090009000144,,"DNA, SC009",secretory_client,,unassigned,low,Secretory clients are not assigned to machinery subsystems.,,unknown,unassigned,low,none,,,False,,liu2014,database_prediction,,10.1186/1752-0509-8-73,exact,direct AO090 match in UniProt cross-reference,False,Q2UUW6,aor:AO090009000144,,5988581
AOC01341,AO090009000146,AO090009000146,,"DNA, SC009",secretory_client,,unassigned,low,Secretory clients are not assigned to machinery subsystems.,,unknown,unassigned,low,none,,,False,,liu2014,database_prediction,,10.1186/1752-0509-8-73,exact,direct AO090 match in UniProt cross-reference,False,Q2UUW4,aor:AO090009000146,,5988583
AOC01342,AO090012000590,AO090012000590,,"DNA, SC012",secretory_client,,unassigned,low,Secretory clients are not assigned to machinery subsystems.,,unknown,unassigned,low,none,,,True,up,liu2014,database_prediction,,10.1186/1752-0509-8-73,exact,direct AO090 match in UniProt cross-reference,False,Q2UCH2,aor:AO090012000590,ko:K00505,5988056
AOC01343,AO090009000154,AO090009000154,,"DNA, SC009",secretory_client,,unassigned,low,Secretory clients are not assigned to machinery subsystems.,,unknown,unassigned,low,none,,,False,,liu2014,database_prediction,,10.1186/1752-0509-8-73,exact,direct AO090 match in UniProt cross-reference,False,Q2UUV9,aor:AO090009000154,,5988588
AOC01344,AO090009000173,AO090009000173,,"1,3-beta-glucanosyltransferase (EC 2.4.1.-)",secretory_client,,unassigned,low,Secretory clients are not assigned to machinery subsystems.,,unknown,unassigned,low,none,,,False,,liu2014,database_prediction,,10.1186/1752-0509-8-73,exact,direct AO090 match in UniProt cross-reference,False,Q2UUU5,aor:AO090009000173,ko:K22832,5988602
AOC01345,AO090009000178,AO090009000178,,"alpha-1,2-Mannosidase (EC 3.2.1.-)",secretory_client,,unassigned,low,Secretory clients are not assigned to machinery subsystems.,,unknown,unassigned,low,none,,,False,,liu2014,database_prediction,,10.1186/1752-0509-8-73,exact,direct AO090 match in UniProt cross-reference,False,Q2UUU1,aor:AO090009000178,ko:K01230,5988606
AOC01346,AO090009000182,AO090009000182,,"DNA, SC009",secretory_client,,unassigned,low,Secretory clients are not assigned to machinery subsystems.,,unknown,unassigned,low,none,,,False,,liu2014,database_prediction,,10.1186/1752-0509-8-73,exact,direct AO090 match in UniProt cross-reference,False,Q2UUT7,aor:AO090009000182,,5988610
AOC01347,AO090009000200,AO090009000200,,"DNA, SC009",secretory_client,,unassigned,low,Secretory clients are not assigned to machinery subsystems.,,unknown,unassigned,low,none,,,False,,liu2014,database_prediction,,10.1186/1752-0509-8-73,exact,direct AO090 match in UniProt cross-reference,False,Q2UUS1,aor:AO090009000200,ko:K27841,5988626
AOC01348,AO090009000205,AO090009000205,,"DNA, SC009",secretory_client,,unassigned,low,Secretory clients are not assigned to machinery subsystems.,,unknown,unassigned,low,none,,,False,,liu2014,database_prediction,,10.1186/1752-0509-8-73,exact,direct AO090 match in UniProt cross-reference,False,Q2UUR7,aor:AO090009000205,ko:K11244,5988630
AOC01349,AO090009000223,AO090009000223,,"DNA, SC009",secretory_client,,unassigned,low,Secretory clients are not assigned to machinery subsystems.,,unknown,unassigned,low,none,,,False,,liu2014,database_prediction,,10.1186/1752-0509-8-73,exact,direct AO090 match in UniProt cross-reference,False,Q2UUQ3,aor:AO090009000223,ko:K12398,5988644
AOC01350,AO090009000291,AO090009000291,,"DNA, SC009",secretory_client,,unassigned,low,Secretory clients are not assigned to machinery subsystems.,,unknown,unassigned,low,none,,,False,,liu2014,database_prediction,,10.1186/1752-0509-8-73,exact,direct AO090 match in UniProt cross-reference,False,Q2UUJ5,aor:AO090009000291,ko:K01341,
AOC01351,AO090009000300,AO090009000300,,"DNA, SC009",secretory_client,,unassigned,low,Secretory clients are not assigned to machinery subsystems.,,unknown,unassigned,low,none,,,False,,liu2014,database_prediction,,10.1186/1752-0509-8-73,exact,direct AO090 match in UniProt cross-reference,False,Q2UUI6,aor:AO090009000300,,5988711
AOC01352,AO090009000305,AO090009000305,,"DNA, SC009",secretory_client,,unassigned,low,Secretory clients are not assigned to machinery subsystems.,,unknown,unassigned,low,none,,,False,,liu2014,database_prediction,,10.1186/1752-0509-8-73,exact,direct AO090 match in UniProt cross-reference,False,Q2UUI1,aor:AO090009000305,,5988716
AOC01353,AO090001000406,AO090001000406,,"DNA, SC001",secretory_client,,unassigned,low,Secretory clients are not assigned to machinery subsystems.,,unknown,unassigned,low,none,,,True,up,liu2014,database_prediction,,10.1186/1752-0509-8-73,exact,direct AO090 match in UniProt cross-reference,False,Q2UND8,aor:AO090001000406,,5990900
AOC01354,AO090009000346,AO090009000346,,"DNA, SC009",secretory_client,,unassigned,low,Secretory clients are not assigned to machinery subsystems.,,unknown,unassigned,low,none,,,False,,liu2014,database_prediction,,10.1186/1752-0509-8-73,exact,direct AO090 match in UniProt cross-reference,False,Q2UUE5,aor:AO090009000346,,5988752
AOC01355,AO090009000361,AO090009000361,,"DNA, SC009",secretory_client,,unassigned,low,Secretory clients are not assigned to machinery subsystems.,,unknown,unassigned,low,none,,,False,,liu2014,database_prediction,,10.1186/1752-0509-8-73,exact,direct AO090 match in UniProt cross-reference,False,Q2UUD2,aor:AO090009000361,ko:K10089,5988766
AOC01356,AO090009000363,AO090009000363,,"DNA, SC009",secretory_client,,unassigned,low,Secretory clients are not assigned to machinery subsystems.,,unknown,unassigned,low,none,,,False,,liu2014,database_prediction,,10.1186/1752-0509-8-73,exact,direct AO090 match in UniProt cross-reference,False,Q2UUD0,aor:AO090009000363,,5988767
AOC01357,AO090009000369,AO090009000369,,"DNA, SC009",secretory_client,,unassigned,low,Secretory clients are not assigned to machinery subsystems.,,unknown,unassigned,low,none,,,False,,liu2014,database_prediction,,10.1186/1752-0509-8-73,exact,direct AO090 match in UniProt cross-reference,False,Q2UUC7,aor:AO090009000369,,5988770
AOC01358,AO090009000381,AO090009000381,,"DNA, SC009",secretory_client,,unassigned,low,Secretory clients are not assigned to machinery subsystems.,,unknown,unassigned,low,none,,,False,,liu2014,database_prediction,,10.1186/1752-0509-8-73,exact,direct AO090 match in UniProt cross-reference,False,Q2UUB5,aor:AO090009000381,,5988782
AOC01359,AO090009000416,AO090009000416,,Acid phosphatase (EC 3.1.3.2),secretory_client,,unassigned,low,Secretory clients are not assigned to machinery subsystems.,,unknown,unassigned,low,none,,,False,,liu2014,database_prediction,,10.1186/1752-0509-8-73,exact,direct AO090 match in UniProt cross-reference,False,Q2UU86,aor:AO090009000416,ko:K01078,5988811
AOC01360,AO090009000445,AO090009000445,,"DNA, SC009",secretory_client,,unassigned,low,Secretory clients are not assigned to machinery subsystems.,,unknown,unassigned,low,none,,,False,,liu2014,database_prediction,,10.1186/1752-0509-8-73,exact,direct AO090 match in UniProt cross-reference,False,Q2UU60,aor:AO090009000445,,5988837
AOC01361,AO090009000467,AO090009000467,,"DNA, SC009",secretory_client,,unassigned,low,Secretory clients are not assigned to machinery subsystems.,,unknown,unassigned,low,none,,,False,,liu2014,database_prediction,,10.1186/1752-0509-8-73,exact,direct AO090 match in UniProt cross-reference,False,Q2UU44,aor:AO090009000467,,5988853
AOC01362,AO090009000470,AO090009000470,,"galacturonan 1,4-alpha-galacturonidase (EC 3.2.1.67)",secretory_client,,unassigned,low,Secretory clients are not assigned to machinery subsystems.,,unknown,unassigned,low,none,,,False,,liu2014,database_prediction,,10.1186/1752-0509-8-73,exact,direct AO090 match in UniProt cross-reference,False,Q2UU41,aor:AO090009000470,ko:K01213,5988856
AOC01363,AO090009000471,AO090009000471,,"DNA, SC009",secretory_client,,unassigned,low,Secretory clients are not assigned to machinery subsystems.,,unknown,unassigned,low,none,,,False,,liu2014,database_prediction,,10.1186/1752-0509-8-73,exact,direct AO090 match in UniProt cross-reference,False,Q2UU40,aor:AO090009000471,,5988857
AOC01364,AO090009000493,AO090009000493,,"DNA, SC009",secretory_client,,unassigned,low,Secretory clients are not assigned to machinery subsystems.,,unknown,unassigned,low,none,,,False,,liu2014,database_prediction,,10.1186/1752-0509-8-73,exact,direct AO090 match in UniProt cross-reference,False,Q2UU21,aor:AO090009000493,,5988876
AOC01365,AO090009000541,AO090009000541,,"DNA, SC009",secretory_client,,unassigned,low,Secretory clients are not assigned to machinery subsystems.,,unknown,unassigned,low,none,,,False,,liu2014,database_prediction,,10.1186/1752-0509-8-73,exact,direct AO090 match in UniProt cross-reference,False,Q2UTY4,aor:AO090009000541,,5988914
AOC01366,AO090009000553,AO090009000553,,"DNA, SC009",secretory_client,,unassigned,low,Secretory clients are not assigned to machinery subsystems.,,unknown,unassigned,low,none,,,False,,liu2014,database_prediction,,10.1186/1752-0509-8-73,exact,direct AO090 match in UniProt cross-reference,False,Q2UTX6,aor:AO090009000553,,5988921
AOC01367,AO090009000556,AO090009000556,,"DNA, SC009",secretory_client,,unassigned,low,Secretory clients are not assigned to machinery subsystems.,,unknown,unassigned,low,none,,,False,,liu2014,database_prediction,,10.1186/1752-0509-8-73,exact,direct AO090 match in UniProt cross-reference,False,Q2UTX3,aor:AO090009000556,,5988924
AOC01368,AO090009000570,AO090009000570,,"DNA, SC009",secretory_client,,unassigned,low,Secretory clients are not assigned to machinery subsystems.,,unknown,unassigned,low,none,,,False,,liu2014,database_prediction,,10.1186/1752-0509-8-73,exact,direct AO090 match in UniProt cross-reference,False,Q2UTV9,aor:AO090009000570,,5988938
AOC01369,AO090009000579,AO090009000579,,"DNA, SC009",secretory_client,,unassigned,low,Secretory clients are not assigned to machinery subsystems.,,unknown,unassigned,low,none,,,False,,liu2014,database_prediction,,10.1186/1752-0509-8-73,exact,direct AO090 match in UniProt cross-reference,False,Q2UTV2,aor:AO090009000579,,5988945
AOC01370,AO090009000597,AO090009000597,,"DNA, SC009",secretory_client,,unassigned,low,Secretory clients are not assigned to machinery subsystems.,,unknown,unassigned,low,none,,,False,,liu2014,database_prediction,,10.1186/1752-0509-8-73,exact,direct AO090 match in UniProt cross-reference,False,Q2UTT7,aor:AO090009000597,,5988960
AOC01371,AO090010000019,AO090010000019,,"DNA, SC010",secretory_client,,unassigned,low,Secretory clients are not assigned to machinery subsystems.,,unknown,unassigned,low,none,,,False,,liu2014,database_prediction,,10.1186/1752-0509-8-73,exact,direct AO090 match in UniProt cross-reference,False,Q2TXT5,aor:AO090010000019,,5999205
AOC01372,AO090010000023,AO090010000023,,"DNA, SC010",secretory_client,,unassigned,low,Secretory clients are not assigned to machinery subsystems.,,unknown,unassigned,low,none,,,False,,liu2014,database_prediction,,10.1186/1752-0509-8-73,exact,direct AO090 match in UniProt cross-reference,False,Q2TXT1,aor:AO090010000023,,5999209
AOC01373,AO090010000030,AO090010000030,pel2,Pectin lyase 2 (PL2) (EC 4.2.2.10) (Pectin lyase D) (PLD),secretory_client,,unassigned,low,Secretory clients are not assigned to machinery subsystems.,,unknown,unassigned,low,none,,,False,,liu2014,database_prediction,,10.1186/1752-0509-8-73,exact,direct AO090 match in UniProt cross-reference,False,Q2TXS4,aor:AO090010000030,ko:K01732,5999216
AOC01374,AO090010000040,AO090010000040,,"DNA, SC010",secretory_client,,unassigned,low,Secretory clients are not assigned to machinery subsystems.,,unknown,unassigned,low,none,,,False,,liu2014,database_prediction,,10.1186/1752-0509-8-73,exact,direct AO090 match in UniProt cross-reference,False,Q2TXR4,aor:AO090010000040,,5999226
AOC01375,AO090010000057,AO090010000057,,"DNA, SC010",secretory_client,,unassigned,low,Secretory clients are not assigned to machinery subsystems.,,unknown,unassigned,low,none,,,False,,liu2014,database_prediction,,10.1186/1752-0509-8-73,exact,direct AO090 match in UniProt cross-reference,False,Q2TXQ0,aor:AO090010000057,,5999240
AOC01376,AO090010000064,AO090010000064,,"DNA, SC010",secretory_client,,unassigned,low,Secretory clients are not assigned to machinery subsystems.,,unknown,unassigned,low,none,,,False,,liu2014,database_prediction,,10.1186/1752-0509-8-73,exact,direct AO090 match in UniProt cross-reference,False,Q2TXP5,aor:AO090010000064,,5999245
AOC01377,AO090010000075,AO090010000075,,"DNA, SC010",secretory_client,,unassigned,low,Secretory clients are not assigned to machinery subsystems.,,unknown,unassigned,low,none,,,False,,liu2014,database_prediction,,10.1186/1752-0509-8-73,exact,direct AO090 match in UniProt cross-reference,False,Q2TXN5,aor:AO090010000075,,5999255
AOC01378,AO090010000076,AO090010000076,,"DNA, SC010",secretory_client,,unassigned,low,Secretory clients are not assigned to machinery subsystems.,,unknown,unassigned,low,none,,,False,,liu2014,database_prediction,,10.1186/1752-0509-8-73,exact,direct AO090 match in UniProt cross-reference,False,Q2TXN4,aor:AO090010000076,,5999256
AOC01379,AO090010000077,AO090010000077,,"DNA, SC010",secretory_client,,unassigned,low,Secretory clients are not assigned to machinery subsystems.,,unknown,unassigned,low,none,,,False,,liu2014,database_prediction,,10.1186/1752-0509-8-73,exact,direct AO090 match in UniProt cross-reference,False,Q2TXN3,aor:AO090010000077,,5999257
AOC01380,AO090010000087,AO090010000087,pelA,Probable pectin lyase A (PLA) (EC 4.2.2.10),secretory_client,,unassigned,low,Secretory clients are not assigned to machinery subsystems.,,unknown,unassigned,low,none,,,False,,liu2014,database_prediction,,10.1186/1752-0509-8-73,exact,direct AO090 match in UniProt cross-reference,False,Q2TXM4,aor:AO090010000087,ko:K01732,5999266
AOC01381,AO090010000095,AO090010000095,,"DNA, SC010",secretory_client,,unassigned,low,Secretory clients are not assigned to machinery subsystems.,,unknown,unassigned,low,none,,,False,,liu2014,database_prediction,,10.1186/1752-0509-8-73,exact,direct AO090 match in UniProt cross-reference,False,Q2TXL7,aor:AO090010000095,,5999273
AOC01382,AO090010000096,AO090010000096,,"Mannan endo-1,6-alpha-mannosidase (EC 3.2.1.101)",secretory_client,,unassigned,low,Secretory clients are not assigned to machinery subsystems.,,unknown,unassigned,low,none,,,False,,liu2014,database_prediction,,10.1186/1752-0509-8-73,exact,direct AO090 match in UniProt cross-reference,False,Q2TXL6,aor:AO090010000096,ko:K08257,5999274
AOC01383,AO090010000100,AO090010000100,,"DNA, SC010",secretory_client,,unassigned,low,Secretory clients are not assigned to machinery subsystems.,,unknown,unassigned,low,none,,,False,,liu2014,database_prediction,,10.1186/1752-0509-8-73,exact,direct AO090 match in UniProt cross-reference,False,Q2TXL2,aor:AO090010000100,,5999278
AOC01384,AO090010000115,AO090010000115,,"DNA, SC010",secretory_client,,unassigned,low,Secretory clients are not assigned to machinery subsystems.,,unknown,unassigned,low,none,,,False,,liu2014,database_prediction,,10.1186/1752-0509-8-73,exact,direct AO090 match in UniProt cross-reference,False,Q2TXJ7,aor:AO090010000115,,5999293
AOC01385,AO090010000122,AO090010000122,manA,"Probable mannan endo-1,4-beta-mannosidase A (EC 3.2.1.78) (Endo-beta-1,4-mannanase A)",secretory_client,,unassigned,low,Secretory clients are not assigned to machinery subsystems.,,unknown,unassigned,low,none,,,False,,liu2014,database_prediction,,10.1186/1752-0509-8-73,exact,direct AO090 match in UniProt cross-reference,False,Q2TXJ2,,ko:K19355,
AOC01386,AO090010000123,AO090010000123,,"DNA, SC010",secretory_client,,unassigned,low,Secretory clients are not assigned to machinery subsystems.,,unknown,unassigned,low,none,,,False,,liu2014,database_prediction,,10.1186/1752-0509-8-73,exact,direct AO090 match in UniProt cross-reference,False,Q2TXJ1,aor:AO090010000123,,5999299
AOC01387,AO090010000130,AO090010000130,,"DNA, SC010",secretory_client,,unassigned,low,Secretory clients are not assigned to machinery subsystems.,,unknown,unassigned,low,none,,,False,,liu2014,database_prediction,,10.1186/1752-0509-8-73,exact,direct AO090 match in UniProt cross-reference,False,Q2TXI5,aor:AO090010000130,,5999305
AOC01388,AO090010000140,AO090010000140,,"DNA, SC010",secretory_client,,unassigned,low,Secretory clients are not assigned to machinery subsystems.,,unknown,unassigned,low,none,,,False,,liu2014,database_prediction,,10.1186/1752-0509-8-73,exact,direct AO090 match in UniProt cross-reference,False,Q2TXH6,aor:AO090010000140,,5999314
AOC01389,AO090010000167,AO090010000167,oryH,Lactonohydrolase oryH (EC 3.1.1.-) (Oryzines biosynthesis cluster protein H),secretory_client,,unassigned,low,Secretory clients are not assigned to machinery subsystems.,,unknown,unassigned,low,none,,,False,,liu2014,database_prediction,,10.1186/1752-0509-8-73,exact,direct AO090 match in UniProt cross-reference,False,Q2TXF4,,,
AOC01390,AO090010000178,AO090010000178,,"DNA, SC010",secretory_client,,unassigned,low,Secretory clients are not assigned to machinery subsystems.,,unknown,unassigned,low,none,,,False,,liu2014,database_prediction,,10.1186/1752-0509-8-73,exact,direct AO090 match in UniProt cross-reference,False,Q2TXE5,aor:AO090010000178,,5999345
AOC01391,AO090010000183,AO090010000183,,"DNA, SC010",secretory_client,,unassigned,low,Secretory clients are not assigned to machinery subsystems.,,unknown,unassigned,low,none,,,False,,liu2014,database_prediction,,10.1186/1752-0509-8-73,exact,direct AO090 match in UniProt cross-reference,False,Q2TXE0,aor:AO090010000183,,5999350
AOC01392,AO090010000187,AO090010000187,,"DNA, SC010",secretory_client,,unassigned,low,Secretory clients are not assigned to machinery subsystems.,,unknown,unassigned,low,none,,,False,,liu2014,database_prediction,,10.1186/1752-0509-8-73,exact,direct AO090 match in UniProt cross-reference,False,Q2TXD6,aor:AO090010000187,,5999354
AOC01393,AO090010000200,AO090010000200,,"DNA, SC010",secretory_client,,unassigned,low,Secretory clients are not assigned to machinery subsystems.,,unknown,unassigned,low,none,,,False,,liu2014,database_prediction,,10.1186/1752-0509-8-73,exact,direct AO090 match in UniProt cross-reference,False,Q2TXC5,aor:AO090010000200,,5999365
AOC01394,AO090010000202,AO090010000202,,"DNA, SC010",secretory_client,,unassigned,low,Secretory clients are not assigned to machinery subsystems.,,unknown,unassigned,low,none,,,False,,liu2014,database_prediction,,10.1186/1752-0509-8-73,exact,direct AO090 match in UniProt cross-reference,False,Q2TXC3,aor:AO090010000202,,5999367
AOC01395,AO090010000253,AO090010000253,,"DNA, SC010",secretory_client,,unassigned,low,Secretory clients are not assigned to machinery subsystems.,,unknown,unassigned,low,none,,,False,,liu2014,database_prediction,,10.1186/1752-0509-8-73,exact,direct AO090 match in UniProt cross-reference,False,Q2TX56,aor:AO090010000253,,
AOC01396,AO090010000280,AO090010000280,,"DNA, SC010",secretory_client,,unassigned,low,Secretory clients are not assigned to machinery subsystems.,,unknown,unassigned,low,none,,,False,,liu2014,database_prediction,,10.1186/1752-0509-8-73,exact,direct AO090 match in UniProt cross-reference,False,Q2TX56,,,
AOC01397,AO090010000284,AO090010000284,,"DNA, SC010",secretory_client,,unassigned,low,Secretory clients are not assigned to machinery subsystems.,,unknown,unassigned,low,none,,,False,,liu2014,database_prediction,,10.1186/1752-0509-8-73,exact,direct AO090 match in UniProt cross-reference,False,Q2TX55,aor:AO090010000284,,5999415
AOC01398,AO090010000310,AO090010000310,,"DNA, SC010",secretory_client,,unassigned,low,Secretory clients are not assigned to machinery subsystems.,,unknown,unassigned,low,none,,,False,,liu2014,database_prediction,,10.1186/1752-0509-8-73,exact,direct AO090 match in UniProt cross-reference,False,Q2TX30,aor:AO090010000310,,35119632
AOC01399,AO090010000314,AO090010000314,celB,"Endo-beta-1,4-glucanase celB (Endoglucanase celB) (EC 3.2.1.4) (Carboxymethylcellulase celB) (Cellulase B)",secretory_client,,unassigned,low,Secretory clients are not assigned to machinery subsystems.,,unknown,unassigned,low,none,,,False,,liu2014,database_prediction,,10.1186/1752-0509-8-73,exact,direct AO090 match in UniProt cross-reference,False,Q2TX26,aor:AO090010000314,ko:K19357,5999464
AOC01400,AO090010000340,AO090010000340,,Amine oxidase (EC 1.4.3.-),secretory_client,,unassigned,low,Secretory clients are not assigned to machinery subsystems.,,unknown,unassigned,low,none,,,False,,liu2014,database_prediction,,10.1186/1752-0509-8-73,exact,direct AO090 match in UniProt cross-reference,False,Q2TX03,aor:AO090010000340,ko:K13366,5999487
AOC01401,AO090010000348,AO090010000348,,"DNA, SC010",secretory_client,,unassigned,low,Secretory clients are not assigned to machinery subsystems.,,unknown,unassigned,low,none,,,False,,liu2014,database_prediction,,10.1186/1752-0509-8-73,exact,direct AO090 match in UniProt cross-reference,False,Q2TWZ7,aor:AO090010000348,,5999493
AOC01402,AO090010000352,AO090010000352,,"DNA, SC010",secretory_client,,unassigned,low,Secretory clients are not assigned to machinery subsystems.,,unknown,unassigned,low,none,,,False,,liu2014,database_prediction,,10.1186/1752-0509-8-73,exact,direct AO090 match in UniProt cross-reference,False,Q2TWZ3,aor:AO090010000352,,5999497
AOC01403,AO090010000365,AO090010000365,,"DNA, SC010",secretory_client,,unassigned,low,Secretory clients are not assigned to machinery subsystems.,,unknown,unassigned,low,none,,,False,,liu2014,database_prediction,,10.1186/1752-0509-8-73,exact,direct AO090 match in UniProt cross-reference,False,Q2TWY1,aor:AO090010000365,,5999509
AOC01404,AO090010000374,AO090010000374,,"DNA, SC010",secretory_client,,unassigned,low,Secretory clients are not assigned to machinery subsystems.,,unknown,unassigned,low,none,,,False,,liu2014,database_prediction,,10.1186/1752-0509-8-73,exact,direct AO090 match in UniProt cross-reference,False,Q2TWX5,aor:AO090010000374,,5999515
AOC01405,AO090010000377,AO090010000377,,"DNA, SC010",secretory_client,,unassigned,low,Secretory clients are not assigned to machinery subsystems.,,unknown,unassigned,low,none,,,False,,liu2014,database_prediction,,10.1186/1752-0509-8-73,exact,direct AO090 match in UniProt cross-reference,False,Q2TWX3,aor:AO090010000377,,5999517
AOC01406,AO090010000387,AO090010000387,,"DNA, SC010",secretory_client,,unassigned,low,Secretory clients are not assigned to machinery subsystems.,,unknown,unassigned,low,none,,,False,,liu2014,database_prediction,,10.1186/1752-0509-8-73,exact,direct AO090 match in UniProt cross-reference,False,Q2TWW4,aor:AO090010000387,,5999526
AOC01407,AO090010000417,AO090010000417,,"DNA, SC010",secretory_client,,unassigned,low,Secretory clients are not assigned to machinery subsystems.,,unknown,unassigned,low,none,,,False,,liu2014,database_prediction,,10.1186/1752-0509-8-73,exact,direct AO090 match in UniProt cross-reference,False,Q2TWU2,aor:AO090010000417,,5999548
AOC01408,AO090010000418,AO090010000418,,"DNA, SC010",secretory_client,,unassigned,low,Secretory clients are not assigned to machinery subsystems.,,unknown,unassigned,low,none,,,False,,liu2014,database_prediction,,10.1186/1752-0509-8-73,exact,direct AO090 match in UniProt cross-reference,False,Q2TWU1,aor:AO090010000418,,5999872
AOC01409,AO090010000430,AO090010000430,,"DNA, SC010",secretory_client,,unassigned,low,Secretory clients are not assigned to machinery subsystems.,,unknown,unassigned,low,none,,,False,,liu2014,database_prediction,,10.1186/1752-0509-8-73,exact,direct AO090 match in UniProt cross-reference,False,Q2TWT4,aor:AO090010000430,,5999556
AOC01410,AO090010000438,AO090010000438,,"DNA, SC010",secretory_client,,unassigned,low,Secretory clients are not assigned to machinery subsystems.,,unknown,unassigned,low,none,,,False,,liu2014,database_prediction,,10.1186/1752-0509-8-73,exact,direct AO090 match in UniProt cross-reference,False,Q2TWS8,aor:AO090010000438,,5999562
AOC01411,AO090010000449,AO090010000449,,"DNA, SC010",secretory_client,,unassigned,low,Secretory clients are not assigned to machinery subsystems.,,unknown,unassigned,low,none,,,False,,liu2014,database_prediction,,10.1186/1752-0509-8-73,exact,direct AO090 match in UniProt cross-reference,False,Q2TWR8,aor:AO090010000449,,5999572
AOC01412,AO090010000465,AO090010000465,,"DNA, SC010",secretory_client,,unassigned,low,Secretory clients are not assigned to machinery subsystems.,,unknown,unassigned,low,none,,,False,,liu2014,database_prediction,,10.1186/1752-0509-8-73,exact,direct AO090 match in UniProt cross-reference,False,Q2TWQ5,aor:AO090010000465,ko:K10967,5999585
AOC01413,AO090010000484,AO090010000484,rhgB,Probable rhamnogalacturonase B (RGase B) (RHG B) (EC 3.2.1.171),secretory_client,,unassigned,low,Secretory clients are not assigned to machinery subsystems.,,unknown,unassigned,low,none,,,False,,liu2014,database_prediction,,10.1186/1752-0509-8-73,exact,direct AO090 match in UniProt cross-reference,False,Q2TWN8,aor:AO090010000484,ko:K18580,5999602
AOC01414,AO090010000485,AO090010000485,,"DNA, SC010",secretory_client,,unassigned,low,Secretory clients are not assigned to machinery subsystems.,,unknown,unassigned,low,none,,,False,,liu2014,database_prediction,,10.1186/1752-0509-8-73,exact,direct AO090 match in UniProt cross-reference,False,Q2TWN7,aor:AO090010000485,,5999603
AOC01415,AO090010000486,AO090010000486,,"DNA, SC010",secretory_client,,unassigned,low,Secretory clients are not assigned to machinery subsystems.,,unknown,unassigned,low,none,,,False,,liu2014,database_prediction,,10.1186/1752-0509-8-73,exact,direct AO090 match in UniProt cross-reference,False,Q2TWN6,aor:AO090010000486,,5999604
AOC01416,AO090010000683,AO090010000683,,"DNA, SC010",secretory_client,,unassigned,low,Secretory clients are not assigned to machinery subsystems.,,unknown,unassigned,low,none,,,True,up,liu2014,database_prediction,,10.1186/1752-0509-8-73,exact,direct AO090 match in UniProt cross-reference,False,Q2TW70,aor:AO090010000683,,5999770
AOC01417,AO090010000493,AO090010000493,,Neutral protease 2 (EC 3.4.24.39) (Deuterolysin) (Neutral protease II) (NPII),secretory_client,,unassigned,low,Secretory clients are not assigned to machinery subsystems.,,unknown,unassigned,low,none,,,False,,liu2014,database_prediction,,10.1186/1752-0509-8-73,exact,direct AO090 match in UniProt cross-reference,False,P46076,aor:AO090010000493,ko:K19305,5999611
AOC01418,AO090010000494,AO090010000494,,"DNA, SC010",secretory_client,,unassigned,low,Secretory clients are not assigned to machinery subsystems.,,unknown,unassigned,low,none,,,False,,liu2014,database_prediction,,10.1186/1752-0509-8-73,exact,direct AO090 match in UniProt cross-reference,False,Q2TWM8,aor:AO090010000494,,5999612
AOC01419,AO090010000503,AO090010000503,,"DNA, SC010",secretory_client,,unassigned,low,Secretory clients are not assigned to machinery subsystems.,,unknown,unassigned,low,none,,,False,,liu2014,database_prediction,,10.1186/1752-0509-8-73,exact,direct AO090 match in UniProt cross-reference,False,Q2TWM2,aor:AO090010000503,,5999618
AOC01420,AO090010000504,AO090010000504,pel1,Pectin lyase 1 (PL1) (EC 4.2.2.10) (Pectin lyase B) (PLB),secretory_client,,unassigned,low,Secretory clients are not assigned to machinery subsystems.,,unknown,unassigned,low,none,,,False,,liu2014,database_prediction,,10.1186/1752-0509-8-73,exact,direct AO090 match in UniProt cross-reference,False,Q2TWM1,aor:AO090010000504,ko:K01732,5999619
AOC01421,AO090010000532,AO090010000532,,"DNA, SC010",secretory_client,,unassigned,low,Secretory clients are not assigned to machinery subsystems.,,unknown,unassigned,low,none,,,False,,liu2014,database_prediction,,10.1186/1752-0509-8-73,exact,direct AO090 match in UniProt cross-reference,False,Q2TWJ5,aor:AO090010000532,,5999645
AOC01422,AO090010000534,AO090010000534,,Carboxypeptidase (EC 3.4.16.-),secretory_client,,unassigned,low,Secretory clients are not assigned to machinery subsystems.,,unknown,unassigned,low,none,,,False,,liu2014,database_prediction,,10.1186/1752-0509-8-73,exact,direct AO090 match in UniProt cross-reference,False,Q2TWJ3,aor:AO090010000534,ko:K01288,5999647
AOC01423,AO090010000548,AO090010000548,,"DNA, SC010",secretory_client,,unassigned,low,Secretory clients are not assigned to machinery subsystems.,,unknown,unassigned,low,none,,,False,,liu2014,database_prediction,,10.1186/1752-0509-8-73,exact,direct AO090 match in UniProt cross-reference,False,Q2TWI0,aor:AO090010000548,,5999660
AOC01424,AO090010000554,AO090010000554,,"DNA, SC010",secretory_client,,unassigned,low,Secretory clients are not assigned to machinery subsystems.,,unknown,unassigned,low,none,,,False,,liu2014,database_prediction,,10.1186/1752-0509-8-73,exact,direct AO090 match in UniProt cross-reference,False,Q2TWH6,aor:AO090010000554,,5999664
AOC01425,AO090010000562,AO090010000562,,"DNA, SC010",secretory_client,,unassigned,low,Secretory clients are not assigned to machinery subsystems.,,unknown,unassigned,low,none,,,False,,liu2014,database_prediction,,10.1186/1752-0509-8-73,exact,direct AO090 match in UniProt cross-reference,False,Q2TWG9,aor:AO090010000562,,5999671
AOC01426,AO090010000573,AO090010000573,,Carboxylic ester hydrolase (EC 3.1.1.-),secretory_client,,unassigned,low,Secretory clients are not assigned to machinery subsystems.,,unknown,unassigned,low,none,,,False,,liu2014,database_prediction,,10.1186/1752-0509-8-73,exact,direct AO090 match in UniProt cross-reference,False,Q2TWG0,aor:AO090010000573,ko:K09252,5999680
AOC01427,AO090010000576,AO090010000576,,"DNA, SC010",secretory_client,,unassigned,low,Secretory clients are not assigned to machinery subsystems.,,unknown,unassigned,low,none,,,False,,liu2014,database_prediction,,10.1186/1752-0509-8-73,exact,direct AO090 match in UniProt cross-reference,False,Q2TWF8,aor:AO090010000576,,5999682
AOC01428,AO090010000582,AO090010000582,,Carbonic anhydrase (EC 4.2.1.1),secretory_client,,unassigned,low,Secretory clients are not assigned to machinery subsystems.,,unknown,unassigned,low,none,,,False,,liu2014,database_prediction,,10.1186/1752-0509-8-73,exact,direct AO090 match in UniProt cross-reference,False,Q2TWF5,aor:AO090010000582,,5999685
AOC01429,AO090010000586,AO090010000586,,"DNA, SC010",secretory_client,,unassigned,low,Secretory clients are not assigned to machinery subsystems.,,unknown,unassigned,low,none,,,False,,liu2014,database_prediction,,10.1186/1752-0509-8-73,exact,direct AO090 match in UniProt cross-reference,False,Q2TWF2,aor:AO090010000586,,5999688
AOC01430,AO090010000599,AO090010000599,,"DNA, SC010",secretory_client,,unassigned,low,Secretory clients are not assigned to machinery subsystems.,,unknown,unassigned,low,none,,,False,,liu2014,database_prediction,,10.1186/1752-0509-8-73,exact,direct AO090 match in UniProt cross-reference,False,Q2TWD9,aor:AO090010000599,,5999701
AOC01431,AO090010000607,AO090010000607,,"DNA, SC010",secretory_client,,unassigned,low,Secretory clients are not assigned to machinery subsystems.,,unknown,unassigned,low,none,,,False,,liu2014,database_prediction,,10.1186/1752-0509-8-73,exact,direct AO090 match in UniProt cross-reference,False,Q2TWD3,aor:AO090010000607,,5999707
AOC01432,AO090010000619,AO090010000619,,"DNA, SC010",secretory_client,,unassigned,low,Secretory clients are not assigned to machinery subsystems.,,unknown,unassigned,low,none,,,False,,liu2014,database_prediction,,10.1186/1752-0509-8-73,exact,direct AO090 match in UniProt cross-reference,False,Q2TWC4,aor:AO090010000619,,5999716
AOC01433,AO090010000622,AO090010000622,,"Mannan endo-1,6-alpha-mannosidase (EC 3.2.1.101)",secretory_client,,unassigned,low,Secretory clients are not assigned to machinery subsystems.,,unknown,unassigned,low,none,,,False,,liu2014,database_prediction,,10.1186/1752-0509-8-73,exact,direct AO090 match in UniProt cross-reference,False,Q2TWC1,aor:AO090010000622,ko:K08257,5999719
AOC01434,AO090010000631,AO090010000631,,"DNA, SC010",secretory_client,,unassigned,low,Secretory clients are not assigned to machinery subsystems.,,unknown,unassigned,low,none,,,False,,liu2014,database_prediction,,10.1186/1752-0509-8-73,exact,direct AO090 match in UniProt cross-reference,False,Q2TWB3,aor:AO090010000631,ko:K01569,5999727
AOC01435,AO090010000640,AO090010000640,,"DNA, SC010",secretory_client,,unassigned,low,Secretory clients are not assigned to machinery subsystems.,,unknown,unassigned,low,none,,,False,,liu2014,database_prediction,,10.1186/1752-0509-8-73,exact,direct AO090 match in UniProt cross-reference,False,Q2TWA4,aor:AO090010000640,ko:K03334,5999736
AOC01436,AO090010000644,AO090010000644,,"DNA, SC010",secretory_client,,unassigned,low,Secretory clients are not assigned to machinery subsystems.,,unknown,unassigned,low,none,,,False,,liu2014,database_prediction,,10.1186/1752-0509-8-73,exact,direct AO090 match in UniProt cross-reference,False,Q2TWA0,aor:AO090010000644,ko:K28650,5999740
AOC01437,AO090010000645,AO090010000645,,"DNA, SC010",secretory_client,,unassigned,low,Secretory clients are not assigned to machinery subsystems.,,unknown,unassigned,low,none,,,False,,liu2014,database_prediction,,10.1186/1752-0509-8-73,exact,direct AO090 match in UniProt cross-reference,False,Q2TW99,aor:AO090010000645,,5999741
AOC01438,AO090010000654,AO090010000654,,"1,3-beta-glucanosyltransferase (EC 2.4.1.-)",secretory_client,,unassigned,low,Secretory clients are not assigned to machinery subsystems.,,unknown,unassigned,low,none,,,False,,liu2014,database_prediction,,10.1186/1752-0509-8-73,exact,direct AO090 match in UniProt cross-reference,False,Q2TW91,aor:AO090010000654,ko:K22832,5999749
AOC01439,AO090010000666,AO090010000666,,"DNA, SC010",secretory_client,,unassigned,low,Secretory clients are not assigned to machinery subsystems.,,unknown,unassigned,low,none,,,False,,liu2014,database_prediction,,10.1186/1752-0509-8-73,exact,direct AO090 match in UniProt cross-reference,False,Q2TW83,aor:AO090010000666,,5999757
AOC01440,AO090010000670,AO090010000670,,"DNA, SC010",secretory_client,,unassigned,low,Secretory clients are not assigned to machinery subsystems.,,unknown,unassigned,low,none,,,False,,liu2014,database_prediction,,10.1186/1752-0509-8-73,exact,direct AO090 match in UniProt cross-reference,False,Q2TW79,aor:AO090010000670,,5999761
AOC01441,AO090001000698,AO090001000698,,Dolichyl-diphosphooligosaccharide--protein glycosyltransferase subunit 1,secretory_client,,unassigned,low,Secretory clients are not assigned to machinery subsystems.,,unknown,unassigned,low,none,,,True,up,liu2014,database_prediction,,10.1186/1752-0509-8-73,exact,direct AO090 match in UniProt cross-reference,False,Q2UMM7,aor:AO090001000698,ko:K12666,5991161
AOC01442,AO090010000684,AO090010000684,aglC,Probable alpha-galactosidase C (EC 3.2.1.22) (Melibiase C),secretory_client,,unassigned,low,Secretory clients are not assigned to machinery subsystems.,,unknown,unassigned,low,none,,,False,,liu2014,database_prediction,,10.1186/1752-0509-8-73,exact,direct AO090 match in UniProt cross-reference,False,Q2TW69,,ko:K07407,
AOC01443,AO090010000704,AO090010000704,,"DNA, SC010",secretory_client,,unassigned,low,Secretory clients are not assigned to machinery subsystems.,,unknown,unassigned,low,none,,,False,,liu2014,database_prediction,,10.1186/1752-0509-8-73,exact,direct AO090 match in UniProt cross-reference,False,Q2TW51,aor:AO090010000704,,5999789
AOC01444,AO090010000706,AO090010000706,plyE,Probable pectate lyase E (EC 4.2.2.2),secretory_client,,unassigned,low,Secretory clients are not assigned to machinery subsystems.,,unknown,unassigned,low,none,,,False,,liu2014,database_prediction,,10.1186/1752-0509-8-73,exact,direct AO090 match in UniProt cross-reference,False,Q2TW49,aor:AO090010000706,ko:K22539,5999791
AOC01445,AO090010000708,AO090010000708,,NADPH-dependent reductive aminase (RedAm) (EC 1.1.1.-),secretory_client,,unassigned,low,Secretory clients are not assigned to machinery subsystems.,,unknown,unassigned,low,none,,,False,,liu2014,database_prediction,,10.1186/1752-0509-8-73,exact,direct AO090 match in UniProt cross-reference,False,Q2TW47,aor:AO090010000708,,5999793
AOC01446,AO090010000724,AO090010000724,,"Mannan endo-1,6-alpha-mannosidase (EC 3.2.1.101)",secretory_client,,unassigned,low,Secretory clients are not assigned to machinery subsystems.,,unknown,unassigned,low,none,,,False,,liu2014,database_prediction,,10.1186/1752-0509-8-73,exact,direct AO090 match in UniProt cross-reference,False,Q2TW32,aor:AO090010000724,ko:K08257,5999808
AOC01447,AO090010000728,AO090010000728,,"DNA, SC010",secretory_client,,unassigned,low,Secretory clients are not assigned to machinery subsystems.,,unknown,unassigned,low,none,,,False,,liu2014,database_prediction,,10.1186/1752-0509-8-73,exact,direct AO090 match in UniProt cross-reference,False,Q2TW28,aor:AO090010000728,,5999812
AOC01448,AO090010000729,AO090010000729,,"DNA, SC010",secretory_client,,unassigned,low,Secretory clients are not assigned to machinery subsystems.,,unknown,unassigned,low,none,,,False,,liu2014,database_prediction,,10.1186/1752-0509-8-73,exact,direct AO090 match in UniProt cross-reference,False,Q2TW27,aor:AO090010000729,,5999813
AOC01449,AO090010000734,AO090010000734,,"DNA, SC010",secretory_client,,unassigned,low,Secretory clients are not assigned to machinery subsystems.,,unknown,unassigned,low,none,,,False,,liu2014,database_prediction,,10.1186/1752-0509-8-73,exact,direct AO090 match in UniProt cross-reference,False,Q2TW22,aor:AO090010000734,,5999818
AOC01450,AO090166000084,AO090166000084,,tripeptidyl-peptidase II (EC 3.4.14.10),secretory_client,,unassigned,low,Secretory clients are not assigned to machinery subsystems.,,unknown,unassigned,low,none,,,True,up,liu2014,database_prediction,,10.1186/1752-0509-8-73,exact,direct AO090 match in UniProt cross-reference,False,Q2U9N2,aor:AO090166000084,ko:K01279,5994922
AOC01451,AO090010000749,AO090010000749,,"DNA, SC010",secretory_client,,unassigned,low,Secretory clients are not assigned to machinery subsystems.,,unknown,unassigned,low,none,,,False,,liu2014,database_prediction,,10.1186/1752-0509-8-73,exact,direct AO090 match in UniProt cross-reference,False,Q2TW07,aor:AO090010000749,,5999833
AOC01452,AO090010000751,AO090010000751,,"DNA, SC010",secretory_client,,unassigned,low,Secretory clients are not assigned to machinery subsystems.,,unknown,unassigned,low,none,,,False,,liu2014,database_prediction,,10.1186/1752-0509-8-73,exact,direct AO090 match in UniProt cross-reference,False,Q2TW05,aor:AO090010000751,,5999835
AOC01453,AO090010000753,AO090010000753,pgxB,"Probable exopolygalacturonase B (EC 3.2.1.67) (Galacturan 1,4-alpha-galacturonidase B) (Poly(1,4-alpha-D-galacturonide)galacturonohydrolase B)",secretory_client,,unassigned,low,Secretory clients are not assigned to machinery subsystems.,,unknown,unassigned,low,none,,,False,,liu2014,database_prediction,,10.1186/1752-0509-8-73,exact,direct AO090 match in UniProt cross-reference,False,Q2TW03,,ko:K01213,
AOC01454,AO090010000760,AO090010000760,,"DNA, SC010",secretory_client,,unassigned,low,Secretory clients are not assigned to machinery subsystems.,,unknown,unassigned,low,none,,,False,,liu2014,database_prediction,,10.1186/1752-0509-8-73,exact,direct AO090 match in UniProt cross-reference,False,Q2TVZ6,aor:AO090010000760,,5999844
AOC01455,AO090011000010,AO090011000010,,"DNA, SC011",secretory_client,,unassigned,low,Secretory clients are not assigned to machinery subsystems.,,unknown,unassigned,low,none,,,False,,liu2014,database_prediction,,10.1186/1752-0509-8-73,exact,direct AO090 match in UniProt cross-reference,False,Q2U1J1,aor:AO090011000010,,5997810
AOC01456,AO090011000021,AO090011000021,,"DNA, SC011",secretory_client,,unassigned,low,Secretory clients are not assigned to machinery subsystems.,,unknown,unassigned,low,none,,,False,,liu2014,database_prediction,,10.1186/1752-0509-8-73,exact,direct AO090 match in UniProt cross-reference,False,Q2U1I1,aor:AO090011000021,,5997820
AOC01457,AO090011000027,AO090011000027,csnB,Endo-chitosanase B (EC 3.2.1.132),secretory_client,,unassigned,low,Secretory clients are not assigned to machinery subsystems.,,unknown,unassigned,low,none,,,False,,liu2014,database_prediction,,10.1186/1752-0509-8-73,exact,direct AO090 match in UniProt cross-reference,False,Q2U1H5,aor:AO090011000027,ko:K01233,5997826
AOC01458,AO090011000030,AO090011000030,,"DNA, SC011",secretory_client,,unassigned,low,Secretory clients are not assigned to machinery subsystems.,,unknown,unassigned,low,none,,,False,,liu2014,database_prediction,,10.1186/1752-0509-8-73,exact,direct AO090 match in UniProt cross-reference,False,Q2U1H3,aor:AO090011000030,,5997828
AOC01459,AO090011000035,AO090011000035,,"DNA, SC011",secretory_client,,unassigned,low,Secretory clients are not assigned to machinery subsystems.,,unknown,unassigned,low,none,,,False,,liu2014,database_prediction,,10.1186/1752-0509-8-73,exact,direct AO090 match in UniProt cross-reference,False,Q2U1G8,aor:AO090011000035,,5997833
AOC01460,AO090011000036,AO090011000036,NpI,Extracellular metalloproteinase NpI (EC 3.4.24.-) (Elastinolytic metalloproteinase NpI) (Fungalysin NpI) (Neutral protease I),secretory_client,,unassigned,low,Secretory clients are not assigned to machinery subsystems.,,unknown,unassigned,low,none,,,False,,liu2014,database_prediction,,10.1186/1752-0509-8-73,exact,direct AO090 match in UniProt cross-reference,False,Q2U1G7,aor:AO090011000036,ko:K01417,5997834
AOC01461,AO090011000045,AO090011000045,,"DNA, SC011",secretory_client,,unassigned,low,Secretory clients are not assigned to machinery subsystems.,,unknown,unassigned,low,none,,,False,,liu2014,database_prediction,,10.1186/1752-0509-8-73,exact,direct AO090 match in UniProt cross-reference,False,Q2U1F8,aor:AO090011000045,,5997843
AOC01462,AO090011000052,AO090011000052,lapA,Leucine aminopeptidase A (EC 3.4.11.-) (Leucyl aminopeptidase A) (LAPA),secretory_client,,unassigned,low,Secretory clients are not assigned to machinery subsystems.,,unknown,unassigned,low,none,,,False,,liu2014,database_prediction,,10.1186/1752-0509-8-73,exact,direct AO090 match in UniProt cross-reference,False,Q2U1F3,aor:AO090011000052,ko:K05994,5997848
AOC01463,AO090010000744,AO090010000744,,Arylsulfatase (AS) (EC 3.1.6.1) (Aryl-sulfate sulphohydrolase),secretory_client,,unassigned,low,Secretory clients are not assigned to machinery subsystems.,,unknown,unassigned,low,none,,,False,,liu2014,database_prediction,,10.1186/1752-0509-8-73,exact,direct AO090 match in UniProt cross-reference,False,Q2TW12,aor:AO090010000744,,5999828
AOC01464,AO090011000055,AO090011000055,,"DNA, SC011",secretory_client,,unassigned,low,Secretory clients are not assigned to machinery subsystems.,,unknown,unassigned,low,none,,,False,,liu2014,database_prediction,,10.1186/1752-0509-8-73,exact,direct AO090 match in UniProt cross-reference,False,Q2U1F0,aor:AO090011000055,ko:K01218,5997851
AOC01465,AO090011000062,AO090011000062,,adenosine deaminase (EC 3.5.4.4),secretory_client,,unassigned,low,Secretory clients are not assigned to machinery subsystems.,,unknown,unassigned,low,none,,,False,,liu2014,database_prediction,,10.1186/1752-0509-8-73,exact,direct AO090 match in UniProt cross-reference,False,Q2U1E5,aor:AO090011000062,ko:K19572,5997856
AOC01466,AO090011000078,AO090011000078,,"DNA, SC011",secretory_client,,unassigned,low,Secretory clients are not assigned to machinery subsystems.,,unknown,unassigned,low,none,,,False,,liu2014,database_prediction,,10.1186/1752-0509-8-73,exact,direct AO090 match in UniProt cross-reference,False,Q2U1D0,aor:AO090011000078,,5997871
AOC01467,AO090011000082,AO090011000082,,"DNA, SC011",secretory_client,,unassigned,low,Secretory clients are not assigned to machinery subsystems.,,unknown,unassigned,low,none,,,False,,liu2014,database_prediction,,10.1186/1752-0509-8-73,exact,direct AO090 match in UniProt cross-reference,False,Q2U1C7,aor:AO090011000082,,5997874
AOC01468,AO090011000084,AO090011000084,,"DNA, SC011",secretory_client,,unassigned,low,Secretory clients are not assigned to machinery subsystems.,,unknown,unassigned,low,none,,,False,,liu2014,database_prediction,,10.1186/1752-0509-8-73,exact,direct AO090 match in UniProt cross-reference,False,Q2U1C6,aor:AO090011000084,,5997875
AOC01469,AO090011000104,AO090011000104,,"DNA, SC011",secretory_client,,unassigned,low,Secretory clients are not assigned to machinery subsystems.,,unknown,unassigned,low,none,,,False,,liu2014,database_prediction,,10.1186/1752-0509-8-73,exact,direct AO090 match in UniProt cross-reference,False,Q2U1A8,aor:AO090011000104,,5997893
AOC01470,AO090011000112,AO090011000112,,"DNA, SC011",secretory_client,,unassigned,low,Secretory clients are not assigned to machinery subsystems.,,unknown,unassigned,low,none,,,False,,liu2014,database_prediction,,10.1186/1752-0509-8-73,exact,direct AO090 match in UniProt cross-reference,False,Q2U1A0,aor:AO090011000112,,5997901
AOC01471,AO090011000113,AO090011000113,,Probable cutinase 3 (EC 3.1.1.74) (Cutin hydrolase 3),secretory_client,,unassigned,low,Secretory clients are not assigned to machinery subsystems.,,unknown,unassigned,low,none,,,False,,liu2014,database_prediction,,10.1186/1752-0509-8-73,exact,direct AO090 match in UniProt cross-reference,False,Q2U199,aor:AO090011000113,ko:K08095,5997902
AOC01472,AO090011000118,AO090011000118,rntA,Guanyl-specific ribonuclease T1 (RNase T1) (EC 4.6.1.24),secretory_client,,unassigned,low,Secretory clients are not assigned to machinery subsystems.,,unknown,unassigned,low,none,,,False,,liu2014,database_prediction,,10.1186/1752-0509-8-73,exact,direct AO090 match in UniProt cross-reference,False,P00651,aor:AO090011000118,,5997907
AOC01473,AO090102000559,AO090102000559,,alpha-glucosidase (EC 3.2.1.20) (Glucosidase II subunit alpha),secretory_client,,unassigned,low,Secretory clients are not assigned to machinery subsystems.,,unknown,unassigned,low,none,,,True,up,liu2014,database_prediction,,10.1186/1752-0509-8-73,exact,direct AO090 match in UniProt cross-reference,False,Q2UA37,aor:AO090102000559,ko:K05546,5994756
AOC01474,AO090011000122,AO090011000122,,"DNA, SC011",secretory_client,,unassigned,low,Secretory clients are not assigned to machinery subsystems.,,unknown,unassigned,low,none,,,False,,liu2014,database_prediction,,10.1186/1752-0509-8-73,exact,direct AO090 match in UniProt cross-reference,False,Q2U191,aor:AO090011000122,ko:K13690,5997910
AOC01475,AO090011000131,AO090011000131,,"DNA, SC011",secretory_client,,unassigned,low,Secretory clients are not assigned to machinery subsystems.,,unknown,unassigned,low,none,,,False,,liu2014,database_prediction,,10.1186/1752-0509-8-73,exact,direct AO090 match in UniProt cross-reference,False,Q2U185,aor:AO090011000131,,5997916
AOC01476,AO090011000140,AO090011000140,,"xylan 1,4-beta-xylosidase (EC 3.2.1.37)",secretory_client,,unassigned,low,Secretory clients are not assigned to machinery subsystems.,,unknown,unassigned,low,none,,,False,,liu2014,database_prediction,,10.1186/1752-0509-8-73,exact,direct AO090 match in UniProt cross-reference,False,Q2U176,aor:AO090011000140,ko:K15920,5997925
AOC01477,AO090011000141,AO090011000141,,"DNA, SC011",secretory_client,,unassigned,low,Secretory clients are not assigned to machinery subsystems.,,unknown,unassigned,low,none,,,False,,liu2014,database_prediction,,10.1186/1752-0509-8-73,exact,direct AO090 match in UniProt cross-reference,False,Q2U175,aor:AO090011000141,,5997926
AOC01478,AO090011000150,AO090011000150,,"DNA, SC011",secretory_client,,unassigned,low,Secretory clients are not assigned to machinery subsystems.,,unknown,unassigned,low,none,,,False,,liu2014,database_prediction,,10.1186/1752-0509-8-73,exact,direct AO090 match in UniProt cross-reference,False,Q2U167,aor:AO090011000150,,5997934
AOC01479,AO090011000156,AO090011000156,,"DNA, SC011",secretory_client,,unassigned,low,Secretory clients are not assigned to machinery subsystems.,,unknown,unassigned,low,none,,,False,,liu2014,database_prediction,,10.1186/1752-0509-8-73,exact,direct AO090 match in UniProt cross-reference,False,Q2U161,aor:AO090011000156,,5997940
AOC01480,AO090011000174,AO090011000174,,"DNA, SC011",secretory_client,,unassigned,low,Secretory clients are not assigned to machinery subsystems.,,unknown,unassigned,low,none,,,False,,liu2014,database_prediction,,10.1186/1752-0509-8-73,exact,direct AO090 match in UniProt cross-reference,False,Q2U147,aor:AO090011000174,ko:K01078,5997954
AOC01481,AO090011000177,AO090011000177,,"DNA, SC011",secretory_client,,unassigned,low,Secretory clients are not assigned to machinery subsystems.,,unknown,unassigned,low,none,,,False,,liu2014,database_prediction,,10.1186/1752-0509-8-73,exact,direct AO090 match in UniProt cross-reference,False,Q2U144,aor:AO090011000177,,5997957
AOC01482,AO090011000182,AO090011000182,,"DNA, SC011",secretory_client,,unassigned,low,Secretory clients are not assigned to machinery subsystems.,,unknown,unassigned,low,none,,,False,,liu2014,database_prediction,,10.1186/1752-0509-8-73,exact,direct AO090 match in UniProt cross-reference,False,Q2U139,aor:AO090011000182,,5997962
AOC01483,AO090011000187,AO090011000187,,"DNA, SC011",secretory_client,,unassigned,low,Secretory clients are not assigned to machinery subsystems.,,unknown,unassigned,low,none,,,False,,liu2014,database_prediction,,10.1186/1752-0509-8-73,exact,direct AO090 match in UniProt cross-reference,False,Q2U135,aor:AO090011000187,,5997966
AOC01484,AO090011000190,AO090011000190,,"DNA, SC011",secretory_client,,unassigned,low,Secretory clients are not assigned to machinery subsystems.,,unknown,unassigned,low,none,,,False,,liu2014,database_prediction,,10.1186/1752-0509-8-73,exact,direct AO090 match in UniProt cross-reference,False,Q2U132,aor:AO090011000190,,10099323
AOC01485,AO090011000195,AO090011000195,,"DNA, SC011",secretory_client,,unassigned,low,Secretory clients are not assigned to machinery subsystems.,,unknown,unassigned,low,none,,,False,,liu2014,database_prediction,,10.1186/1752-0509-8-73,exact,direct AO090 match in UniProt cross-reference,False,Q2U130,aor:AO090011000195,,5997971
AOC01486,AO090011000198,AO090011000198,,"DNA, SC011",secretory_client,,unassigned,low,Secretory clients are not assigned to machinery subsystems.,,unknown,unassigned,low,none,,,False,,liu2014,database_prediction,,10.1186/1752-0509-8-73,exact,direct AO090 match in UniProt cross-reference,False,Q2U128,aor:AO090011000198,,5997973
AOC01487,AO090011000200,AO090011000200,,"DNA, SC011",secretory_client,,unassigned,low,Secretory clients are not assigned to machinery subsystems.,,unknown,unassigned,low,none,,,False,,liu2014,database_prediction,,10.1186/1752-0509-8-73,exact,direct AO090 match in UniProt cross-reference,False,Q2U126,aor:AO090011000200,,5997975
AOC01488,AO090011000201,AO090011000201,,"DNA, SC011",secretory_client,,unassigned,low,Secretory clients are not assigned to machinery subsystems.,,unknown,unassigned,low,none,,,False,,liu2014,database_prediction,,10.1186/1752-0509-8-73,exact,direct AO090 match in UniProt cross-reference,False,Q2U125,aor:AO090011000201,,5997976
AOC01489,AO090011000229,AO090011000229,,Amine oxidase (EC 1.4.3.-),secretory_client,,unassigned,low,Secretory clients are not assigned to machinery subsystems.,,unknown,unassigned,low,none,,,False,,liu2014,database_prediction,,10.1186/1752-0509-8-73,exact,direct AO090 match in UniProt cross-reference,False,Q2U101,aor:AO090011000229,ko:K00276,5998000
AOC01490,AO090011000235,AO090011000235,,tripeptidyl-peptidase II (EC 3.4.14.10),secretory_client,,unassigned,low,Secretory clients are not assigned to machinery subsystems.,,unknown,unassigned,low,none,,,False,,liu2014,database_prediction,,10.1186/1752-0509-8-73,exact,direct AO090 match in UniProt cross-reference,False,Q2U0Z5,aor:AO090011000235,ko:K01279,5998006
AOC01491,AO090011000252,AO090011000252,,"DNA, SC011",secretory_client,,unassigned,low,Secretory clients are not assigned to machinery subsystems.,,unknown,unassigned,low,none,,,False,,liu2014,database_prediction,,10.1186/1752-0509-8-73,exact,direct AO090 match in UniProt cross-reference,False,Q2U0Y3,aor:AO090011000252,,5998018
AOC01492,AO090011000270,AO090011000270,,"DNA, SC011",secretory_client,,unassigned,low,Secretory clients are not assigned to machinery subsystems.,,unknown,unassigned,low,none,,,False,,liu2014,database_prediction,,10.1186/1752-0509-8-73,exact,direct AO090 match in UniProt cross-reference,False,Q2U0W9,aor:AO090011000270,,5998032
AOC01493,AO090011000284,AO090011000284,,"DNA, SC011",secretory_client,,unassigned,low,Secretory clients are not assigned to machinery subsystems.,,unknown,unassigned,low,none,,,False,,liu2014,database_prediction,,10.1186/1752-0509-8-73,exact,direct AO090 match in UniProt cross-reference,False,Q2U0W1,aor:AO090011000284,,5998040
AOC01494,AO090011000300,AO090011000300,,Acid phosphatase (EC 3.1.3.2),secretory_client,,unassigned,low,Secretory clients are not assigned to machinery subsystems.,,unknown,unassigned,low,none,,,False,,liu2014,database_prediction,,10.1186/1752-0509-8-73,exact,direct AO090 match in UniProt cross-reference,False,Q2U0U6,aor:AO090011000300,ko:K01078,5998055
AOC01495,AO090011000310,AO090011000310,,"DNA, SC011",secretory_client,,unassigned,low,Secretory clients are not assigned to machinery subsystems.,,unknown,unassigned,low,none,,,False,,liu2014,database_prediction,,10.1186/1752-0509-8-73,exact,direct AO090 match in UniProt cross-reference,False,Q2U0T7,aor:AO090011000310,,5998064
AOC01496,AO090102000607,AO090102000607,lcl2,Long chronological lifespan protein 2,secretory_client,,unassigned,low,Secretory clients are not assigned to machinery subsystems.,,unknown,unassigned,low,none,,,True,up,liu2014,database_prediction,,10.1186/1752-0509-8-73,exact,direct AO090 match in UniProt cross-reference,False,Q2U9Z3,aor:AO090102000607,,5994800
AOC01497,AO090011000347,AO090011000347,,"DNA, SC011",secretory_client,,unassigned,low,Secretory clients are not assigned to machinery subsystems.,,unknown,unassigned,low,none,,,False,,liu2014,database_prediction,,10.1186/1752-0509-8-73,exact,direct AO090 match in UniProt cross-reference,False,Q2U0Q2,aor:AO090011000347,,5998099
AOC01498,AO090011000349,AO090011000349,rglA,Probable rhamnogalacturonate lyase A (EC 4.2.2.23),secretory_client,,unassigned,low,Secretory clients are not assigned to machinery subsystems.,,unknown,unassigned,low,none,,,False,,liu2014,database_prediction,,10.1186/1752-0509-8-73,exact,direct AO090 match in UniProt cross-reference,False,Q2U0Q1,aor:AO090011000349,ko:K18195,5998100
AOC01499,AO090011000355,AO090011000355,,"DNA, SC011",secretory_client,,unassigned,low,Secretory clients are not assigned to machinery subsystems.,,unknown,unassigned,low,none,,,False,,liu2014,database_prediction,,10.1186/1752-0509-8-73,exact,direct AO090 match in UniProt cross-reference,False,Q2U0P5,aor:AO090011000355,,5998106
AOC01500,AO090011000357,AO090011000357,,"DNA, SC011",secretory_client,,unassigned,low,Secretory clients are not assigned to machinery subsystems.,,unknown,unassigned,low,none,,,False,,liu2014,database_prediction,,10.1186/1752-0509-8-73,exact,direct AO090 match in UniProt cross-reference,False,Q2U0P3,aor:AO090011000357,ko:K01426,5998108
AOC01501,AO090011000362,AO090011000362,,"DNA, SC011",secretory_client,,unassigned,low,Secretory clients are not assigned to machinery subsystems.,,unknown,unassigned,low,none,,,False,,liu2014,database_prediction,,10.1186/1752-0509-8-73,exact,direct AO090 match in UniProt cross-reference,False,Q2U0N8,aor:AO090011000362,ko:K01210,
AOC01502,AO090011000364,AO090011000364,,"DNA, SC011",secretory_client,,unassigned,low,Secretory clients are not assigned to machinery subsystems.,,unknown,unassigned,low,none,,,False,,liu2014,database_prediction,,10.1186/1752-0509-8-73,exact,direct AO090 match in UniProt cross-reference,False,Q2U0N6,aor:AO090011000364,,5998115
AOC01503,AO090011000381,AO090011000381,,"DNA, SC011",secretory_client,,unassigned,low,Secretory clients are not assigned to machinery subsystems.,,unknown,unassigned,low,none,,,False,,liu2014,database_prediction,,10.1186/1752-0509-8-73,exact,direct AO090 match in UniProt cross-reference,False,Q2U0M3,aor:AO090011000381,,5998128
AOC01504,AO090011000402,AO090011000402,,"DNA, SC011",secretory_client,,unassigned,low,Secretory clients are not assigned to machinery subsystems.,,unknown,unassigned,low,none,,,False,,liu2014,database_prediction,,10.1186/1752-0509-8-73,exact,direct AO090 match in UniProt cross-reference,False,Q2U0K7,aor:AO090011000402,,5998144
AOC01505,AO090011000408,AO090011000408,hepA,Sesquiterpene cyclase hepA (EC 4.2.3.-) (Heptelidic acid biosynthesis cluster protein A),secretory_client,,unassigned,low,Secretory clients are not assigned to machinery subsystems.,,unknown,unassigned,low,none,,,False,,liu2014,database_prediction,,10.1186/1752-0509-8-73,exact,direct AO090 match in UniProt cross-reference,False,Q2U0K2,aor:AO090011000408,,5998149
AOC01506,AO090011000411,AO090011000411,hepD,Cytochrome P450 monooxygenase hepD (EC 1.-.-.-) (Heptelidic acid biosynthesis cluster protein D),secretory_client,,unassigned,low,Secretory clients are not assigned to machinery subsystems.,,unknown,unassigned,low,none,,,False,,liu2014,database_prediction,,10.1186/1752-0509-8-73,exact,direct AO090 match in UniProt cross-reference,False,Q2U0K0,,,
AOC01507,AO090102000145,AO090102000145,,"DNA, SC102",secretory_client,,unassigned,low,Secretory clients are not assigned to machinery subsystems.,,unknown,unassigned,low,none,,,True,up,liu2014,database_prediction,,10.1186/1752-0509-8-73,exact,direct AO090 match in UniProt cross-reference,False,Q2UB21,aor:AO090102000145,ko:K10080,5994422
AOC01508,AO090011000430,AO090011000430,,"DNA, SC011",secretory_client,,unassigned,low,Secretory clients are not assigned to machinery subsystems.,,unknown,unassigned,low,none,,,False,,liu2014,database_prediction,,10.1186/1752-0509-8-73,exact,direct AO090 match in UniProt cross-reference,False,Q2U0I2,aor:AO090011000430,,5998169
AOC01509,AO090011000434,AO090011000434,,"DNA, SC011",secretory_client,,unassigned,low,Secretory clients are not assigned to machinery subsystems.,,unknown,unassigned,low,none,,,False,,liu2014,database_prediction,,10.1186/1752-0509-8-73,exact,direct AO090 match in UniProt cross-reference,False,Q2U0H8,aor:AO090011000434,,5998173
AOC01510,AO090011000446,AO090011000446,,"DNA, SC011",secretory_client,,unassigned,low,Secretory clients are not assigned to machinery subsystems.,,unknown,unassigned,low,none,,,False,,liu2014,database_prediction,,10.1186/1752-0509-8-73,exact,direct AO090 match in UniProt cross-reference,False,Q2U0G8,aor:AO090011000446,,5998183
AOC01511,AO090011000450,AO090011000450,,"DNA, SC011",secretory_client,,unassigned,low,Secretory clients are not assigned to machinery subsystems.,,unknown,unassigned,low,none,,,False,,liu2014,database_prediction,,10.1186/1752-0509-8-73,exact,direct AO090 match in UniProt cross-reference,False,Q2U0G4,aor:AO090011000450,,5998187
AOC01512,AO090011000451,AO090011000451,,"DNA, SC011",secretory_client,,unassigned,low,Secretory clients are not assigned to machinery subsystems.,,unknown,unassigned,low,none,,,False,,liu2014,database_prediction,,10.1186/1752-0509-8-73,exact,direct AO090 match in UniProt cross-reference,False,Q2U0G3,aor:AO090011000451,,5998188
AOC01513,AO090103000307,AO090103000307,,"DNA, SC103",secretory_client,,unassigned,low,Secretory clients are not assigned to machinery subsystems.,,unknown,unassigned,low,none,,,True,up,liu2014,database_prediction,,10.1186/1752-0509-8-73,exact,direct AO090 match in UniProt cross-reference,False,Q2TYC2,aor:AO090103000307,,5999006
AOC01514,AO090011000565,AO090011000565,,"DNA, SC011",secretory_client,,unassigned,low,Secretory clients are not assigned to machinery subsystems.,,unknown,unassigned,low,none,,,False,,liu2014,database_prediction,,10.1186/1752-0509-8-73,exact,direct AO090 match in UniProt cross-reference,False,Q2U068,aor:AO090011000565,,5998283
AOC01515,AO090011000579,AO090011000579,,"DNA, SC011",secretory_client,,unassigned,low,Secretory clients are not assigned to machinery subsystems.,,unknown,unassigned,low,none,,,False,,liu2014,database_prediction,,10.1186/1752-0509-8-73,exact,direct AO090 match in UniProt cross-reference,False,Q2U056,aor:AO090011000579,ko:K13996,5998295
AOC01516,AO090011000626,AO090011000626,,"DNA, SC011",secretory_client,,unassigned,low,Secretory clients are not assigned to machinery subsystems.,,unknown,unassigned,low,none,,,False,,liu2014,database_prediction,,10.1186/1752-0509-8-73,exact,direct AO090 match in UniProt cross-reference,False,Q2U017,aor:AO090011000626,ko:K02943,
AOC01517,AO090011000665,AO090011000665,,Probable cutinase 2 (EC 3.1.1.74) (Cutin hydrolase 2),secretory_client,,unassigned,low,Secretory clients are not assigned to machinery subsystems.,,unknown,unassigned,low,none,,,False,,liu2014,database_prediction,,10.1186/1752-0509-8-73,exact,direct AO090 match in UniProt cross-reference,False,Q2TZY7,aor:AO090011000665,ko:K08095,5998364
AOC01518,AO090011000673,AO090011000673,plyB,Probable pectate lyase B (EC 4.2.2.2),secretory_client,,unassigned,low,Secretory clients are not assigned to machinery subsystems.,,unknown,unassigned,low,none,,,False,,liu2014,database_prediction,,10.1186/1752-0509-8-73,exact,direct AO090 match in UniProt cross-reference,False,Q2TZY0,aor:AO090011000673,ko:K01728,5998371
AOC01519,AO090011000684,AO090011000684,,"DNA, SC011",secretory_client,,unassigned,low,Secretory clients are not assigned to machinery subsystems.,,unknown,unassigned,low,none,,,False,,liu2014,database_prediction,,10.1186/1752-0509-8-73,exact,direct AO090 match in UniProt cross-reference,False,Q2TZX2,aor:AO090011000684,,35119665
AOC01520,AO090011000712,AO090011000712,,"DNA, SC011",secretory_client,,unassigned,low,Secretory clients are not assigned to machinery subsystems.,,unknown,unassigned,low,none,,,False,,liu2014,database_prediction,,10.1186/1752-0509-8-73,exact,direct AO090 match in UniProt cross-reference,False,Q2TZU9,aor:AO090011000712,,5998402
AOC01521,AO090011000715,AO090011000715,,"cellulase (EC 3.2.1.4) (Carboxymethylcellulase B) (Cellulase B) (Endo-beta-1,4-mannanase F)",secretory_client,,unassigned,low,Secretory clients are not assigned to machinery subsystems.,,unknown,unassigned,low,none,,,False,,liu2014,database_prediction,,10.1186/1752-0509-8-73,exact,direct AO090 match in UniProt cross-reference,False,Q2TZU7,aor:AO090011000715,ko:K01179,
AOC01522,AO090011000745,AO090011000745,axeA,Acetylxylan esterase A (EC 3.1.1.72),secretory_client,,unassigned,low,Secretory clients are not assigned to machinery subsystems.,,unknown,unassigned,low,none,,,False,,liu2014,database_prediction,,10.1186/1752-0509-8-73,exact,direct AO090 match in UniProt cross-reference,False,Q75P26,aor:AO090011000745,ko:K05972,5998432
AOC01523,AO090011000755,AO090011000755,,"DNA, SC011",secretory_client,,unassigned,low,Secretory clients are not assigned to machinery subsystems.,,unknown,unassigned,low,none,,,False,,liu2014,database_prediction,,10.1186/1752-0509-8-73,exact,direct AO090 match in UniProt cross-reference,False,Q2TZR1,aor:AO090011000755,,5998440
AOC01524,AO090011000757,AO090011000757,exgB,"Probable glucan endo-1,6-beta-glucosidase B (EC 3.2.1.75) (Beta-1,6-glucanase B) (Endo-1,6-beta-D-glucanase B) (Endo-1,6-beta-glucanase B)",secretory_client,,unassigned,low,Secretory clients are not assigned to machinery subsystems.,,unknown,unassigned,low,none,,,False,,liu2014,database_prediction,,10.1186/1752-0509-8-73,exact,direct AO090 match in UniProt cross-reference,False,Q2TZQ9,aor:AO090011000757,ko:K22277,5998442
AOC01525,AO090011000808,AO090011000808,,"DNA, SC011",secretory_client,,unassigned,low,Secretory clients are not assigned to machinery subsystems.,,unknown,unassigned,low,none,,,False,,liu2014,database_prediction,,10.1186/1752-0509-8-73,exact,direct AO090 match in UniProt cross-reference,False,Q2TZL2,aor:AO090011000808,,5998489
AOC01526,AO090011000821,AO090011000821,ecm14,Inactive metallocarboxypeptidase ecm14,secretory_client,,unassigned,low,Secretory clients are not assigned to machinery subsystems.,,unknown,unassigned,low,none,,,False,,liu2014,database_prediction,,10.1186/1752-0509-8-73,exact,direct AO090 match in UniProt cross-reference,False,Q2TZK2,aor:AO090011000821,ko:K08783,5998499
AOC01527,AO090011000825,AO090011000825,,Endonuclease (EC 3.1.30.-),secretory_client,,unassigned,low,Secretory clients are not assigned to machinery subsystems.,,unknown,unassigned,low,none,,,False,,liu2014,database_prediction,,10.1186/1752-0509-8-73,exact,direct AO090 match in UniProt cross-reference,False,Q2TZJ8,aor:AO090011000825,ko:K01173,5998503
AOC01528,AO090011000864,AO090011000864,,"DNA, SC011",secretory_client,,unassigned,low,Secretory clients are not assigned to machinery subsystems.,,unknown,unassigned,low,none,,,False,,liu2014,database_prediction,,10.1186/1752-0509-8-73,exact,direct AO090 match in UniProt cross-reference,False,Q2TZG2,aor:AO090011000864,,5998540
AOC01529,AO090011000869,AO090011000869,,"DNA, SC011",secretory_client,,unassigned,low,Secretory clients are not assigned to machinery subsystems.,,unknown,unassigned,low,none,,,False,,liu2014,database_prediction,,10.1186/1752-0509-8-73,exact,direct AO090 match in UniProt cross-reference,False,Q2TZF7,aor:AO090011000869,ko:K15111,5998544
AOC01530,AO090011000909,AO090011000909,,"DNA, SC011",secretory_client,,unassigned,low,Secretory clients are not assigned to machinery subsystems.,,unknown,unassigned,low,none,,,False,,liu2014,database_prediction,,10.1186/1752-0509-8-73,exact,direct AO090 match in UniProt cross-reference,False,Q2TZC7,aor:AO090011000909,,5998574
AOC01531,AO090011000914,AO090011000914,,"DNA, SC011",secretory_client,,unassigned,low,Secretory clients are not assigned to machinery subsystems.,,unknown,unassigned,low,none,,,False,,liu2014,database_prediction,,10.1186/1752-0509-8-73,exact,direct AO090 match in UniProt cross-reference,False,Q2TZC2,aor:AO090011000914,,5998579
AOC01532,AO090011000916,AO090011000916,,"DNA, SC011",secretory_client,,unassigned,low,Secretory clients are not assigned to machinery subsystems.,,unknown,unassigned,low,none,,,False,,liu2014,database_prediction,,10.1186/1752-0509-8-73,exact,direct AO090 match in UniProt cross-reference,False,Q2TZC0,aor:AO090011000916,,5998581
AOC01533,AO090012000006,AO090012000006,,"DNA, SC012",secretory_client,,unassigned,low,Secretory clients are not assigned to machinery subsystems.,,unknown,unassigned,low,none,,,False,,liu2014,database_prediction,,10.1186/1752-0509-8-73,exact,direct AO090 match in UniProt cross-reference,False,Q2UDW2,aor:AO090012000006,ko:K05991,5987566
AOC01534,AO090012000013,AO090012000013,,"DNA, SC012",secretory_client,,unassigned,low,Secretory clients are not assigned to machinery subsystems.,,unknown,unassigned,low,none,,,False,,liu2014,database_prediction,,10.1186/1752-0509-8-73,exact,direct AO090 match in UniProt cross-reference,False,Q2UDV5,aor:AO090012000013,,5987573
AOC01535,AO090012000032,AO090012000032,,"DNA, SC012",secretory_client,,unassigned,low,Secretory clients are not assigned to machinery subsystems.,,unknown,unassigned,low,none,,,False,,liu2014,database_prediction,,10.1186/1752-0509-8-73,exact,direct AO090 match in UniProt cross-reference,False,Q2UDT9,aor:AO090012000032,,5987589
AOC01536,AO090012000041,AO090012000041,,chitinase (EC 3.2.1.14),secretory_client,,unassigned,low,Secretory clients are not assigned to machinery subsystems.,,unknown,unassigned,low,none,,,False,,liu2014,database_prediction,,10.1186/1752-0509-8-73,exact,direct AO090 match in UniProt cross-reference,False,Q2UDT3,aor:AO090012000041,ko:K01183,5987595
AOC01537,AO090012000042,AO090012000042,,"DNA, SC012",secretory_client,,unassigned,low,Secretory clients are not assigned to machinery subsystems.,,unknown,unassigned,low,none,,,False,,liu2014,database_prediction,,10.1186/1752-0509-8-73,exact,direct AO090 match in UniProt cross-reference,False,Q2UDT2,aor:AO090012000042,,5987596
AOC01538,AO090012000045,AO090012000045,,"DNA, SC012",secretory_client,,unassigned,low,Secretory clients are not assigned to machinery subsystems.,,unknown,unassigned,low,none,,,False,,liu2014,database_prediction,,10.1186/1752-0509-8-73,exact,direct AO090 match in UniProt cross-reference,False,Q2UDS9,aor:AO090012000045,,5987599
AOC01539,AO090012000046,AO090012000046,,"DNA, SC012",secretory_client,,unassigned,low,Secretory clients are not assigned to machinery subsystems.,,unknown,unassigned,low,none,,,False,,liu2014,database_prediction,,10.1186/1752-0509-8-73,exact,direct AO090 match in UniProt cross-reference,False,Q2UDS8,aor:AO090012000046,,5987600
AOC01540,AO090012000066,AO090012000066,,"DNA, SC012",secretory_client,,unassigned,low,Secretory clients are not assigned to machinery subsystems.,,unknown,unassigned,low,none,,,False,,liu2014,database_prediction,,10.1186/1752-0509-8-73,exact,direct AO090 match in UniProt cross-reference,False,Q2UDR3,aor:AO090012000066,,5987615
AOC01541,AO090012000083,AO090012000083,,"DNA, SC012",secretory_client,,unassigned,low,Secretory clients are not assigned to machinery subsystems.,,unknown,unassigned,low,none,,,False,,liu2014,database_prediction,,10.1186/1752-0509-8-73,exact,direct AO090 match in UniProt cross-reference,False,Q2UDQ1,aor:AO090012000083,ko:K28319,5987627
AOC01542,AO090012000090,AO090012000090,,"AA9 family lytic polysaccharide monooxygenase (EC 1.14.99.56) (Endo-beta-1,4-glucanase) (Glycosyl hydrolase 61 family protein)",secretory_client,,unassigned,low,Secretory clients are not assigned to machinery subsystems.,,unknown,unassigned,low,none,,,False,,liu2014,database_prediction,,10.1186/1752-0509-8-73,exact,direct AO090 match in UniProt cross-reference,False,Q2UDP5,aor:AO090012000090,,5987633
AOC01543,AO090012000091,AO090012000091,,"DNA, SC012",secretory_client,,unassigned,low,Secretory clients are not assigned to machinery subsystems.,,unknown,unassigned,low,none,,,False,,liu2014,database_prediction,,10.1186/1752-0509-8-73,exact,direct AO090 match in UniProt cross-reference,False,Q2UDP4,aor:AO090012000091,,5988432
AOC01544,AO090012000092,AO090012000092,,"DNA, SC012",secretory_client,,unassigned,low,Secretory clients are not assigned to machinery subsystems.,,unknown,unassigned,low,none,,,False,,liu2014,database_prediction,,10.1186/1752-0509-8-73,exact,direct AO090 match in UniProt cross-reference,False,Q2UDP3,aor:AO090012000092,,5987635
AOC01545,AO090012000103,AO090012000103,,"DNA, SC012",secretory_client,,unassigned,low,Secretory clients are not assigned to machinery subsystems.,,unknown,unassigned,low,none,,,False,,liu2014,database_prediction,,10.1186/1752-0509-8-73,exact,direct AO090 match in UniProt cross-reference,False,Q2UDN5,aor:AO090012000103,,5987643
AOC01546,AO090012000110,AO090012000110,,Peptide hydrolase (EC 3.4.-.-),secretory_client,,unassigned,low,Secretory clients are not assigned to machinery subsystems.,,unknown,unassigned,low,none,,,False,,liu2014,database_prediction,,10.1186/1752-0509-8-73,exact,direct AO090 match in UniProt cross-reference,False,Q2UDM9,aor:AO090012000110,ko:K01264,5987649
AOC01547,AO090012000113,AO090012000113,,"DNA, SC012",secretory_client,,unassigned,low,Secretory clients are not assigned to machinery subsystems.,,unknown,unassigned,low,none,,,False,,liu2014,database_prediction,,10.1186/1752-0509-8-73,exact,direct AO090 match in UniProt cross-reference,False,Q2UDM6,aor:AO090012000113,,5987652
AOC01548,AO090012000121,AO090012000121,,pectin lyase (EC 4.2.2.10),secretory_client,,unassigned,low,Secretory clients are not assigned to machinery subsystems.,,unknown,unassigned,low,none,,,False,,liu2014,database_prediction,,10.1186/1752-0509-8-73,exact,direct AO090 match in UniProt cross-reference,False,Q2UDM1,aor:AO090012000121,ko:K01732,5987657
AOC01549,AO090012000127,AO090012000127,,"DNA, SC012",secretory_client,,unassigned,low,Secretory clients are not assigned to machinery subsystems.,,unknown,unassigned,low,none,,,False,,liu2014,database_prediction,,10.1186/1752-0509-8-73,exact,direct AO090 match in UniProt cross-reference,False,Q2UDL5,aor:AO090012000127,,5987663
AOC01550,AO090012000135,AO090012000135,bglM,Probable beta-glucosidase M (EC 3.2.1.21) (Beta-D-glucoside glucohydrolase M) (Cellobiase M) (Gentiobiase M),secretory_client,,unassigned,low,Secretory clients are not assigned to machinery subsystems.,,unknown,unassigned,low,none,,,False,,liu2014,database_prediction,,10.1186/1752-0509-8-73,exact,direct AO090 match in UniProt cross-reference,False,Q2UDK7,aor:AO090012000135,ko:K05349,5987671
AOC01551,AO090012000141,AO090012000141,,"DNA, SC012",secretory_client,,unassigned,low,Secretory clients are not assigned to machinery subsystems.,,unknown,unassigned,low,none,,,False,,liu2014,database_prediction,,10.1186/1752-0509-8-73,exact,direct AO090 match in UniProt cross-reference,False,Q2UDK3,aor:AO090012000141,,10099322
AOC01552,AO090012000143,AO090012000143,,"DNA, SC012",secretory_client,,unassigned,low,Secretory clients are not assigned to machinery subsystems.,,unknown,unassigned,low,none,,,False,,liu2014,database_prediction,,10.1186/1752-0509-8-73,exact,direct AO090 match in UniProt cross-reference,False,Q2UDK2,aor:AO090012000143,,5987676
AOC01553,AO090012000147,AO090012000147,rglB,Probable rhamnogalacturonate lyase B (EC 4.2.2.23),secretory_client,,unassigned,low,Secretory clients are not assigned to machinery subsystems.,,unknown,unassigned,low,none,,,False,,liu2014,database_prediction,,10.1186/1752-0509-8-73,exact,direct AO090 match in UniProt cross-reference,False,Q2UDJ8,,,
AOC01554,AO090012000157,AO090012000157,,"DNA, SC012",secretory_client,,unassigned,low,Secretory clients are not assigned to machinery subsystems.,,unknown,unassigned,low,none,,,False,,liu2014,database_prediction,,10.1186/1752-0509-8-73,exact,direct AO090 match in UniProt cross-reference,False,Q2UDI8,aor:AO090012000157,ko:K01301,5987690
AOC01555,AO090020000191,AO090020000191,,"DNA, SC020",secretory_client,,unassigned,low,Secretory clients are not assigned to machinery subsystems.,,unknown,unassigned,low,none,,,True,up,liu2014,database_prediction,,10.1186/1752-0509-8-73,exact,direct AO090 match in UniProt cross-reference,False,Q2U4V3,aor:AO090020000191,,5996631
AOC01556,AO090012000179,AO090012000179,,"DNA, SC012",secretory_client,,unassigned,low,Secretory clients are not assigned to machinery subsystems.,,unknown,unassigned,low,none,,,False,,liu2014,database_prediction,,10.1186/1752-0509-8-73,exact,direct AO090 match in UniProt cross-reference,False,Q2UDG7,aor:AO090012000179,,5987711
AOC01557,AO090012000180,AO090012000180,,"DNA, SC012",secretory_client,,unassigned,low,Secretory clients are not assigned to machinery subsystems.,,unknown,unassigned,low,none,,,False,,liu2014,database_prediction,,10.1186/1752-0509-8-73,exact,direct AO090 match in UniProt cross-reference,False,Q2UDG6,aor:AO090012000180,,5987712
AOC01558,AO090012000209,AO090012000209,,Aspergillopepsin-1 (EC 3.4.23.18) (Aspergillopepsin I) (Aspergillopeptidase A),secretory_client,,unassigned,low,Secretory clients are not assigned to machinery subsystems.,,unknown,unassigned,low,none,,,False,,liu2014,database_prediction,,10.1186/1752-0509-8-73,exact,direct AO090 match in UniProt cross-reference,False,Q2UDE1,aor:AO090012000209,ko:K28650,5987737
AOC01559,AO090012000230,AO090012000230,,"DNA, SC012",secretory_client,,unassigned,low,Secretory clients are not assigned to machinery subsystems.,,unknown,unassigned,low,none,,,False,,liu2014,database_prediction,,10.1186/1752-0509-8-73,exact,direct AO090 match in UniProt cross-reference,False,Q2UDC3,aor:AO090012000230,,5987755
AOC01560,AO090012000298,AO090012000298,,non-reducing end alpha-L-arabinofuranosidase (EC 3.2.1.55),secretory_client,,unassigned,low,Secretory clients are not assigned to machinery subsystems.,,unknown,unassigned,low,none,,,False,,liu2014,database_prediction,,10.1186/1752-0509-8-73,exact,direct AO090 match in UniProt cross-reference,False,Q2UD66,aor:AO090012000298,ko:K01209,5987812
AOC01561,AO090012000314,AO090012000314,,"DNA, SC012",secretory_client,,unassigned,low,Secretory clients are not assigned to machinery subsystems.,,unknown,unassigned,low,none,,,False,,liu2014,database_prediction,,10.1186/1752-0509-8-73,exact,direct AO090 match in UniProt cross-reference,False,Q2UD54,aor:AO090012000314,,5987824
AOC01562,AO090012000320,AO090012000320,,"DNA, SC012",secretory_client,,unassigned,low,Secretory clients are not assigned to machinery subsystems.,,unknown,unassigned,low,none,,,False,,liu2014,database_prediction,,10.1186/1752-0509-8-73,exact,direct AO090 match in UniProt cross-reference,False,Q2UD48,aor:AO090012000320,,5987830
AOC01563,AO090012000343,AO090012000343,,"DNA, SC012",secretory_client,,unassigned,low,Secretory clients are not assigned to machinery subsystems.,,unknown,unassigned,low,none,,,False,,liu2014,database_prediction,,10.1186/1752-0509-8-73,exact,direct AO090 match in UniProt cross-reference,False,Q2UD29,aor:AO090012000343,ko:K27886,5987849
AOC01564,AO090012000352,AO090012000352,,"DNA, SC012",secretory_client,,unassigned,low,Secretory clients are not assigned to machinery subsystems.,,unknown,unassigned,low,none,,,False,,liu2014,database_prediction,,10.1186/1752-0509-8-73,exact,direct AO090 match in UniProt cross-reference,False,Q2UD23,aor:AO090012000352,,5987855
AOC01565,AO090012000356,AO090012000356,,"DNA, SC012",secretory_client,,unassigned,low,Secretory clients are not assigned to machinery subsystems.,,unknown,unassigned,low,none,,,False,,liu2014,database_prediction,,10.1186/1752-0509-8-73,exact,direct AO090 match in UniProt cross-reference,False,Q2UD19,aor:AO090012000356,,5987859
AOC01566,AO090012000359,AO090012000359,,"DNA, SC012",secretory_client,,unassigned,low,Secretory clients are not assigned to machinery subsystems.,,unknown,unassigned,low,none,,,False,,liu2014,database_prediction,,10.1186/1752-0509-8-73,exact,direct AO090 match in UniProt cross-reference,False,Q2UD16,aor:AO090012000359,,5987862
AOC01567,AO090012000370,AO090012000370,,Hydrophobin,secretory_client,,unassigned,low,Secretory clients are not assigned to machinery subsystems.,,unknown,unassigned,low,none,,,False,,liu2014,database_prediction,,10.1186/1752-0509-8-73,exact,direct AO090 match in UniProt cross-reference,False,Q2UD05,aor:AO090012000370,,5987873
AOC01568,AO090012000372,AO090012000372,,1-alkyl-2-acetylglycerophosphocholine esterase (EC 3.1.1.47),secretory_client,,unassigned,low,Secretory clients are not assigned to machinery subsystems.,,unknown,unassigned,low,none,,,False,,liu2014,database_prediction,,10.1186/1752-0509-8-73,exact,direct AO090 match in UniProt cross-reference,False,Q2UD03,aor:AO090012000372,,5987875
AOC01569,AO090012000385,AO090012000385,,"DNA, SC012",secretory_client,,unassigned,low,Secretory clients are not assigned to machinery subsystems.,,unknown,unassigned,low,none,,,False,,liu2014,database_prediction,,10.1186/1752-0509-8-73,exact,direct AO090 match in UniProt cross-reference,False,Q2UCZ4,aor:AO090012000385,,5987884
AOC01570,AO090012000403,AO090012000403,,"DNA, SC012",secretory_client,,unassigned,low,Secretory clients are not assigned to machinery subsystems.,,unknown,unassigned,low,none,,,False,,liu2014,database_prediction,,10.1186/1752-0509-8-73,exact,direct AO090 match in UniProt cross-reference,False,Q2UCX9,aor:AO090012000403,ko:K05531,5987899
AOC01571,AO090012000430,AO090012000430,,"DNA, SC012",secretory_client,,unassigned,low,Secretory clients are not assigned to machinery subsystems.,,unknown,unassigned,low,none,,,False,,liu2014,database_prediction,,10.1186/1752-0509-8-73,exact,direct AO090 match in UniProt cross-reference,False,Q2UCV7,aor:AO090012000430,ko:K08513,5987921
AOC01572,AO090012000433,AO090012000433,,"DNA, SC012",secretory_client,,unassigned,low,Secretory clients are not assigned to machinery subsystems.,,unknown,unassigned,low,none,,,False,,liu2014,database_prediction,,10.1186/1752-0509-8-73,exact,direct AO090 match in UniProt cross-reference,False,Q2UCV4,aor:AO090012000433,,5987924
AOC01573,AO090012000443,AO090012000443,,"DNA, SC012",secretory_client,,unassigned,low,Secretory clients are not assigned to machinery subsystems.,,unknown,unassigned,low,none,,,False,,liu2014,database_prediction,,10.1186/1752-0509-8-73,exact,direct AO090 match in UniProt cross-reference,False,Q2UCU5,aor:AO090012000443,,5987933
AOC01574,AO090012000445,AO090012000445,lacA,Beta-galactosidase A (EC 3.2.1.23) (Acidic beta-galactosidase) (Ao-beta-gal) (Lactase A),secretory_client,,unassigned,low,Secretory clients are not assigned to machinery subsystems.,,unknown,unassigned,low,none,,,False,,liu2014,database_prediction,,10.1186/1752-0509-8-73,exact,direct AO090 match in UniProt cross-reference,False,Q2UCU3,aor:AO090012000445,,5987935
AOC01575,AO090012000451,AO090012000451,pelC,Probable pectin lyase C (PLC) (EC 4.2.2.10),secretory_client,,unassigned,low,Secretory clients are not assigned to machinery subsystems.,,unknown,unassigned,low,none,,,False,,liu2014,database_prediction,,10.1186/1752-0509-8-73,exact,direct AO090 match in UniProt cross-reference,False,Q2UCT7,aor:AO090012000451,ko:K01732,5987941
AOC01576,AO090012000458,AO090012000458,,"DNA, SC012",secretory_client,,unassigned,low,Secretory clients are not assigned to machinery subsystems.,,unknown,unassigned,low,none,,,False,,liu2014,database_prediction,,10.1186/1752-0509-8-73,exact,direct AO090 match in UniProt cross-reference,False,Q2UCT2,aor:AO090012000458,,5987946
AOC01577,AO090012000462,AO090012000462,,"DNA, SC012",secretory_client,,unassigned,low,Secretory clients are not assigned to machinery subsystems.,,unknown,unassigned,low,none,,,False,,liu2014,database_prediction,,10.1186/1752-0509-8-73,exact,direct AO090 match in UniProt cross-reference,False,Q2UCS8,aor:AO090012000462,,5987950
AOC01578,AO090012000471,AO090012000471,,"DNA, SC012",secretory_client,,unassigned,low,Secretory clients are not assigned to machinery subsystems.,,unknown,unassigned,low,none,,,False,,liu2014,database_prediction,,10.1186/1752-0509-8-73,exact,direct AO090 match in UniProt cross-reference,False,Q2UCS0,aor:AO090012000471,,5987957
AOC01579,AO090012000481,AO090012000481,,"DNA, SC012",secretory_client,,unassigned,low,Secretory clients are not assigned to machinery subsystems.,,unknown,unassigned,low,none,,,False,,liu2014,database_prediction,,10.1186/1752-0509-8-73,exact,direct AO090 match in UniProt cross-reference,False,Q2UCR4,aor:AO090012000481,,5987964
AOC01580,AO090012000482,AO090012000482,,"DNA, SC012",secretory_client,,unassigned,low,Secretory clients are not assigned to machinery subsystems.,,unknown,unassigned,low,none,,,False,,liu2014,database_prediction,,10.1186/1752-0509-8-73,exact,direct AO090 match in UniProt cross-reference,False,Q2UCR3,aor:AO090012000482,,5987965
AOC01581,AO090012000509,AO090012000509,,"DNA, SC012",secretory_client,,unassigned,low,Secretory clients are not assigned to machinery subsystems.,,unknown,unassigned,low,none,,,False,,liu2014,database_prediction,,10.1186/1752-0509-8-73,exact,direct AO090 match in UniProt cross-reference,False,Q2UCP0,aor:AO090012000509,,5987988
AOC01582,AO090012000542,AO090012000542,,"DNA, SC012",secretory_client,,unassigned,low,Secretory clients are not assigned to machinery subsystems.,,unknown,unassigned,low,none,,,False,,liu2014,database_prediction,,10.1186/1752-0509-8-73,exact,direct AO090 match in UniProt cross-reference,False,Q2UCL2,aor:AO090012000542,,5988016
AOC01583,AO090012000543,AO090012000543,,"DNA, SC012",secretory_client,,unassigned,low,Secretory clients are not assigned to machinery subsystems.,,unknown,unassigned,low,none,,,False,,liu2014,database_prediction,,10.1186/1752-0509-8-73,exact,direct AO090 match in UniProt cross-reference,False,Q2UCL1,aor:AO090012000543,,5988017
AOC01584,AO090012000544,AO090012000544,,glucose oxidase (EC 1.1.3.4),secretory_client,,unassigned,low,Secretory clients are not assigned to machinery subsystems.,,unknown,unassigned,low,none,,,False,,liu2014,database_prediction,,10.1186/1752-0509-8-73,exact,direct AO090 match in UniProt cross-reference,False,Q2UCL0,aor:AO090012000544,ko:K28748,5988018
AOC01585,AO090012000561,AO090012000561,,"DNA, SC012",secretory_client,,unassigned,low,Secretory clients are not assigned to machinery subsystems.,,unknown,unassigned,low,none,,,False,,liu2014,database_prediction,,10.1186/1752-0509-8-73,exact,direct AO090 match in UniProt cross-reference,False,Q2UCJ5,aor:AO090012000561,,5988033
AOC01586,AO090001000070,AO090001000070,,"DNA, SC001",secretory_client,,unassigned,low,Secretory clients are not assigned to machinery subsystems.,,unknown,unassigned,low,none,,,True,up,liu2014,database_prediction,,10.1186/1752-0509-8-73,exact,direct AO090 match in UniProt cross-reference,False,Q2UP85,aor:AO090001000070,,5990603
AOC01587,AO090012000646,AO090012000646,,"DNA, SC012",secretory_client,,unassigned,low,Secretory clients are not assigned to machinery subsystems.,,unknown,unassigned,low,none,,,False,,liu2014,database_prediction,,10.1186/1752-0509-8-73,exact,direct AO090 match in UniProt cross-reference,False,Q2UCC7,aor:AO090012000646,,5988447
AOC01588,AO090012000661,AO090012000661,,"DNA, SC012",secretory_client,,unassigned,low,Secretory clients are not assigned to machinery subsystems.,,unknown,unassigned,low,none,,,False,,liu2014,database_prediction,,10.1186/1752-0509-8-73,exact,direct AO090 match in UniProt cross-reference,False,Q2UCB6,aor:AO090012000661,,5988112
AOC01589,AO090012000663,AO090012000663,,"DNA, SC012",secretory_client,,unassigned,low,Secretory clients are not assigned to machinery subsystems.,,unknown,unassigned,low,none,,,False,,liu2014,database_prediction,,10.1186/1752-0509-8-73,exact,direct AO090 match in UniProt cross-reference,False,Q2UCB4,aor:AO090012000663,,5988114
AOC01590,AO090012000664,AO090012000664,,"DNA, SC012",secretory_client,,unassigned,low,Secretory clients are not assigned to machinery subsystems.,,unknown,unassigned,low,none,,,False,,liu2014,database_prediction,,10.1186/1752-0509-8-73,exact,direct AO090 match in UniProt cross-reference,False,Q2UCB3,aor:AO090012000664,,5988115
AOC01591,AO090012000667,AO090012000667,,Aspergillopepsin-1 (EC 3.4.23.18) (Aspergillopepsin I) (Aspergillopeptidase A),secretory_client,,unassigned,low,Secretory clients are not assigned to machinery subsystems.,,unknown,unassigned,low,none,,,False,,liu2014,database_prediction,,10.1186/1752-0509-8-73,exact,direct AO090 match in UniProt cross-reference,False,Q2UCB1,aor:AO090012000667,,5988117
AOC01592,AO090012000680,AO090012000680,,Lysophospholipase (EC 3.1.1.5),secretory_client,,unassigned,low,Secretory clients are not assigned to machinery subsystems.,,unknown,unassigned,low,none,,,False,,liu2014,database_prediction,,10.1186/1752-0509-8-73,exact,direct AO090 match in UniProt cross-reference,False,Q2UCA1,aor:AO090012000680,ko:K13333,5988450
AOC01593,AO090012000684,AO090012000684,,"DNA, SC012",secretory_client,,unassigned,low,Secretory clients are not assigned to machinery subsystems.,,unknown,unassigned,low,none,,,False,,liu2014,database_prediction,,10.1186/1752-0509-8-73,exact,direct AO090 match in UniProt cross-reference,False,Q2UC97,aor:AO090012000684,,5988131
AOC01594,AO090012000706,AO090012000706,,Carboxypeptidase (EC 3.4.16.-),secretory_client,,unassigned,low,Secretory clients are not assigned to machinery subsystems.,,unknown,unassigned,low,none,,,False,,liu2014,database_prediction,,10.1186/1752-0509-8-73,exact,direct AO090 match in UniProt cross-reference,False,Q2UC77,aor:AO090012000706,,
AOC01595,AO090012000708,AO090012000708,,"DNA, SC012",secretory_client,,unassigned,low,Secretory clients are not assigned to machinery subsystems.,,unknown,unassigned,low,none,,,False,,liu2014,database_prediction,,10.1186/1752-0509-8-73,exact,direct AO090 match in UniProt cross-reference,False,Q2UC76,aor:AO090012000708,,5988455
AOC01596,AO090012000721,AO090012000721,,Palmitoyl-protein thioesterase 1 (EC 3.1.2.22) (Palmitoyl-protein hydrolase 1),secretory_client,,unassigned,low,Secretory clients are not assigned to machinery subsystems.,,unknown,unassigned,low,none,,,False,,liu2014,database_prediction,,10.1186/1752-0509-8-73,exact,direct AO090 match in UniProt cross-reference,False,Q2UC65,aor:AO090012000721,ko:K01074,5988163
AOC01597,AO090012000725,AO090012000725,,alkaline phosphatase (EC 3.1.3.1),secretory_client,,unassigned,low,Secretory clients are not assigned to machinery subsystems.,,unknown,unassigned,low,none,,,False,,liu2014,database_prediction,,10.1186/1752-0509-8-73,exact,direct AO090 match in UniProt cross-reference,False,Q2UC62,aor:AO090012000725,,5988166
AOC01598,AO090012000736,AO090012000736,,"DNA, SC012",secretory_client,,unassigned,low,Secretory clients are not assigned to machinery subsystems.,,unknown,unassigned,low,none,,,False,,liu2014,database_prediction,,10.1186/1752-0509-8-73,exact,direct AO090 match in UniProt cross-reference,False,Q2UC53,aor:AO090012000736,,5988175
AOC01599,AO090012000741,AO090012000741,,"DNA, SC012",secretory_client,,unassigned,low,Secretory clients are not assigned to machinery subsystems.,,unknown,unassigned,low,none,,,False,,liu2014,database_prediction,,10.1186/1752-0509-8-73,exact,direct AO090 match in UniProt cross-reference,False,Q2UC49,aor:AO090012000741,,5988179
AOC01600,AO090012000744,AO090012000744,,"DNA, SC012",secretory_client,,unassigned,low,Secretory clients are not assigned to machinery subsystems.,,unknown,unassigned,low,none,,,False,,liu2014,database_prediction,,10.1186/1752-0509-8-73,exact,direct AO090 match in UniProt cross-reference,False,Q2UC47,aor:AO090012000744,,5988181
AOC01601,AO090012000746,AO090012000746,,"DNA, SC012",secretory_client,,unassigned,low,Secretory clients are not assigned to machinery subsystems.,,unknown,unassigned,low,none,,,False,,liu2014,database_prediction,,10.1186/1752-0509-8-73,exact,direct AO090 match in UniProt cross-reference,False,Q2UC45,aor:AO090012000746,,10100029
AOC01602,AO090012000749,AO090012000749,,Pectinesterase (EC 3.1.1.11),secretory_client,,unassigned,low,Secretory clients are not assigned to machinery subsystems.,,unknown,unassigned,low,none,,,False,,liu2014,database_prediction,,10.1186/1752-0509-8-73,exact,direct AO090 match in UniProt cross-reference,False,Q2UC42,aor:AO090012000749,ko:K01051,5988186
AOC01603,AO090012000751,AO090012000751,,"DNA, SC012",secretory_client,,unassigned,low,Secretory clients are not assigned to machinery subsystems.,,unknown,unassigned,low,none,,,False,,liu2014,database_prediction,,10.1186/1752-0509-8-73,exact,direct AO090 match in UniProt cross-reference,False,Q2UC41,aor:AO090012000751,,5988187
AOC01604,AO090012000766,AO090012000766,,Carboxylic ester hydrolase (EC 3.1.1.-),secretory_client,,unassigned,low,Secretory clients are not assigned to machinery subsystems.,,unknown,unassigned,low,none,,,False,,liu2014,database_prediction,,10.1186/1752-0509-8-73,exact,direct AO090 match in UniProt cross-reference,False,Q2UC28,aor:AO090012000766,,5988200
AOC01605,AO090012000793,AO090012000793,,"DNA, SC012",secretory_client,,unassigned,low,Secretory clients are not assigned to machinery subsystems.,,unknown,unassigned,low,none,,,False,,liu2014,database_prediction,,10.1186/1752-0509-8-73,exact,direct AO090 match in UniProt cross-reference,False,Q2UC07,aor:AO090012000793,,5988221
AOC01606,AO090012000794,AO090012000794,,"DNA, SC012",secretory_client,,unassigned,low,Secretory clients are not assigned to machinery subsystems.,,unknown,unassigned,low,none,,,False,,liu2014,database_prediction,,10.1186/1752-0509-8-73,exact,direct AO090 match in UniProt cross-reference,False,Q2UC06,aor:AO090012000794,,5988222
AOC01607,AO090012000809,AO090012000809,,"DNA, SC012",secretory_client,,unassigned,low,Secretory clients are not assigned to machinery subsystems.,,unknown,unassigned,low,none,,,False,,liu2014,database_prediction,,10.1186/1752-0509-8-73,exact,direct AO090 match in UniProt cross-reference,False,Q2UBZ1,aor:AO090012000809,ko:K01785,5988237
AOC01608,AO090012000813,AO090012000813,,"1,3-beta-glucanosyltransferase (EC 2.4.1.-)",secretory_client,,unassigned,low,Secretory clients are not assigned to machinery subsystems.,,unknown,unassigned,low,none,,,False,,liu2014,database_prediction,,10.1186/1752-0509-8-73,exact,direct AO090 match in UniProt cross-reference,False,Q2UBY7,aor:AO090012000813,,
AOC01609,AO090012000829,AO090012000829,,"DNA, SC012",secretory_client,,unassigned,low,Secretory clients are not assigned to machinery subsystems.,,unknown,unassigned,low,none,,,False,,liu2014,database_prediction,,10.1186/1752-0509-8-73,exact,direct AO090 match in UniProt cross-reference,False,Q2UBX2,aor:AO090012000829,,5988256
AOC01610,AO090012000878,AO090012000878,,"DNA, SC012",secretory_client,,unassigned,low,Secretory clients are not assigned to machinery subsystems.,,unknown,unassigned,low,none,,,False,,liu2014,database_prediction,,10.1186/1752-0509-8-73,exact,direct AO090 match in UniProt cross-reference,False,Q2UBT1,aor:AO090012000878,,5988297
AOC01611,AO090012000910,AO090012000910,,"DNA, SC012",secretory_client,,unassigned,low,Secretory clients are not assigned to machinery subsystems.,,unknown,unassigned,low,none,,,False,,liu2014,database_prediction,,10.1186/1752-0509-8-73,exact,direct AO090 match in UniProt cross-reference,False,Q2UBQ4,aor:AO090012000910,,5988324
AOC01612,AO090012000917,AO090012000917,,"glucan 1,3-beta-glucosidase (EC 3.2.1.58) (Exo-1,3-beta-glucanase 1) (Exo-1,3-beta-glucanase A)",secretory_client,,unassigned,low,Secretory clients are not assigned to machinery subsystems.,,unknown,unassigned,low,none,,,False,,liu2014,database_prediction,,10.1186/1752-0509-8-73,exact,direct AO090 match in UniProt cross-reference,False,Q2UBP7,aor:AO090012000917,,5988331
AOC01613,AO090012000941,AO090012000941,cbhA,"Probable 1,4-beta-D-glucan cellobiohydrolase A (EC 3.2.1.91) (Beta-glucancellobiohydrolase A) (Cellobiohydrolase D) (Exocellobiohydrolase A) (Exoglucanase A)",secretory_client,,unassigned,low,Secretory clients are not assigned to machinery subsystems.,,unknown,unassigned,low,none,,,False,,liu2014,database_prediction,,10.1186/1752-0509-8-73,exact,direct AO090 match in UniProt cross-reference,False,Q2UBM3,,ko:K01225,
AOC01614,AO090012000962,AO090012000962,,"DNA, SC012",secretory_client,,unassigned,low,Secretory clients are not assigned to machinery subsystems.,,unknown,unassigned,low,none,,,False,,liu2014,database_prediction,,10.1186/1752-0509-8-73,exact,direct AO090 match in UniProt cross-reference,False,Q2UBK4,aor:AO090012000962,,5988374
AOC01615,AO090012001025,AO090012001025,,Extracellular metalloprotease AO090012001025 (EC 3.4.24.-),secretory_client,,unassigned,low,Secretory clients are not assigned to machinery subsystems.,,unknown,unassigned,low,none,,,False,,liu2014,database_prediction,,10.1186/1752-0509-8-73,exact,direct AO090 match in UniProt cross-reference,False,Q2UBF0,aor:AO090012001025,,5988428
AOC01616,AO090020000075,AO090020000075,,"DNA, SC020",secretory_client,,unassigned,low,Secretory clients are not assigned to machinery subsystems.,,unknown,unassigned,low,none,,,False,,liu2014,database_prediction,,10.1186/1752-0509-8-73,exact,direct AO090 match in UniProt cross-reference,False,Q2U547,aor:AO090020000075,,5996537
AOC01617,AO090020000092,AO090020000092,,Anaphase-promoting complex subunit 5 (Cyclosome subunit 5),secretory_client,,unassigned,low,Secretory clients are not assigned to machinery subsystems.,,unknown,unassigned,low,none,,,False,,liu2014,database_prediction,,10.1186/1752-0509-8-73,exact,direct AO090 match in UniProt cross-reference,False,Q2U535,aor:AO090020000092,ko:K03352,5996549
AOC01618,AO090020000095,AO090020000095,,"DNA, SC020",secretory_client,,unassigned,low,Secretory clients are not assigned to machinery subsystems.,,unknown,unassigned,low,none,,,False,,liu2014,database_prediction,,10.1186/1752-0509-8-73,exact,direct AO090 match in UniProt cross-reference,False,Q2U533,aor:AO090020000095,,5996551
AOC01619,AO090020000142,AO090020000142,,"DNA, SC020",secretory_client,,unassigned,low,Secretory clients are not assigned to machinery subsystems.,,unknown,unassigned,low,none,,,False,,liu2014,database_prediction,,10.1186/1752-0509-8-73,exact,direct AO090 match in UniProt cross-reference,False,Q2U4Z4,aor:AO090020000142,,5996590
AOC01620,AO090026000662,AO090026000662,,"DNA, SC026",secretory_client,,unassigned,low,Secretory clients are not assigned to machinery subsystems.,,unknown,unassigned,low,none,,,True,up,liu2014,database_prediction,,10.1186/1752-0509-8-73,exact,direct AO090 match in UniProt cross-reference,False,Q2UED6,aor:AO090026000662,,5994109
AOC01621,AO090020000165,AO090020000165,,"DNA, SC020",secretory_client,,unassigned,low,Secretory clients are not assigned to machinery subsystems.,,unknown,unassigned,low,none,,,False,,liu2014,database_prediction,,10.1186/1752-0509-8-73,exact,direct AO090 match in UniProt cross-reference,False,Q2U4X3,aor:AO090020000165,,5996611
AOC01622,AO090003001168,AO090003001168,,"DNA, SC003",secretory_client,,unassigned,low,Secretory clients are not assigned to machinery subsystems.,,unknown,unassigned,low,none,,,True,up,liu2014,database_prediction,,10.1186/1752-0509-8-73,exact,direct AO090 match in UniProt cross-reference,False,Q2UJL1,aor:AO090003001168,,5992239
AOC01623,AO090020000182,AO090020000182,,"DNA, SC020",secretory_client,,unassigned,low,Secretory clients are not assigned to machinery subsystems.,,unknown,unassigned,low,none,,,False,,liu2014,database_prediction,,10.1186/1752-0509-8-73,exact,direct AO090 match in UniProt cross-reference,False,Q2U4W0,aor:AO090020000182,,5996624
AOC01624,AO090701000126,AO090701000126,,"DNA, SC111",secretory_client,,unassigned,low,Secretory clients are not assigned to machinery subsystems.,,unknown,unassigned,low,none,,,True,up,liu2014,database_prediction,,10.1186/1752-0509-8-73,exact,direct AO090 match in UniProt cross-reference,False,Q2U991,aor:AO090701000126,ko:K26384,5995064
AOC01625,AO090020000203,AO090020000203,,"N-acetylgalactosaminide beta-1,3-galactosyltransferase (EC 2.4.1.122)",secretory_client,,unassigned,low,Secretory clients are not assigned to machinery subsystems.,,unknown,unassigned,low,none,,,False,,liu2014,database_prediction,,10.1186/1752-0509-8-73,exact,direct AO090 match in UniProt cross-reference,False,Q2U4U3,aor:AO090020000203,,5996641
AOC01626,AO090020000207,AO090020000207,,chitinase (EC 3.2.1.14),secretory_client,,unassigned,low,Secretory clients are not assigned to machinery subsystems.,,unknown,unassigned,low,none,,,False,,liu2014,database_prediction,,10.1186/1752-0509-8-73,exact,direct AO090 match in UniProt cross-reference,False,Q2U4T9,aor:AO090020000207,,5996645
AOC01627,AO090020000212,AO090020000212,,"DNA, SC020",secretory_client,,unassigned,low,Secretory clients are not assigned to machinery subsystems.,,unknown,unassigned,low,none,,,False,,liu2014,database_prediction,,10.1186/1752-0509-8-73,exact,direct AO090 match in UniProt cross-reference,False,Q2U4T4,aor:AO090020000212,,5996650
AOC01628,AO090020000231,AO090020000231,,chitinase (EC 3.2.1.14),secretory_client,,unassigned,low,Secretory clients are not assigned to machinery subsystems.,,unknown,unassigned,low,none,,,False,,liu2014,database_prediction,,10.1186/1752-0509-8-73,exact,direct AO090 match in UniProt cross-reference,False,Q2U4R7,aor:AO090020000231,ko:K01183,
AOC01629,AO090020000233,AO090020000233,,"DNA, SC020",secretory_client,,unassigned,low,Secretory clients are not assigned to machinery subsystems.,,unknown,unassigned,low,none,,,False,,liu2014,database_prediction,,10.1186/1752-0509-8-73,exact,direct AO090 match in UniProt cross-reference,False,Q2U4R5,aor:AO090020000233,,5996669
AOC01630,AO090020000239,AO090020000239,,"DNA, SC020",secretory_client,,unassigned,low,Secretory clients are not assigned to machinery subsystems.,,unknown,unassigned,low,none,,,False,,liu2014,database_prediction,,10.1186/1752-0509-8-73,exact,direct AO090 match in UniProt cross-reference,False,Q2U4Q9,aor:AO090020000239,,5996675
AOC01631,AO090020000248,AO090020000248,,"DNA, SC020",secretory_client,,unassigned,low,Secretory clients are not assigned to machinery subsystems.,,unknown,unassigned,low,none,,,False,,liu2014,database_prediction,,10.1186/1752-0509-8-73,exact,direct AO090 match in UniProt cross-reference,False,Q2U4Q1,aor:AO090020000248,,5996683
AOC01632,AO090020000257,AO090020000257,,"DNA, SC020",secretory_client,,unassigned,low,Secretory clients are not assigned to machinery subsystems.,,unknown,unassigned,low,none,,,False,,liu2014,database_prediction,,10.1186/1752-0509-8-73,exact,direct AO090 match in UniProt cross-reference,False,Q2U4P3,aor:AO090020000257,,5996691
AOC01633,AO090020000258,AO090020000258,,"DNA, SC020",secretory_client,,unassigned,low,Secretory clients are not assigned to machinery subsystems.,,unknown,unassigned,low,none,,,False,,liu2014,database_prediction,,10.1186/1752-0509-8-73,exact,direct AO090 match in UniProt cross-reference,False,Q2U4P2,aor:AO090020000258,,5996692
AOC01634,AO090020000276,AO090020000276,,"DNA, SC020",secretory_client,,unassigned,low,Secretory clients are not assigned to machinery subsystems.,,unknown,unassigned,low,none,,,False,,liu2014,database_prediction,,10.1186/1752-0509-8-73,exact,direct AO090 match in UniProt cross-reference,False,Q2U4M8,aor:AO090020000276,,5996706
AOC01635,AO090020000282,AO090020000282,,"DNA, SC020",secretory_client,,unassigned,low,Secretory clients are not assigned to machinery subsystems.,,unknown,unassigned,low,none,,,False,,liu2014,database_prediction,,10.1186/1752-0509-8-73,exact,direct AO090 match in UniProt cross-reference,False,Q2U4M3,aor:AO090020000282,,5996711
AOC01636,AO090020000285,AO090020000285,,"DNA, SC020",secretory_client,,unassigned,low,Secretory clients are not assigned to machinery subsystems.,,unknown,unassigned,low,none,,,False,,liu2014,database_prediction,,10.1186/1752-0509-8-73,exact,direct AO090 match in UniProt cross-reference,False,Q2U4M0,aor:AO090020000285,,5996714
AOC01637,AO090026000221,AO090026000221,,"DNA, SC026",secretory_client,,unassigned,low,Secretory clients are not assigned to machinery subsystems.,,unknown,unassigned,low,none,,,True,up,liu2014,database_prediction,,10.1186/1752-0509-8-73,exact,direct AO090 match in UniProt cross-reference,False,Q2UFG2,aor:AO090026000221,,5993733
AOC01638,AO090020000357,AO090020000357,,sterol 14alpha-demethylase (EC 1.14.14.154),secretory_client,,unassigned,low,Secretory clients are not assigned to machinery subsystems.,,unknown,unassigned,low,none,,,False,,liu2014,database_prediction,,10.1186/1752-0509-8-73,exact,direct AO090 match in UniProt cross-reference,False,Q2U4G1,aor:AO090020000357,ko:K05917,5996773
AOC01639,AO090020000381,AO090020000381,,"DNA, SC020",secretory_client,,unassigned,low,Secretory clients are not assigned to machinery subsystems.,,unknown,unassigned,low,none,,,False,,liu2014,database_prediction,,10.1186/1752-0509-8-73,exact,direct AO090 match in UniProt cross-reference,False,Q2U4D9,aor:AO090020000381,,5996795
AOC01640,AO090020000387,AO090020000387,,nitrilase (EC 3.5.5.1),secretory_client,,unassigned,low,Secretory clients are not assigned to machinery subsystems.,,unknown,unassigned,low,none,,,False,,liu2014,database_prediction,,10.1186/1752-0509-8-73,exact,direct AO090 match in UniProt cross-reference,False,Q2U4D4,aor:AO090020000387,ko:K01501,5996800
AOC01641,AO090020000404,AO090020000404,,pectinesterase (EC 3.1.1.11),secretory_client,,unassigned,low,Secretory clients are not assigned to machinery subsystems.,,unknown,unassigned,low,none,,,False,,liu2014,database_prediction,,10.1186/1752-0509-8-73,exact,direct AO090 match in UniProt cross-reference,False,Q2U4C1,aor:AO090020000404,,5996813
AOC01642,AO090020000407,AO090020000407,,"DNA, SC020",secretory_client,,unassigned,low,Secretory clients are not assigned to machinery subsystems.,,unknown,unassigned,low,none,,,False,,liu2014,database_prediction,,10.1186/1752-0509-8-73,exact,direct AO090 match in UniProt cross-reference,False,Q2U4B8,aor:AO090020000407,,5996816
AOC01643,AO090020000419,AO090020000419,,"DNA, SC020",secretory_client,,unassigned,low,Secretory clients are not assigned to machinery subsystems.,,unknown,unassigned,low,none,,,False,,liu2014,database_prediction,,10.1186/1752-0509-8-73,exact,direct AO090 match in UniProt cross-reference,False,Q2U4A7,aor:AO090020000419,,5996827
AOC01644,AO090020000438,AO090020000438,,"DNA, SC020",secretory_client,,unassigned,low,Secretory clients are not assigned to machinery subsystems.,,unknown,unassigned,low,none,,,False,,liu2014,database_prediction,,10.1186/1752-0509-8-73,exact,direct AO090 match in UniProt cross-reference,False,Q2U490,aor:AO090020000438,,5996844
AOC01645,AO090020000459,AO090020000459,,"DNA, SC020",secretory_client,,unassigned,low,Secretory clients are not assigned to machinery subsystems.,,unknown,unassigned,low,none,,,False,,liu2014,database_prediction,,10.1186/1752-0509-8-73,exact,direct AO090 match in UniProt cross-reference,False,Q2U472,aor:AO090020000459,,5996862
AOC01646,AO090020000460,AO090020000460,,"DNA, SC020",secretory_client,,unassigned,low,Secretory clients are not assigned to machinery subsystems.,,unknown,unassigned,low,none,,,False,,liu2014,database_prediction,,10.1186/1752-0509-8-73,exact,direct AO090 match in UniProt cross-reference,False,Q2U471,aor:AO090020000460,,5996863
AOC01647,AO090020000461,AO090020000461,,"DNA, SC020",secretory_client,,unassigned,low,Secretory clients are not assigned to machinery subsystems.,,unknown,unassigned,low,none,,,False,,liu2014,database_prediction,,10.1186/1752-0509-8-73,exact,direct AO090 match in UniProt cross-reference,False,Q2U470,aor:AO090020000461,,10099778
AOC01648,AO090020000468,AO090020000468,,Dolichyl-diphosphooligosaccharide--protein glycosyltransferase subunit WBP1 (Oligosaccharyl transferase subunit WBP1),secretory_client,,unassigned,low,Secretory clients are not assigned to machinery subsystems.,,unknown,unassigned,low,none,,,False,,liu2014,database_prediction,,10.1186/1752-0509-8-73,exact,direct AO090 match in UniProt cross-reference,False,Q2U468,aor:AO090020000468,ko:K12670,5997085
AOC01649,AO090020000482,AO090020000482,,"DNA, SC020",secretory_client,,unassigned,low,Secretory clients are not assigned to machinery subsystems.,,unknown,unassigned,low,none,,,False,,liu2014,database_prediction,,10.1186/1752-0509-8-73,exact,direct AO090 match in UniProt cross-reference,False,Q2U459,aor:AO090020000482,,5996875
AOC01650,AO090020000490,AO090020000490,,"DNA, SC020",secretory_client,,unassigned,low,Secretory clients are not assigned to machinery subsystems.,,unknown,unassigned,low,none,,,False,,liu2014,database_prediction,,10.1186/1752-0509-8-73,exact,direct AO090 match in UniProt cross-reference,False,Q2U453,aor:AO090020000490,ko:K01052,5996881
AOC01651,AO090020000496,AO090020000496,,"DNA, SC020",secretory_client,,unassigned,low,Secretory clients are not assigned to machinery subsystems.,,unknown,unassigned,low,none,,,False,,liu2014,database_prediction,,10.1186/1752-0509-8-73,exact,direct AO090 match in UniProt cross-reference,False,Q2U447,aor:AO090020000496,,5996887
AOC01652,AO090020000508,AO090020000508,,"DNA, SC020",secretory_client,,unassigned,low,Secretory clients are not assigned to machinery subsystems.,,unknown,unassigned,low,none,,,False,,liu2014,database_prediction,,10.1186/1752-0509-8-73,exact,direct AO090 match in UniProt cross-reference,False,Q2U436,aor:AO090020000508,,5996898
AOC01653,AO090020000512,AO090020000512,,"DNA, SC020",secretory_client,,unassigned,low,Secretory clients are not assigned to machinery subsystems.,,unknown,unassigned,low,none,,,False,,liu2014,database_prediction,,10.1186/1752-0509-8-73,exact,direct AO090 match in UniProt cross-reference,False,Q2U433,aor:AO090020000512,,5996901
AOC01654,AO090020000514,AO090020000514,,"DNA, SC020",secretory_client,,unassigned,low,Secretory clients are not assigned to machinery subsystems.,,unknown,unassigned,low,none,,,False,,liu2014,database_prediction,,10.1186/1752-0509-8-73,exact,direct AO090 match in UniProt cross-reference,False,Q2U431,aor:AO090020000514,,5996903
AOC01655,AO090020000517,AO090020000517,,"DNA, SC020",secretory_client,,unassigned,low,Secretory clients are not assigned to machinery subsystems.,,unknown,unassigned,low,none,,,False,,liu2014,database_prediction,,10.1186/1752-0509-8-73,exact,direct AO090 match in UniProt cross-reference,False,Q2U428,aor:AO090020000517,ko:K18549,5996906
AOC01656,AO090020000530,AO090020000530,,ER membrane protein complex subunit 1,secretory_client,,unassigned,low,Secretory clients are not assigned to machinery subsystems.,,unknown,unassigned,low,none,,,False,,liu2014,database_prediction,,10.1186/1752-0509-8-73,exact,direct AO090 match in UniProt cross-reference,False,Q2U417,aor:AO090020000530,ko:K23562,5996917
AOC01657,AO090020000542,AO090020000542,,"DNA, SC020",secretory_client,,unassigned,low,Secretory clients are not assigned to machinery subsystems.,,unknown,unassigned,low,none,,,False,,liu2014,database_prediction,,10.1186/1752-0509-8-73,exact,direct AO090 match in UniProt cross-reference,False,Q2U407,aor:AO090020000542,,5996927
AOC01658,AO090020000559,AO090020000559,,"DNA, SC020",secretory_client,,unassigned,low,Secretory clients are not assigned to machinery subsystems.,,unknown,unassigned,low,none,,,False,,liu2014,database_prediction,,10.1186/1752-0509-8-73,exact,direct AO090 match in UniProt cross-reference,False,Q2U3Z2,aor:AO090020000559,,5996942
AOC01659,AO090020000562,AO090020000562,,"DNA, SC020",secretory_client,,unassigned,low,Secretory clients are not assigned to machinery subsystems.,,unknown,unassigned,low,none,,,False,,liu2014,database_prediction,,10.1186/1752-0509-8-73,exact,direct AO090 match in UniProt cross-reference,False,Q2U3Y9,aor:AO090020000562,,5996945
AOC01660,AO090020000588,AO090020000588,rolA,Class I hydrophobin A (RodA-like protein A),secretory_client,,unassigned,low,Secretory clients are not assigned to machinery subsystems.,,unknown,unassigned,low,none,,,False,,liu2014,database_prediction,,10.1186/1752-0509-8-73,exact,direct AO090 match in UniProt cross-reference,False,Q2U3W7,aor:AO090020000588,,5996967
AOC01661,AO090020000631,AO090020000631,,"DNA, SC020",secretory_client,,unassigned,low,Secretory clients are not assigned to machinery subsystems.,,unknown,unassigned,low,none,,,False,,liu2014,database_prediction,,10.1186/1752-0509-8-73,exact,direct AO090 match in UniProt cross-reference,False,Q2U3T0,aor:AO090020000631,,5997004
AOC01662,AO090020000650,AO090020000650,,"DNA, SC020",secretory_client,,unassigned,low,Secretory clients are not assigned to machinery subsystems.,,unknown,unassigned,low,none,,,False,,liu2014,database_prediction,,10.1186/1752-0509-8-73,exact,direct AO090 match in UniProt cross-reference,False,Q2U3R5,aor:AO090020000650,,5997019
AOC01663,AO090020000661,AO090020000661,,"DNA, SC020",secretory_client,,unassigned,low,Secretory clients are not assigned to machinery subsystems.,,unknown,unassigned,low,none,,,False,,liu2014,database_prediction,,10.1186/1752-0509-8-73,exact,direct AO090 match in UniProt cross-reference,False,Q2U3Q6,aor:AO090020000661,,5997028
AOC01664,AO090020000697,AO090020000697,csn,Endo-chitosanase (EC 3.2.1.132),secretory_client,,unassigned,low,Secretory clients are not assigned to machinery subsystems.,,unknown,unassigned,low,none,,,False,,liu2014,database_prediction,,10.1186/1752-0509-8-73,exact,direct AO090 match in UniProt cross-reference,False,Q2U3M5,aor:AO090020000697,,5997059
AOC01665,AO090020000698,AO090020000698,,"DNA, SC020",secretory_client,,unassigned,low,Secretory clients are not assigned to machinery subsystems.,,unknown,unassigned,low,none,,,False,,liu2014,database_prediction,,10.1186/1752-0509-8-73,exact,direct AO090 match in UniProt cross-reference,False,Q2U3M4,aor:AO090020000698,,5997060
AOC01666,AO090020000702,AO090020000702,,Fungal defensin oryzeasin,secretory_client,,unassigned,low,Secretory clients are not assigned to machinery subsystems.,,unknown,unassigned,low,none,,,False,,liu2014,database_prediction,,10.1186/1752-0509-8-73,exact,direct AO090 match in UniProt cross-reference,False,Q2U3M0,,,
AOC01667,AO090020000712,AO090020000712,,non-reducing end alpha-L-arabinofuranosidase (EC 3.2.1.55),secretory_client,,unassigned,low,Secretory clients are not assigned to machinery subsystems.,,unknown,unassigned,low,none,,,False,,liu2014,database_prediction,,10.1186/1752-0509-8-73,exact,direct AO090 match in UniProt cross-reference,False,Q2U3L1,aor:AO090020000712,ko:K01209,5997073
AOC01668,AO090020000715,AO090020000715,,"DNA, SC020",secretory_client,,unassigned,low,Secretory clients are not assigned to machinery subsystems.,,unknown,unassigned,low,none,,,False,,liu2014,database_prediction,,10.1186/1752-0509-8-73,exact,direct AO090 match in UniProt cross-reference,False,Q2U3K8,aor:AO090020000715,,5997076
AOC01669,AO090023000001,AO090023000001,abfB,Alpha-L-arabinofuranosidase B (ABF B) (Arabinosidase B) (EC 3.2.1.55),secretory_client,,unassigned,low,Secretory clients are not assigned to machinery subsystems.,,unknown,unassigned,low,none,,,False,,liu2014,database_prediction,,10.1186/1752-0509-8-73,exact,direct AO090 match in UniProt cross-reference,False,Q2UIM2,aor:AO090023000001,ko:K20844,5993498
AOC01670,AO090023000004,AO090023000004,,"DNA, SC023",secretory_client,,unassigned,low,Secretory clients are not assigned to machinery subsystems.,,unknown,unassigned,low,none,,,False,,liu2014,database_prediction,,10.1186/1752-0509-8-73,exact,direct AO090 match in UniProt cross-reference,False,Q2UIL9,aor:AO090023000004,,5992600
AOC01671,AO090023000017,AO090023000017,,"DNA, SC023",secretory_client,,unassigned,low,Secretory clients are not assigned to machinery subsystems.,,unknown,unassigned,low,none,,,False,,liu2014,database_prediction,,10.1186/1752-0509-8-73,exact,direct AO090 match in UniProt cross-reference,False,Q2UIK8,aor:AO090023000017,,5992611
AOC01672,AO090023000024,AO090023000024,,"DNA, SC023",secretory_client,,unassigned,low,Secretory clients are not assigned to machinery subsystems.,,unknown,unassigned,low,none,,,False,,liu2014,database_prediction,,10.1186/1752-0509-8-73,exact,direct AO090 match in UniProt cross-reference,False,Q2UIK2,aor:AO090023000024,,5992617
AOC01673,AO090023000027,AO090023000027,,"DNA, SC023",secretory_client,,unassigned,low,Secretory clients are not assigned to machinery subsystems.,,unknown,unassigned,low,none,,,False,,liu2014,database_prediction,,10.1186/1752-0509-8-73,exact,direct AO090 match in UniProt cross-reference,False,Q2UIJ9,aor:AO090023000027,,5992620
AOC01674,AO090023000038,AO090023000038,,Purple acid phosphatase (EC 3.1.3.2),secretory_client,,unassigned,low,Secretory clients are not assigned to machinery subsystems.,,unknown,unassigned,low,none,,,False,,liu2014,database_prediction,,10.1186/1752-0509-8-73,exact,direct AO090 match in UniProt cross-reference,False,Q2UII9,aor:AO090023000038,ko:K22390,5992630
AOC01675,AO090023000044,AO090023000044,,"DNA, SC023",secretory_client,,unassigned,low,Secretory clients are not assigned to machinery subsystems.,,unknown,unassigned,low,none,,,False,,liu2014,database_prediction,,10.1186/1752-0509-8-73,exact,direct AO090 match in UniProt cross-reference,False,Q2UII4,aor:AO090023000044,,5992635
AOC01676,AO090023000047,AO090023000047,,Carboxylic ester hydrolase (EC 3.1.1.-),secretory_client,,unassigned,low,Secretory clients are not assigned to machinery subsystems.,,unknown,unassigned,low,none,,,False,,liu2014,database_prediction,,10.1186/1752-0509-8-73,exact,direct AO090 match in UniProt cross-reference,False,Q2UII1,aor:AO090023000047,ko:K10759,5992638
AOC01677,AO090023000052,AO090023000052,,"N,O-diacetylmuramidase (EC 3.2.1.17) (Lysozyme CH)",secretory_client,,unassigned,low,Secretory clients are not assigned to machinery subsystems.,,unknown,unassigned,low,none,,,False,,liu2014,database_prediction,,10.1186/1752-0509-8-73,exact,direct AO090 match in UniProt cross-reference,False,Q2UIH6,aor:AO090023000052,,5992643
AOC01678,AO090023000053,AO090023000053,,"DNA, SC023",secretory_client,,unassigned,low,Secretory clients are not assigned to machinery subsystems.,,unknown,unassigned,low,none,,,False,,liu2014,database_prediction,,10.1186/1752-0509-8-73,exact,direct AO090 match in UniProt cross-reference,False,Q2UIH5,aor:AO090023000053,,5992644
AOC01679,AO090023000056,AO090023000056,,"AA9 family lytic polysaccharide monooxygenase (EC 1.14.99.56) (Endo-beta-1,4-glucanase) (Glycosyl hydrolase 61 family protein)",secretory_client,,unassigned,low,Secretory clients are not assigned to machinery subsystems.,,unknown,unassigned,low,none,,,False,,liu2014,database_prediction,,10.1186/1752-0509-8-73,exact,direct AO090 match in UniProt cross-reference,False,Q2UIH2,aor:AO090023000056,,5992647
AOC01680,AO090023000058,AO090023000058,,Cutinase (EC 3.1.1.74),secretory_client,,unassigned,low,Secretory clients are not assigned to machinery subsystems.,,unknown,unassigned,low,none,,,False,,liu2014,database_prediction,,10.1186/1752-0509-8-73,exact,direct AO090 match in UniProt cross-reference,False,Q2UIH1,aor:AO090023000058,ko:K08095,5992648
AOC01681,AO090023000059,AO090023000059,,"DNA, SC023",secretory_client,,unassigned,low,Secretory clients are not assigned to machinery subsystems.,,unknown,unassigned,low,none,,,False,,liu2014,database_prediction,,10.1186/1752-0509-8-73,exact,direct AO090 match in UniProt cross-reference,False,Q2UIH0,aor:AO090023000059,,5992649
AOC01682,AO090023000079,AO090023000079,,"DNA, SC023",secretory_client,,unassigned,low,Secretory clients are not assigned to machinery subsystems.,,unknown,unassigned,low,none,,,False,,liu2014,database_prediction,,10.1186/1752-0509-8-73,exact,direct AO090 match in UniProt cross-reference,False,Q2UIF0,aor:AO090023000079,,5992669
AOC01683,AO090023000080,AO090023000080,,Carboxylic ester hydrolase (EC 3.1.1.-),secretory_client,,unassigned,low,Secretory clients are not assigned to machinery subsystems.,,unknown,unassigned,low,none,,,False,,liu2014,database_prediction,,10.1186/1752-0509-8-73,exact,direct AO090 match in UniProt cross-reference,False,Q2UIE9,aor:AO090023000080,ko:K01049,5992670
AOC01684,AO090023000089,AO090023000089,,"DNA, SC023",secretory_client,,unassigned,low,Secretory clients are not assigned to machinery subsystems.,,unknown,unassigned,low,none,,,False,,liu2014,database_prediction,,10.1186/1752-0509-8-73,exact,direct AO090 match in UniProt cross-reference,False,Q2UIE1,aor:AO090023000089,,5992678
AOC01685,AO090023000094,AO090023000094,,"DNA, SC023",secretory_client,,unassigned,low,Secretory clients are not assigned to machinery subsystems.,,unknown,unassigned,low,none,,,False,,liu2014,database_prediction,,10.1186/1752-0509-8-73,exact,direct AO090 match in UniProt cross-reference,False,Q2UID9,aor:AO090023000094,,5992680
AOC01686,AO090023000113,AO090023000113,,"DNA, SC023",secretory_client,,unassigned,low,Secretory clients are not assigned to machinery subsystems.,,unknown,unassigned,low,none,,,False,,liu2014,database_prediction,,10.1186/1752-0509-8-73,exact,direct AO090 match in UniProt cross-reference,False,Q2UIC4,aor:AO090023000113,,5992695
AOC01687,AO090023000117,AO090023000117,,"DNA, SC023",secretory_client,,unassigned,low,Secretory clients are not assigned to machinery subsystems.,,unknown,unassigned,low,none,,,False,,liu2014,database_prediction,,10.1186/1752-0509-8-73,exact,direct AO090 match in UniProt cross-reference,False,Q2UIC0,aor:AO090023000117,,35119722
AOC01688,AO090026000357,AO090026000357,,"DNA, SC026",secretory_client,,unassigned,low,Secretory clients are not assigned to machinery subsystems.,,unknown,unassigned,low,none,,,True,up,liu2014,database_prediction,,10.1186/1752-0509-8-73,exact,direct AO090 match in UniProt cross-reference,False,Q2UF42,aor:AO090026000357,,
AOC01689,AO090023000135,AO090023000135,,"DNA, SC023",secretory_client,,unassigned,low,Secretory clients are not assigned to machinery subsystems.,,unknown,unassigned,low,none,,,False,,liu2014,database_prediction,,10.1186/1752-0509-8-73,exact,direct AO090 match in UniProt cross-reference,False,Q2UIA2,aor:AO090023000135,,5992717
AOC01690,AO090023000157,AO090023000157,,"DNA, SC023",secretory_client,,unassigned,low,Secretory clients are not assigned to machinery subsystems.,,unknown,unassigned,low,none,,,False,,liu2014,database_prediction,,10.1186/1752-0509-8-73,exact,direct AO090 match in UniProt cross-reference,False,Q2UI82,aor:AO090023000157,,5992737
AOC01691,AO090023000158,AO090023000158,faeC,Probable feruloyl esterase C (EC 3.1.1.73) (Ferulic acid esterase C),secretory_client,,unassigned,low,Secretory clients are not assigned to machinery subsystems.,,unknown,unassigned,low,none,,,False,,liu2014,database_prediction,,10.1186/1752-0509-8-73,exact,direct AO090 match in UniProt cross-reference,False,Q2UI81,,,
AOC01692,AO090023000159,AO090023000159,,"AA9 family lytic polysaccharide monooxygenase (EC 1.14.99.56) (Endo-beta-1,4-glucanase) (Glycosyl hydrolase 61 family protein)",secretory_client,,unassigned,low,Secretory clients are not assigned to machinery subsystems.,,unknown,unassigned,low,none,,,False,,liu2014,database_prediction,,10.1186/1752-0509-8-73,exact,direct AO090 match in UniProt cross-reference,False,Q2UI80,aor:AO090023000159,,5992739
AOC01693,AO090023000165,AO090023000165,abnB,"Probable arabinan endo-1,5-alpha-L-arabinosidase B (EC 3.2.1.99) (Endo-1,5-alpha-L-arabinanase B) (ABN B)",secretory_client,,unassigned,low,Secretory clients are not assigned to machinery subsystems.,,unknown,unassigned,low,none,,,False,,liu2014,database_prediction,,10.1186/1752-0509-8-73,exact,direct AO090 match in UniProt cross-reference,False,Q2UI74,,ko:K06113,
AOC01694,AO090023000216,AO090023000216,,"DNA, SC023",secretory_client,,unassigned,low,Secretory clients are not assigned to machinery subsystems.,,unknown,unassigned,low,none,,,False,,liu2014,database_prediction,,10.1186/1752-0509-8-73,exact,direct AO090 match in UniProt cross-reference,False,Q2UI27,aor:AO090023000216,,5992792
AOC01695,AO090023000224,AO090023000224,,"DNA, SC023",secretory_client,,unassigned,low,Secretory clients are not assigned to machinery subsystems.,,unknown,unassigned,low,none,,,False,,liu2014,database_prediction,,10.1186/1752-0509-8-73,exact,direct AO090 match in UniProt cross-reference,False,Q2UI19,aor:AO090023000224,,5992800
AOC01696,AO090023000263,AO090023000263,,"DNA, SC023",secretory_client,,unassigned,low,Secretory clients are not assigned to machinery subsystems.,,unknown,unassigned,low,none,,,False,,liu2014,database_prediction,,10.1186/1752-0509-8-73,exact,direct AO090 match in UniProt cross-reference,False,Q2UHY2,aor:AO090023000263,ko:K01279,5992837
AOC01697,AO090023000269,AO090023000269,,"DNA, SC023",secretory_client,,unassigned,low,Secretory clients are not assigned to machinery subsystems.,,unknown,unassigned,low,none,,,False,,liu2014,database_prediction,,10.1186/1752-0509-8-73,exact,direct AO090 match in UniProt cross-reference,False,Q2UHX6,aor:AO090023000269,,5992843
AOC01698,AO090023000278,AO090023000278,,"DNA, SC023",secretory_client,,unassigned,low,Secretory clients are not assigned to machinery subsystems.,,unknown,unassigned,low,none,,,False,,liu2014,database_prediction,,10.1186/1752-0509-8-73,exact,direct AO090 match in UniProt cross-reference,False,Q2UHX2,aor:AO090023000278,,5992847
AOC01699,AO090023000298,AO090023000298,,"DNA, SC023",secretory_client,,unassigned,low,Secretory clients are not assigned to machinery subsystems.,,unknown,unassigned,low,none,,,False,,liu2014,database_prediction,,10.1186/1752-0509-8-73,exact,direct AO090 match in UniProt cross-reference,False,Q2UHV3,aor:AO090023000298,,5992866
AOC01700,AO090023000324,AO090023000324,,"DNA, SC023",secretory_client,,unassigned,low,Secretory clients are not assigned to machinery subsystems.,,unknown,unassigned,low,none,,,False,,liu2014,database_prediction,,10.1186/1752-0509-8-73,exact,direct AO090 match in UniProt cross-reference,False,Q2UHT0,aor:AO090023000324,,5992889
AOC01701,AO090023000325,AO090023000325,,"DNA, SC023",secretory_client,,unassigned,low,Secretory clients are not assigned to machinery subsystems.,,unknown,unassigned,low,none,,,False,,liu2014,database_prediction,,10.1186/1752-0509-8-73,exact,direct AO090 match in UniProt cross-reference,False,Q2UHS9,aor:AO090023000325,,5992890
AOC01702,AO090010000492,AO090010000492,,"DNA, SC010",secretory_client,,unassigned,low,Secretory clients are not assigned to machinery subsystems.,,unknown,unassigned,low,none,,,True,up,liu2014,database_prediction,,10.1186/1752-0509-8-73,exact,direct AO090 match in UniProt cross-reference,False,Q2TWN0,aor:AO090010000492,,5999610
AOC01703,AO090023000351,AO090023000351,,"DNA, SC023",secretory_client,,unassigned,low,Secretory clients are not assigned to machinery subsystems.,,unknown,unassigned,low,none,,,False,,liu2014,database_prediction,,10.1186/1752-0509-8-73,exact,direct AO090 match in UniProt cross-reference,False,Q2UHQ7,aor:AO090023000351,,5992912
AOC01704,AO090023000365,AO090023000365,,"DNA, SC023",secretory_client,,unassigned,low,Secretory clients are not assigned to machinery subsystems.,,unknown,unassigned,low,none,,,False,,liu2014,database_prediction,,10.1186/1752-0509-8-73,exact,direct AO090 match in UniProt cross-reference,False,Q2UHP3,aor:AO090023000365,,5992926
AOC01705,AO090023000371,AO090023000371,,"DNA, SC023",secretory_client,,unassigned,low,Secretory clients are not assigned to machinery subsystems.,,unknown,unassigned,low,none,,,False,,liu2014,database_prediction,,10.1186/1752-0509-8-73,exact,direct AO090 match in UniProt cross-reference,False,Q2UHN9,aor:AO090023000371,,5992930
AOC01706,AO090023000373,AO090023000373,,"DNA, SC023",secretory_client,,unassigned,low,Secretory clients are not assigned to machinery subsystems.,,unknown,unassigned,low,none,,,False,,liu2014,database_prediction,,10.1186/1752-0509-8-73,exact,direct AO090 match in UniProt cross-reference,False,Q2UHN7,aor:AO090023000373,,5992932
AOC01707,AO090023000386,AO090023000386,,"DNA, SC023",secretory_client,,unassigned,low,Secretory clients are not assigned to machinery subsystems.,,unknown,unassigned,low,none,,,False,,liu2014,database_prediction,,10.1186/1752-0509-8-73,exact,direct AO090 match in UniProt cross-reference,False,Q2UHM7,aor:AO090023000386,,5992942
AOC01708,AO090023000393,AO090023000393,,"DNA, SC023",secretory_client,,unassigned,low,Secretory clients are not assigned to machinery subsystems.,,unknown,unassigned,low,none,,,False,,liu2014,database_prediction,,10.1186/1752-0509-8-73,exact,direct AO090 match in UniProt cross-reference,False,Q2UHM1,aor:AO090023000393,,5992948
AOC01709,AO090023000401,AO090023000401,pgaI,Endopolygalacturonase I (EC 3.2.1.15) (Pectinase 1) (Polygalacturonase I) (PG-I),secretory_client,,unassigned,low,Secretory clients are not assigned to machinery subsystems.,,unknown,unassigned,low,none,,,False,,liu2014,database_prediction,,10.1186/1752-0509-8-73,exact,direct AO090 match in UniProt cross-reference,False,Q2UHL4,aor:AO090023000401,ko:K01184,5992955
AOC01710,AO090023000438,AO090023000438,,"DNA, SC023",secretory_client,,unassigned,low,Secretory clients are not assigned to machinery subsystems.,,unknown,unassigned,low,none,,,False,,liu2014,database_prediction,,10.1186/1752-0509-8-73,exact,direct AO090 match in UniProt cross-reference,False,Q2UHI1,aor:AO090023000438,,5992988
AOC01711,AO090023000439,AO090023000439,,"DNA, SC023",secretory_client,,unassigned,low,Secretory clients are not assigned to machinery subsystems.,,unknown,unassigned,low,none,,,False,,liu2014,database_prediction,,10.1186/1752-0509-8-73,exact,direct AO090 match in UniProt cross-reference,False,Q2UHI0,aor:AO090023000439,,5992989
AOC01712,AO090023000448,AO090023000448,,"DNA, SC023",secretory_client,,unassigned,low,Secretory clients are not assigned to machinery subsystems.,,unknown,unassigned,low,none,,,False,,liu2014,database_prediction,,10.1186/1752-0509-8-73,exact,direct AO090 match in UniProt cross-reference,False,Q2UHH1,aor:AO090023000448,,5992998
AOC01713,AO090023000451,AO090023000451,,"DNA, SC023",secretory_client,,unassigned,low,Secretory clients are not assigned to machinery subsystems.,,unknown,unassigned,low,none,,,False,,liu2014,database_prediction,,10.1186/1752-0509-8-73,exact,direct AO090 match in UniProt cross-reference,False,Q2UHG9,aor:AO090023000451,,5993000
AOC01714,AO090023000474,AO090023000474,,"1,3-beta-glucanosyltransferase (EC 2.4.1.-)",secretory_client,,unassigned,low,Secretory clients are not assigned to machinery subsystems.,,unknown,unassigned,low,none,,,False,,liu2014,database_prediction,,10.1186/1752-0509-8-73,exact,direct AO090 match in UniProt cross-reference,False,Q2UHE9,aor:AO090023000474,ko:K22834,
AOC01715,AO090023000476,AO090023000476,,Mitochondrial import receptor subunit TOM20 (Mitochondrial 20 kDa outer membrane protein) (Mitochondrial import receptor subunit tom20) (Translocase of outer membrane 20 kDa subunit),secretory_client,,unassigned,low,Secretory clients are not assigned to machinery subsystems.,,unknown,unassigned,low,none,,,False,,liu2014,database_prediction,,10.1186/1752-0509-8-73,exact,direct AO090 match in UniProt cross-reference,False,Q2UHE8,aor:AO090023000476,ko:K17770,5993021
AOC01716,AO090023000481,AO090023000481,,3-phytase (EC 3.1.3.8),secretory_client,,unassigned,low,Secretory clients are not assigned to machinery subsystems.,,unknown,unassigned,low,none,,,False,,liu2014,database_prediction,,10.1186/1752-0509-8-73,exact,direct AO090 match in UniProt cross-reference,False,Q2UHE3,aor:AO090023000481,ko:K01078,5993514
AOC01717,AO090023000525,AO090023000525,,"DNA, SC023",secretory_client,,unassigned,low,Secretory clients are not assigned to machinery subsystems.,,unknown,unassigned,low,none,,,False,,liu2014,database_prediction,,10.1186/1752-0509-8-73,exact,direct AO090 match in UniProt cross-reference,False,Q2UHA2,aor:AO090023000525,,5993067
AOC01718,AO090023000555,AO090023000555,,"DNA, SC023",secretory_client,,unassigned,low,Secretory clients are not assigned to machinery subsystems.,,unknown,unassigned,low,none,,,False,,liu2014,database_prediction,,10.1186/1752-0509-8-73,exact,direct AO090 match in UniProt cross-reference,False,Q2UH77,aor:AO090023000555,,5993092
AOC01719,AO090023000559,AO090023000559,,"DNA, SC023",secretory_client,,unassigned,low,Secretory clients are not assigned to machinery subsystems.,,unknown,unassigned,low,none,,,False,,liu2014,database_prediction,,10.1186/1752-0509-8-73,exact,direct AO090 match in UniProt cross-reference,False,Q2UH73,aor:AO090023000559,ko:K03927,5993096
AOC01720,AO090023000602,AO090023000602,dpp4,Dipeptidyl peptidase 4 (EC 3.4.14.5) (Dipeptidyl peptidase IV) (DPP IV) (DppIV),secretory_client,,unassigned,low,Secretory clients are not assigned to machinery subsystems.,,unknown,unassigned,low,none,,,False,,liu2014,database_prediction,,10.1186/1752-0509-8-73,exact,direct AO090 match in UniProt cross-reference,False,Q2UH35,aor:AO090023000602,ko:K01278,
AOC01721,AO090023000603,AO090023000603,,"DNA, SC023",secretory_client,,unassigned,low,Secretory clients are not assigned to machinery subsystems.,,unknown,unassigned,low,none,,,False,,liu2014,database_prediction,,10.1186/1752-0509-8-73,exact,direct AO090 match in UniProt cross-reference,False,Q2UH34,aor:AO090023000603,,5993135
AOC01722,AO090023000609,AO090023000609,,"DNA, SC023",secretory_client,,unassigned,low,Secretory clients are not assigned to machinery subsystems.,,unknown,unassigned,low,none,,,False,,liu2014,database_prediction,,10.1186/1752-0509-8-73,exact,direct AO090 match in UniProt cross-reference,False,Q2UH30,aor:AO090023000609,ko:K01312,5993139
AOC01723,AO090023000621,AO090023000621,,Alkaline phosphatase (EC 3.1.3.1),secretory_client,,unassigned,low,Secretory clients are not assigned to machinery subsystems.,,unknown,unassigned,low,none,,,False,,liu2014,database_prediction,,10.1186/1752-0509-8-73,exact,direct AO090 match in UniProt cross-reference,False,Q2UH22,aor:AO090023000621,ko:K01077,5993147
AOC01724,AO090023000637,AO090023000637,,"DNA, SC023",secretory_client,,unassigned,low,Secretory clients are not assigned to machinery subsystems.,,unknown,unassigned,low,none,,,False,,liu2014,database_prediction,,10.1186/1752-0509-8-73,exact,direct AO090 match in UniProt cross-reference,False,Q2UH07,aor:AO090023000637,,5993162
AOC01725,AO090023000678,AO090023000678,,"DNA, SC023",secretory_client,,unassigned,low,Secretory clients are not assigned to machinery subsystems.,,unknown,unassigned,low,none,,,False,,liu2014,database_prediction,,10.1186/1752-0509-8-73,exact,direct AO090 match in UniProt cross-reference,False,Q2UGX1,aor:AO090023000678,,5993198
AOC01726,AO090023000685,AO090023000685,,Lysophospholipase (EC 3.1.1.5),secretory_client,,unassigned,low,Secretory clients are not assigned to machinery subsystems.,,unknown,unassigned,low,none,,,False,,liu2014,database_prediction,,10.1186/1752-0509-8-73,exact,direct AO090 match in UniProt cross-reference,False,Q2UGW4,aor:AO090023000685,ko:K13333,5993205
AOC01727,AO090023000692,AO090023000692,phyA,Phytase A (EC 3.1.3.-) (EC 3.1.3.8) (Histidine acid phosphatase phyA) (HAP) (Myo-inositol hexakisphosphate phosphohydrolase A) (Myo-inositol-hexaphosphate 3-phosphohydrolase A),secretory_client,,unassigned,low,Secretory clients are not assigned to machinery subsystems.,,unknown,unassigned,low,none,,,False,,liu2014,database_prediction,,10.1186/1752-0509-8-73,exact,direct AO090 match in UniProt cross-reference,False,Q9C1T1,aor:AO090023000692,,5993212
AOC01728,AO090023000706,AO090023000706,,"DNA, SC023",secretory_client,,unassigned,low,Secretory clients are not assigned to machinery subsystems.,,unknown,unassigned,low,none,,,False,,liu2014,database_prediction,,10.1186/1752-0509-8-73,exact,direct AO090 match in UniProt cross-reference,False,Q2UGU7,aor:AO090023000706,,5993222
AOC01729,AO090023000720,AO090023000720,,"DNA, SC023",secretory_client,,unassigned,low,Secretory clients are not assigned to machinery subsystems.,,unknown,unassigned,low,none,,,False,,liu2014,database_prediction,,10.1186/1752-0509-8-73,exact,direct AO090 match in UniProt cross-reference,False,Q2UGT4,aor:AO090023000720,,5993235
AOC01730,AO090023000722,AO090023000722,,"DNA, SC023",secretory_client,,unassigned,low,Secretory clients are not assigned to machinery subsystems.,,unknown,unassigned,low,none,,,False,,liu2014,database_prediction,,10.1186/1752-0509-8-73,exact,direct AO090 match in UniProt cross-reference,False,Q2UGT2,aor:AO090023000722,,5993237
AOC01731,AO090023000732,AO090023000732,,Peptide hydrolase (EC 3.4.-.-),secretory_client,,unassigned,low,Secretory clients are not assigned to machinery subsystems.,,unknown,unassigned,low,none,,,False,,liu2014,database_prediction,,10.1186/1752-0509-8-73,exact,direct AO090 match in UniProt cross-reference,False,Q2UGS2,aor:AO090023000732,,5993247
AOC01732,AO090023000774,AO090023000774,,"DNA, SC023",secretory_client,,unassigned,low,Secretory clients are not assigned to machinery subsystems.,,unknown,unassigned,low,none,,,False,,liu2014,database_prediction,,10.1186/1752-0509-8-73,exact,direct AO090 match in UniProt cross-reference,False,Q2UGN7,aor:AO090023000774,,35119736
AOC01733,AO090023000787,AO090023000787,AA17,"AA9 family lytic polysaccharide monooxygenase AA17 (LPMO9 AA17) (EC 1.14.99.-) (Cellulase AA17) (Endo-beta-1,4-glucanase AA17) (Endoglucanase AA17)",secretory_client,,unassigned,low,Secretory clients are not assigned to machinery subsystems.,,unknown,unassigned,low,none,,,False,,liu2014,database_prediction,,10.1186/1752-0509-8-73,exact,direct AO090 match in UniProt cross-reference,False,Q2UGM5,aor:AO090023000787,,5993294
AOC01734,AO090023000803,AO090023000803,,"DNA, SC023",secretory_client,,unassigned,low,Secretory clients are not assigned to machinery subsystems.,,unknown,unassigned,low,none,,,False,,liu2014,database_prediction,,10.1186/1752-0509-8-73,exact,direct AO090 match in UniProt cross-reference,False,Q2UGK9,aor:AO090023000803,,5993310
AOC01735,AO090023000834,AO090023000834,,"DNA, SC023",secretory_client,,unassigned,low,Secretory clients are not assigned to machinery subsystems.,,unknown,unassigned,low,none,,,False,,liu2014,database_prediction,,10.1186/1752-0509-8-73,exact,direct AO090 match in UniProt cross-reference,False,Q2UGI0,aor:AO090023000834,ko:K20346,5993339
AOC01736,AO090023000843,AO090023000843,,"DNA, SC023",secretory_client,,unassigned,low,Secretory clients are not assigned to machinery subsystems.,,unknown,unassigned,low,none,,,False,,liu2014,database_prediction,,10.1186/1752-0509-8-73,exact,direct AO090 match in UniProt cross-reference,False,Q2UGH1,aor:AO090023000843,,5993348
AOC01737,AO090023000872,AO090023000872,,"DNA, SC023",secretory_client,,unassigned,low,Secretory clients are not assigned to machinery subsystems.,,unknown,unassigned,low,none,,,False,,liu2014,database_prediction,,10.1186/1752-0509-8-73,exact,direct AO090 match in UniProt cross-reference,False,Q2UGE5,aor:AO090023000872,ko:K28650,5993374
AOC01738,AO090023000879,AO090023000879,,"DNA, SC023",secretory_client,,unassigned,low,Secretory clients are not assigned to machinery subsystems.,,unknown,unassigned,low,none,,,False,,liu2014,database_prediction,,10.1186/1752-0509-8-73,exact,direct AO090 match in UniProt cross-reference,False,Q2UGD9,aor:AO090023000879,,35119739
AOC01739,AO090023000905,AO090023000905,,"DNA, SC023",secretory_client,,unassigned,low,Secretory clients are not assigned to machinery subsystems.,,unknown,unassigned,low,none,,,False,,liu2014,database_prediction,,10.1186/1752-0509-8-73,exact,direct AO090 match in UniProt cross-reference,False,Q2UGB5,aor:AO090023000905,,
AOC01740,AO090023000915,AO090023000915,,"DNA, SC023",secretory_client,,unassigned,low,Secretory clients are not assigned to machinery subsystems.,,unknown,unassigned,low,none,,,False,,liu2014,database_prediction,,10.1186/1752-0509-8-73,exact,direct AO090 match in UniProt cross-reference,False,Q2UGA5,aor:AO090023000915,,5993414
AOC01741,AO090023000918,AO090023000918,,"DNA, SC023",secretory_client,,unassigned,low,Secretory clients are not assigned to machinery subsystems.,,unknown,unassigned,low,none,,,False,,liu2014,database_prediction,,10.1186/1752-0509-8-73,exact,direct AO090 match in UniProt cross-reference,False,Q2UGA3,aor:AO090023000918,,5993416
AOC01742,AO090023000919,AO090023000919,,Sphingomyelin phosphodiesterase,secretory_client,,unassigned,low,Secretory clients are not assigned to machinery subsystems.,,unknown,unassigned,low,none,,,False,,liu2014,database_prediction,,10.1186/1752-0509-8-73,exact,direct AO090 match in UniProt cross-reference,False,Q2UGA2,aor:AO090023000919,ko:K12350,5993417
AOC01743,AO090023000161,AO090023000161,pgaB,Endopolygalacturonase B (EC 3.2.1.15) (Pectinase B) (Polygalacturonase B),secretory_client,,unassigned,low,Secretory clients are not assigned to machinery subsystems.,,unknown,unassigned,low,none,,,True,up,liu2014,database_prediction,,10.1186/1752-0509-8-73,exact,direct AO090 match in UniProt cross-reference,False,P35335,aor:AO090023000161,ko:K01184,5992741
AOC01744,AO090023000952,AO090023000952,,"DNA, SC023",secretory_client,,unassigned,low,Secretory clients are not assigned to machinery subsystems.,,unknown,unassigned,low,none,,,False,,liu2014,database_prediction,,10.1186/1752-0509-8-73,exact,direct AO090 match in UniProt cross-reference,False,Q2UG73,aor:AO090023000952,,5993446
AOC01745,AO090023000956,AO090023000956,get1,Protein get1 (Guided entry of tail-anchored proteins 1),secretory_client,,unassigned,low,Secretory clients are not assigned to machinery subsystems.,,unknown,unassigned,low,none,,,False,,liu2014,database_prediction,,10.1186/1752-0509-8-73,exact,direct AO090 match in UniProt cross-reference,False,Q2UG70,aor:AO090023000956,ko:K22384,5993449
AOC01746,AO090023000968,AO090023000968,,"DNA, SC023",secretory_client,,unassigned,low,Secretory clients are not assigned to machinery subsystems.,,unknown,unassigned,low,none,,,False,,liu2014,database_prediction,,10.1186/1752-0509-8-73,exact,direct AO090 match in UniProt cross-reference,False,Q2UG58,aor:AO090023000968,,5993461
AOC01747,AO090026000003,AO090026000003,cpaO,Beta-cyclopiazonate dehydrogenase (EC 1.21.99.1) (Beta-Cyclopiazonate oxidocyclase) (FAD-dependent oxidoreductase cpaO),secretory_client,,unassigned,low,Secretory clients are not assigned to machinery subsystems.,,unknown,unassigned,low,none,,,False,,liu2014,database_prediction,,10.1186/1752-0509-8-73,exact,direct AO090 match in UniProt cross-reference,False,Q2UG11,aor:AO090026000003,ko:K15393,5993534
AOC01748,AO090026000021,AO090026000021,,"DNA, SC026",secretory_client,,unassigned,low,Secretory clients are not assigned to machinery subsystems.,,unknown,unassigned,low,none,,,False,,liu2014,database_prediction,,10.1186/1752-0509-8-73,exact,direct AO090 match in UniProt cross-reference,False,Q2UFZ4,aor:AO090026000021,ko:K17645,5993551
AOC01749,AO090026000043,AO090026000043,,"DNA, SC026",secretory_client,,unassigned,low,Secretory clients are not assigned to machinery subsystems.,,unknown,unassigned,low,none,,,False,,liu2014,database_prediction,,10.1186/1752-0509-8-73,exact,direct AO090 match in UniProt cross-reference,False,Q2UFX3,aor:AO090026000043,,5993572
AOC01750,AO090026000063,AO090026000063,,"DNA, SC026",secretory_client,,unassigned,low,Secretory clients are not assigned to machinery subsystems.,,unknown,unassigned,low,none,,,False,,liu2014,database_prediction,,10.1186/1752-0509-8-73,exact,direct AO090 match in UniProt cross-reference,False,Q2UFV5,aor:AO090026000063,,5993590
AOC01751,AO090026000072,AO090026000072,,"DNA, SC026",secretory_client,,unassigned,low,Secretory clients are not assigned to machinery subsystems.,,unknown,unassigned,low,none,,,False,,liu2014,database_prediction,,10.1186/1752-0509-8-73,exact,direct AO090 match in UniProt cross-reference,False,Q2UFU6,aor:AO090026000072,,5993599
AOC01752,AO090026000083,AO090026000083,aorO,Aorsin (EC 3.4.21.-),secretory_client,,unassigned,low,Secretory clients are not assigned to machinery subsystems.,,unknown,unassigned,low,none,,,False,,liu2014,database_prediction,,10.1186/1752-0509-8-73,exact,direct AO090 match in UniProt cross-reference,False,Q8NK92,aor:AO090026000083,ko:K01279,5993610
AOC01753,AO090026000094,AO090026000094,,"DNA, SC026",secretory_client,,unassigned,low,Secretory clients are not assigned to machinery subsystems.,,unknown,unassigned,low,none,,,False,,liu2014,database_prediction,,10.1186/1752-0509-8-73,exact,direct AO090 match in UniProt cross-reference,False,Q2UFS5,aor:AO090026000094,,5993620
AOC01754,AO090026000102,AO090026000102,,"DNA, SC026",secretory_client,,unassigned,low,Secretory clients are not assigned to machinery subsystems.,,unknown,unassigned,low,none,,,False,,liu2014,database_prediction,,10.1186/1752-0509-8-73,exact,direct AO090 match in UniProt cross-reference,False,Q2UFR8,aor:AO090026000102,ko:K18576,5993627
AOC01755,AO090026000103,AO090026000103,,"Endo-1,4-beta-xylanase (EC 3.2.1.8)",secretory_client,,unassigned,low,Secretory clients are not assigned to machinery subsystems.,,unknown,unassigned,low,none,,,False,,liu2014,database_prediction,,10.1186/1752-0509-8-73,exact,direct AO090 match in UniProt cross-reference,False,Q2UFR7,aor:AO090026000103,,5993628
AOC01756,AO090026000108,AO090026000108,,"DNA, SC026",secretory_client,,unassigned,low,Secretory clients are not assigned to machinery subsystems.,,unknown,unassigned,low,none,,,False,,liu2014,database_prediction,,10.1186/1752-0509-8-73,exact,direct AO090 match in UniProt cross-reference,False,Q2UFR2,aor:AO090026000108,,5993633
AOC01757,AO090026000115,AO090026000115,,"DNA, SC026",secretory_client,,unassigned,low,Secretory clients are not assigned to machinery subsystems.,,unknown,unassigned,low,none,,,False,,liu2014,database_prediction,,10.1186/1752-0509-8-73,exact,direct AO090 match in UniProt cross-reference,False,Q2UFQ6,aor:AO090026000115,,5993639
AOC01758,AO090026000119,AO090026000119,,"DNA, SC026",secretory_client,,unassigned,low,Secretory clients are not assigned to machinery subsystems.,,unknown,unassigned,low,none,,,False,,liu2014,database_prediction,,10.1186/1752-0509-8-73,exact,direct AO090 match in UniProt cross-reference,False,Q2UFQ2,aor:AO090026000119,ko:K01185,5993643
AOC01759,AO090026000120,AO090026000120,,"DNA, SC026",secretory_client,,unassigned,low,Secretory clients are not assigned to machinery subsystems.,,unknown,unassigned,low,none,,,False,,liu2014,database_prediction,,10.1186/1752-0509-8-73,exact,direct AO090 match in UniProt cross-reference,False,Q2UFQ1,aor:AO090026000120,,5993644
AOC01760,AO090026000122,AO090026000122,,"DNA, SC026",secretory_client,,unassigned,low,Secretory clients are not assigned to machinery subsystems.,,unknown,unassigned,low,none,,,False,,liu2014,database_prediction,,10.1186/1752-0509-8-73,exact,direct AO090 match in UniProt cross-reference,False,Q2UFP9,aor:AO090026000122,,5993646
AOC01761,AO090026000125,AO090026000125,,"DNA, SC026",secretory_client,,unassigned,low,Secretory clients are not assigned to machinery subsystems.,,unknown,unassigned,low,none,,,False,,liu2014,database_prediction,,10.1186/1752-0509-8-73,exact,direct AO090 match in UniProt cross-reference,False,Q2UFP6,aor:AO090026000125,,5993649
AOC01762,AO090026000127,AO090026000127,aguA,Probable alpha-glucuronidase A (EC 3.2.1.139) (Alpha-glucosiduronase A),secretory_client,,unassigned,low,Secretory clients are not assigned to machinery subsystems.,,unknown,unassigned,low,none,,,False,,liu2014,database_prediction,,10.1186/1752-0509-8-73,exact,direct AO090 match in UniProt cross-reference,False,Q2UFP4,,ko:K01235,5993651
AOC01763,AO090026000145,AO090026000145,,"DNA, SC026",secretory_client,,unassigned,low,Secretory clients are not assigned to machinery subsystems.,,unknown,unassigned,low,none,,,False,,liu2014,database_prediction,,10.1186/1752-0509-8-73,exact,direct AO090 match in UniProt cross-reference,False,Q2UFM6,aor:AO090026000145,ko:K00505,5993669
AOC01764,AO090026000148,AO090026000148,,"DNA, SC026",secretory_client,,unassigned,low,Secretory clients are not assigned to machinery subsystems.,,unknown,unassigned,low,none,,,False,,liu2014,database_prediction,,10.1186/1752-0509-8-73,exact,direct AO090 match in UniProt cross-reference,False,Q2UFM4,aor:AO090026000148,,5993671
AOC01765,AO090026000156,AO090026000156,,"DNA, SC026",secretory_client,,unassigned,low,Secretory clients are not assigned to machinery subsystems.,,unknown,unassigned,low,none,,,False,,liu2014,database_prediction,,10.1186/1752-0509-8-73,exact,direct AO090 match in UniProt cross-reference,False,Q2UFL7,aor:AO090026000156,,5993678
AOC01766,AO090026000195,AO090026000195,,"DNA, SC026",secretory_client,,unassigned,low,Secretory clients are not assigned to machinery subsystems.,,unknown,unassigned,low,none,,,False,,liu2014,database_prediction,,10.1186/1752-0509-8-73,exact,direct AO090 match in UniProt cross-reference,False,Q2UFI4,aor:AO090026000195,,5993711
AOC01767,AO090026000198,AO090026000198,,"DNA, SC026",secretory_client,,unassigned,low,Secretory clients are not assigned to machinery subsystems.,,unknown,unassigned,low,none,,,False,,liu2014,database_prediction,,10.1186/1752-0509-8-73,exact,direct AO090 match in UniProt cross-reference,False,Q2UFI3,aor:AO090026000198,,5993712
AOC01768,AO090026000214,AO090026000214,,"DNA, SC026",secretory_client,,unassigned,low,Secretory clients are not assigned to machinery subsystems.,,unknown,unassigned,low,none,,,False,,liu2014,database_prediction,,10.1186/1752-0509-8-73,exact,direct AO090 match in UniProt cross-reference,False,Q2UFG8,aor:AO090026000214,,5993727
AOC01769,AO090102000168,AO090102000168,ppsD,"Cytochrome P450 monooxygenase ppsD (EC 1.-.-.-) (2,4'-dihydroxy-3'-methoxypropiophenone biosynthesis cluster protein D)",secretory_client,,unassigned,low,Secretory clients are not assigned to machinery subsystems.,,unknown,unassigned,low,none,,,False,,liu2014,database_prediction,,10.1186/1752-0509-8-73,exact,direct AO090 match in UniProt cross-reference,False,Q2UAZ8,aor:AO090102000168,,5994445
AOC01770,AO090026000235,AO090026000235,,"DNA, SC026",secretory_client,,unassigned,low,Secretory clients are not assigned to machinery subsystems.,,unknown,unassigned,low,none,,,False,,liu2014,database_prediction,,10.1186/1752-0509-8-73,exact,direct AO090 match in UniProt cross-reference,False,Q2UFE9,aor:AO090026000235,,5993746
AOC01771,AO090026000252,AO090026000252,rhgC,Probable rhamnogalacturonase C (RGase C) (RHG C) (EC 3.2.1.-),secretory_client,,unassigned,low,Secretory clients are not assigned to machinery subsystems.,,unknown,unassigned,low,none,,,False,,liu2014,database_prediction,,10.1186/1752-0509-8-73,exact,direct AO090 match in UniProt cross-reference,False,Q2UFD2,aor:AO090026000252,ko:K18580,5993763
AOC01772,AO090023000124,AO090023000124,,"DNA, SC023",secretory_client,,unassigned,low,Secretory clients are not assigned to machinery subsystems.,,unknown,unassigned,low,none,,,True,up,liu2014,database_prediction,,10.1186/1752-0509-8-73,exact,direct AO090 match in UniProt cross-reference,False,Q2UIB3,aor:AO090023000124,ko:K22831,5992706
AOC01773,AO090026000367,AO090026000367,,"DNA, SC026",secretory_client,,unassigned,low,Secretory clients are not assigned to machinery subsystems.,,unknown,unassigned,low,none,,,False,,liu2014,database_prediction,,10.1186/1752-0509-8-73,exact,direct AO090 match in UniProt cross-reference,False,Q2UF35,aor:AO090026000367,,5993860
AOC01774,AO090026000400,AO090026000400,,"DNA, SC026",secretory_client,,unassigned,low,Secretory clients are not assigned to machinery subsystems.,,unknown,unassigned,low,none,,,False,,liu2014,database_prediction,,10.1186/1752-0509-8-73,exact,direct AO090 match in UniProt cross-reference,False,Q2UF08,aor:AO090026000400,,5993887
AOC01775,AO090026000408,AO090026000408,,"DNA, SC026",secretory_client,,unassigned,low,Secretory clients are not assigned to machinery subsystems.,,unknown,unassigned,low,none,,,False,,liu2014,database_prediction,,10.1186/1752-0509-8-73,exact,direct AO090 match in UniProt cross-reference,False,Q2UF02,aor:AO090026000408,,5993893
AOC01776,AO090026000428,AO090026000428,,"DNA, SC026",secretory_client,,unassigned,low,Secretory clients are not assigned to machinery subsystems.,,unknown,unassigned,low,none,,,False,,liu2014,database_prediction,,10.1186/1752-0509-8-73,exact,direct AO090 match in UniProt cross-reference,False,Q2UEY5,aor:AO090026000428,ko:K10082,5993910
AOC01777,AO090026000447,AO090026000447,,"DNA, SC026",secretory_client,,unassigned,low,Secretory clients are not assigned to machinery subsystems.,,unknown,unassigned,low,none,,,False,,liu2014,database_prediction,,10.1186/1752-0509-8-73,exact,direct AO090 match in UniProt cross-reference,False,Q2UEW8,aor:AO090026000447,,5993927
AOC01778,AO090026000491,AO090026000491,,"DNA, SC026",secretory_client,,unassigned,low,Secretory clients are not assigned to machinery subsystems.,,unknown,unassigned,low,none,,,False,,liu2014,database_prediction,,10.1186/1752-0509-8-73,exact,direct AO090 match in UniProt cross-reference,False,Q2UET4,aor:AO090026000491,,5993961
AOC01779,AO090026000516,AO090026000516,pltp,Phosphatidylglycerol/phosphatidylinositol transfer protein (PG/PI-TP),secretory_client,,unassigned,low,Secretory clients are not assigned to machinery subsystems.,,unknown,unassigned,low,none,,,False,,liu2014,database_prediction,,10.1186/1752-0509-8-73,exact,direct AO090 match in UniProt cross-reference,False,O94183,aor:AO090026000516,,5993983
AOC01780,AO090026000557,AO090026000557,,"DNA, SC026",secretory_client,,unassigned,low,Secretory clients are not assigned to machinery subsystems.,,unknown,unassigned,low,none,,,False,,liu2014,database_prediction,,10.1186/1752-0509-8-73,exact,direct AO090 match in UniProt cross-reference,False,Q2UEM8,aor:AO090026000557,,5994017
AOC01781,AO090026000584,AO090026000584,astB,Cytochrome P450 monooxygenase astB (EC 1.-.-.-) (Astellolide biosynthesis cluster protein B),secretory_client,,unassigned,low,Secretory clients are not assigned to machinery subsystems.,,unknown,unassigned,low,none,,,False,,liu2014,database_prediction,,10.1186/1752-0509-8-73,exact,direct AO090 match in UniProt cross-reference,False,Q2UEK3,,,
AOC01782,AO090026000588,AO090026000588,,"DNA, SC026",secretory_client,,unassigned,low,Secretory clients are not assigned to machinery subsystems.,,unknown,unassigned,low,none,,,False,,liu2014,database_prediction,,10.1186/1752-0509-8-73,exact,direct AO090 match in UniProt cross-reference,False,Q2UEJ9,aor:AO090026000588,,5994046
AOC01783,AO090026000633,AO090026000633,,"DNA, SC026",secretory_client,,unassigned,low,Secretory clients are not assigned to machinery subsystems.,,unknown,unassigned,low,none,,,False,,liu2014,database_prediction,,10.1186/1752-0509-8-73,exact,direct AO090 match in UniProt cross-reference,False,Q2UEG0,aor:AO090026000633,,5994085
AOC01784,AO090026000697,AO090026000697,,chitin deacetylase (EC 3.5.1.41),secretory_client,,unassigned,low,Secretory clients are not assigned to machinery subsystems.,,unknown,unassigned,low,none,,,False,,liu2014,database_prediction,,10.1186/1752-0509-8-73,exact,direct AO090 match in UniProt cross-reference,False,Q2UEA7,aor:AO090026000697,,5994138
AOC01785,AO090026000748,AO090026000748,,"DNA, SC026",secretory_client,,unassigned,low,Secretory clients are not assigned to machinery subsystems.,,unknown,unassigned,low,none,,,False,,liu2014,database_prediction,,10.1186/1752-0509-8-73,exact,direct AO090 match in UniProt cross-reference,False,Q2UE63,aor:AO090026000748,,5994182
AOC01786,AO090026000757,AO090026000757,,"DNA, SC026",secretory_client,,unassigned,low,Secretory clients are not assigned to machinery subsystems.,,unknown,unassigned,low,none,,,False,,liu2014,database_prediction,,10.1186/1752-0509-8-73,exact,direct AO090 match in UniProt cross-reference,False,Q2UE54,aor:AO090026000757,,5994191
AOC01787,AO090026000758,AO090026000758,,"DNA, SC026",secretory_client,,unassigned,low,Secretory clients are not assigned to machinery subsystems.,,unknown,unassigned,low,none,,,False,,liu2014,database_prediction,,10.1186/1752-0509-8-73,exact,direct AO090 match in UniProt cross-reference,False,Q2UE53,aor:AO090026000758,,5994192
AOC01788,AO090026000766,AO090026000766,,"DNA, SC026",secretory_client,,unassigned,low,Secretory clients are not assigned to machinery subsystems.,,unknown,unassigned,low,none,,,False,,liu2014,database_prediction,,10.1186/1752-0509-8-73,exact,direct AO090 match in UniProt cross-reference,False,Q2UE45,aor:AO090026000766,,5994200
AOC01789,AO090026000776,AO090026000776,,"DNA, SC026",secretory_client,,unassigned,low,Secretory clients are not assigned to machinery subsystems.,,unknown,unassigned,low,none,,,False,,liu2014,database_prediction,,10.1186/1752-0509-8-73,exact,direct AO090 match in UniProt cross-reference,False,Q2UE35,aor:AO090026000776,,10098970
AOC01790,AO090026000789,AO090026000789,cbp4,Assembly factor cbp4 (Cytochrome b mRNA-processing protein 4),secretory_client,,unassigned,low,Secretory clients are not assigned to machinery subsystems.,,unknown,unassigned,low,none,,,False,,liu2014,database_prediction,,10.1186/1752-0509-8-73,exact,direct AO090 match in UniProt cross-reference,False,Q2UE23,,,
AOC01791,AO090026000792,AO090026000792,,"DNA, SC026",secretory_client,,unassigned,low,Secretory clients are not assigned to machinery subsystems.,,unknown,unassigned,low,none,,,False,,liu2014,database_prediction,,10.1186/1752-0509-8-73,exact,direct AO090 match in UniProt cross-reference,False,Q2UE20,aor:AO090026000792,,5994225
AOC01792,AO090026000801,AO090026000801,,"DNA, SC026",secretory_client,,unassigned,low,Secretory clients are not assigned to machinery subsystems.,,unknown,unassigned,low,none,,,False,,liu2014,database_prediction,,10.1186/1752-0509-8-73,exact,direct AO090 match in UniProt cross-reference,False,Q2UE13,aor:AO090026000801,,5994232
AOC01793,AO090026000804,AO090026000804,,"DNA, SC026",secretory_client,,unassigned,low,Secretory clients are not assigned to machinery subsystems.,,unknown,unassigned,low,none,,,False,,liu2014,database_prediction,,10.1186/1752-0509-8-73,exact,direct AO090 match in UniProt cross-reference,False,Q2UE10,aor:AO090026000804,,5994235
AOC01794,AO090026000805,AO090026000805,,"DNA, SC026",secretory_client,,unassigned,low,Secretory clients are not assigned to machinery subsystems.,,unknown,unassigned,low,none,,,False,,liu2014,database_prediction,,10.1186/1752-0509-8-73,exact,direct AO090 match in UniProt cross-reference,False,Q2UE09,aor:AO090026000805,,5994236
AOC01795,AO090026000812,AO090026000812,,"DNA, SC026",secretory_client,,unassigned,low,Secretory clients are not assigned to machinery subsystems.,,unknown,unassigned,low,none,,,False,,liu2014,database_prediction,,10.1186/1752-0509-8-73,exact,direct AO090 match in UniProt cross-reference,False,Q2UE03,aor:AO090026000812,,5994242
AOC01796,AO090026000817,AO090026000817,,"DNA, SC026",secretory_client,,unassigned,low,Secretory clients are not assigned to machinery subsystems.,,unknown,unassigned,low,none,,,False,,liu2014,database_prediction,,10.1186/1752-0509-8-73,exact,direct AO090 match in UniProt cross-reference,False,Q2UDZ8,aor:AO090026000817,,5994247
AOC01797,AO090038000011,AO090038000011,,"DNA, SC038",secretory_client,,unassigned,low,Secretory clients are not assigned to machinery subsystems.,,unknown,unassigned,low,none,,,False,,liu2014,database_prediction,,10.1186/1752-0509-8-73,exact,direct AO090 match in UniProt cross-reference,False,Q2U3J4,aor:AO090038000011,,5997099
AOC01798,AO090038000015,AO090038000015,,"DNA, SC038",secretory_client,,unassigned,low,Secretory clients are not assigned to machinery subsystems.,,unknown,unassigned,low,none,,,False,,liu2014,database_prediction,,10.1186/1752-0509-8-73,exact,direct AO090 match in UniProt cross-reference,False,Q2U3J0,aor:AO090038000015,,5997103
AOC01799,AO090038000027,AO090038000027,,"DNA, SC038",secretory_client,,unassigned,low,Secretory clients are not assigned to machinery subsystems.,,unknown,unassigned,low,none,,,False,,liu2014,database_prediction,,10.1186/1752-0509-8-73,exact,direct AO090 match in UniProt cross-reference,False,Q2U3I1,aor:AO090038000027,,5997112
AOC01800,AO090038000060,AO090038000060,,"DNA, SC038",secretory_client,,unassigned,low,Secretory clients are not assigned to machinery subsystems.,,unknown,unassigned,low,none,,,False,,liu2014,database_prediction,,10.1186/1752-0509-8-73,exact,direct AO090 match in UniProt cross-reference,False,Q2U3F6,aor:AO090038000060,,5997137
AOC01801,AO090038000075,AO090038000075,,"DNA, SC038",secretory_client,,unassigned,low,Secretory clients are not assigned to machinery subsystems.,,unknown,unassigned,low,none,,,False,,liu2014,database_prediction,,10.1186/1752-0509-8-73,exact,direct AO090 match in UniProt cross-reference,False,Q2U3E4,aor:AO090038000075,,5997149
AOC01802,AO090038000081,AO090038000081,,"DNA, SC038",secretory_client,,unassigned,low,Secretory clients are not assigned to machinery subsystems.,,unknown,unassigned,low,none,,,False,,liu2014,database_prediction,,10.1186/1752-0509-8-73,exact,direct AO090 match in UniProt cross-reference,False,Q2U3D8,aor:AO090038000081,ko:K20613,5997155
AOC01803,AO090038000093,AO090038000093,,"DNA, SC038",secretory_client,,unassigned,low,Secretory clients are not assigned to machinery subsystems.,,unknown,unassigned,low,none,,,False,,liu2014,database_prediction,,10.1186/1752-0509-8-73,exact,direct AO090 match in UniProt cross-reference,False,Q2U3C7,aor:AO090038000093,,5997166
AOC01804,AO090038000111,AO090038000111,,Neutral protease 2 (EC 3.4.24.39) (Deuterolysin),secretory_client,,unassigned,low,Secretory clients are not assigned to machinery subsystems.,,unknown,unassigned,low,none,,,False,,liu2014,database_prediction,,10.1186/1752-0509-8-73,exact,direct AO090 match in UniProt cross-reference,False,Q2U3B2,aor:AO090038000111,,5997181
AOC01805,AO090038000117,AO090038000117,,"DNA, SC038",secretory_client,,unassigned,low,Secretory clients are not assigned to machinery subsystems.,,unknown,unassigned,low,none,,,False,,liu2014,database_prediction,,10.1186/1752-0509-8-73,exact,direct AO090 match in UniProt cross-reference,False,Q2U3A8,aor:AO090038000117,,5997185
AOC01806,AO090038000118,AO090038000118,,"DNA, SC038",secretory_client,,unassigned,low,Secretory clients are not assigned to machinery subsystems.,,unknown,unassigned,low,none,,,False,,liu2014,database_prediction,,10.1186/1752-0509-8-73,exact,direct AO090 match in UniProt cross-reference,False,Q2U3A7,aor:AO090038000118,,5997186
AOC01807,AO090038000119,AO090038000119,,"DNA, SC038",secretory_client,,unassigned,low,Secretory clients are not assigned to machinery subsystems.,,unknown,unassigned,low,none,,,False,,liu2014,database_prediction,,10.1186/1752-0509-8-73,exact,direct AO090 match in UniProt cross-reference,False,Q2U3A6,aor:AO090038000119,,5997187
AOC01808,AO090038000122,AO090038000122,,"DNA, SC038",secretory_client,,unassigned,low,Secretory clients are not assigned to machinery subsystems.,,unknown,unassigned,low,none,,,False,,liu2014,database_prediction,,10.1186/1752-0509-8-73,exact,direct AO090 match in UniProt cross-reference,False,Q2U3A3,aor:AO090038000122,,5997190
AOC01809,AO090038000133,AO090038000133,,"DNA, SC038",secretory_client,,unassigned,low,Secretory clients are not assigned to machinery subsystems.,,unknown,unassigned,low,none,,,False,,liu2014,database_prediction,,10.1186/1752-0509-8-73,exact,direct AO090 match in UniProt cross-reference,False,Q2U393,aor:AO090038000133,,5997200
AOC01810,AO090038000158,AO090038000158,,"DNA, SC038",secretory_client,,unassigned,low,Secretory clients are not assigned to machinery subsystems.,,unknown,unassigned,low,none,,,False,,liu2014,database_prediction,,10.1186/1752-0509-8-73,exact,direct AO090 match in UniProt cross-reference,False,Q2U372,aor:AO090038000158,,5997221
AOC01811,AO090038000175,AO090038000175,,"xyloglucan-specific endo-beta-1,4-glucanase (EC 3.2.1.151) (Xyloglucanase A) (Xyloglucanendohydrolase A)",secretory_client,,unassigned,low,Secretory clients are not assigned to machinery subsystems.,,unknown,unassigned,low,none,,,False,,liu2014,database_prediction,,10.1186/1752-0509-8-73,exact,direct AO090 match in UniProt cross-reference,False,Q2U360,aor:AO090038000175,,5997233
AOC01812,AO090038000177,AO090038000177,,"DNA, SC038",secretory_client,,unassigned,low,Secretory clients are not assigned to machinery subsystems.,,unknown,unassigned,low,none,,,False,,liu2014,database_prediction,,10.1186/1752-0509-8-73,exact,direct AO090 match in UniProt cross-reference,False,Q2U358,aor:AO090038000177,ko:K10968,5997235
AOC01813,AO090038000195,AO090038000195,,"DNA, SC038",secretory_client,,unassigned,low,Secretory clients are not assigned to machinery subsystems.,,unknown,unassigned,low,none,,,False,,liu2014,database_prediction,,10.1186/1752-0509-8-73,exact,direct AO090 match in UniProt cross-reference,False,Q2U345,aor:AO090038000195,,5997248
AOC01814,AO090038000201,AO090038000201,,"DNA, SC038",secretory_client,,unassigned,low,Secretory clients are not assigned to machinery subsystems.,,unknown,unassigned,low,none,,,False,,liu2014,database_prediction,,10.1186/1752-0509-8-73,exact,direct AO090 match in UniProt cross-reference,False,Q2U341,aor:AO090038000201,,5997252
AOC01815,AO090038000209,AO090038000209,,"DNA, SC038",secretory_client,,unassigned,low,Secretory clients are not assigned to machinery subsystems.,,unknown,unassigned,low,none,,,False,,liu2014,database_prediction,,10.1186/1752-0509-8-73,exact,direct AO090 match in UniProt cross-reference,False,Q2U335,aor:AO090038000209,,5997258
AOC01816,AO090038000212,AO090038000212,,"DNA, SC038",secretory_client,,unassigned,low,Secretory clients are not assigned to machinery subsystems.,,unknown,unassigned,low,none,,,False,,liu2014,database_prediction,,10.1186/1752-0509-8-73,exact,direct AO090 match in UniProt cross-reference,False,Q2U333,aor:AO090038000212,,5997260
AOC01817,AO090038000214,AO090038000214,,"DNA, SC038",secretory_client,,unassigned,low,Secretory clients are not assigned to machinery subsystems.,,unknown,unassigned,low,none,,,False,,liu2014,database_prediction,,10.1186/1752-0509-8-73,exact,direct AO090 match in UniProt cross-reference,False,Q2U331,aor:AO090038000214,,5997262
AOC01818,AO090038000215,AO090038000215,,"DNA, SC038",secretory_client,,unassigned,low,Secretory clients are not assigned to machinery subsystems.,,unknown,unassigned,low,none,,,False,,liu2014,database_prediction,,10.1186/1752-0509-8-73,exact,direct AO090 match in UniProt cross-reference,False,Q2U330,aor:AO090038000215,,5997263
AOC01819,AO090038000223,AO090038000223,bglG,Probable beta-glucosidase G (EC 3.2.1.21) (Beta-D-glucoside glucohydrolase G) (Cellobiase G) (Gentiobiase G),secretory_client,,unassigned,low,Secretory clients are not assigned to machinery subsystems.,,unknown,unassigned,low,none,,,False,,liu2014,database_prediction,,10.1186/1752-0509-8-73,exact,direct AO090 match in UniProt cross-reference,False,Q2U325,aor:AO090038000223,ko:K05349,5997268
AOC01820,AO090038000228,AO090038000228,,"DNA, SC038",secretory_client,,unassigned,low,Secretory clients are not assigned to machinery subsystems.,,unknown,unassigned,low,none,,,False,,liu2014,database_prediction,,10.1186/1752-0509-8-73,exact,direct AO090 match in UniProt cross-reference,False,Q2U320,aor:AO090038000228,,5997273
AOC01821,AO090038000229,AO090038000229,,"DNA, SC038",secretory_client,,unassigned,low,Secretory clients are not assigned to machinery subsystems.,,unknown,unassigned,low,none,,,False,,liu2014,database_prediction,,10.1186/1752-0509-8-73,exact,direct AO090 match in UniProt cross-reference,False,Q2U319,aor:AO090038000229,ko:K01381,5997274
AOC01822,AO090038000230,AO090038000230,,"DNA, SC038",secretory_client,,unassigned,low,Secretory clients are not assigned to machinery subsystems.,,unknown,unassigned,low,none,,,False,,liu2014,database_prediction,,10.1186/1752-0509-8-73,exact,direct AO090 match in UniProt cross-reference,False,Q2U318,aor:AO090038000230,,5997275
AOC01823,AO090038000231,AO090038000231,,Cell wall mannoprotein 1,secretory_client,,unassigned,low,Secretory clients are not assigned to machinery subsystems.,,unknown,unassigned,low,none,,,False,,liu2014,database_prediction,,10.1186/1752-0509-8-73,exact,direct AO090 match in UniProt cross-reference,False,Q2U317,aor:AO090038000231,,5997276
AOC01824,AO090038000273,AO090038000273,,"DNA, SC038",secretory_client,,unassigned,low,Secretory clients are not assigned to machinery subsystems.,,unknown,unassigned,low,none,,,False,,liu2014,database_prediction,,10.1186/1752-0509-8-73,exact,direct AO090 match in UniProt cross-reference,False,Q2U2Y1,aor:AO090038000273,,5997312
AOC01825,AO090038000279,AO090038000279,,"glucan 1,3-beta-glucosidase (EC 3.2.1.58) (Exo-1,3-beta-glucanase)",secretory_client,,unassigned,low,Secretory clients are not assigned to machinery subsystems.,,unknown,unassigned,low,none,,,False,,liu2014,database_prediction,,10.1186/1752-0509-8-73,exact,direct AO090 match in UniProt cross-reference,False,Q2U2X7,aor:AO090038000279,ko:K01210,
AOC01826,AO090038000286,AO090038000286,,"DNA, SC038",secretory_client,,unassigned,low,Secretory clients are not assigned to machinery subsystems.,,unknown,unassigned,low,none,,,False,,liu2014,database_prediction,,10.1186/1752-0509-8-73,exact,direct AO090 match in UniProt cross-reference,False,Q2U2X0,aor:AO090038000286,,5997323
AOC01827,AO090038000294,AO090038000294,,"DNA, SC038",secretory_client,,unassigned,low,Secretory clients are not assigned to machinery subsystems.,,unknown,unassigned,low,none,,,False,,liu2014,database_prediction,,10.1186/1752-0509-8-73,exact,direct AO090 match in UniProt cross-reference,False,Q2U2W3,aor:AO090038000294,,5997330
AOC01828,AO090038000315,AO090038000315,,"DNA, SC038",secretory_client,,unassigned,low,Secretory clients are not assigned to machinery subsystems.,,unknown,unassigned,low,none,,,False,,liu2014,database_prediction,,10.1186/1752-0509-8-73,exact,direct AO090 match in UniProt cross-reference,False,Q2U2U5,aor:AO090038000315,,5997348
AOC01829,AO090102000441,AO090102000441,,"DNA, SC102",secretory_client,,unassigned,low,Secretory clients are not assigned to machinery subsystems.,,unknown,unassigned,low,none,,,True,up,liu2014,database_prediction,,10.1186/1752-0509-8-73,exact,direct AO090 match in UniProt cross-reference,False,Q2UAD0,aor:AO090102000441,,10100038
AOC01830,AO090038000420,AO090038000420,,"DNA, SC038",secretory_client,,unassigned,low,Secretory clients are not assigned to machinery subsystems.,,unknown,unassigned,low,none,,,False,,liu2014,database_prediction,,10.1186/1752-0509-8-73,exact,direct AO090 match in UniProt cross-reference,False,Q2U2K5,aor:AO090038000420,,5997438
AOC01831,AO090038000425,AO090038000425,,Probable beta-glucosidase G (EC 3.2.1.21) (Beta-D-glucoside glucohydrolase G) (Cellobiase G) (Gentiobiase G),secretory_client,,unassigned,low,Secretory clients are not assigned to machinery subsystems.,,unknown,unassigned,low,none,,,False,,liu2014,database_prediction,,10.1186/1752-0509-8-73,exact,direct AO090 match in UniProt cross-reference,False,Q2U2K1,aor:AO090038000425,ko:K05349,5997442
AOC01832,AO090038000445,AO090038000445,,"DNA, SC038",secretory_client,,unassigned,low,Secretory clients are not assigned to machinery subsystems.,,unknown,unassigned,low,none,,,False,,liu2014,database_prediction,,10.1186/1752-0509-8-73,exact,direct AO090 match in UniProt cross-reference,False,Q2U2I2,aor:AO090038000445,,5997461
AOC01833,AO090038000480,AO090038000480,,"DNA, SC038",secretory_client,,unassigned,low,Secretory clients are not assigned to machinery subsystems.,,unknown,unassigned,low,none,,,False,,liu2014,database_prediction,,10.1186/1752-0509-8-73,exact,direct AO090 match in UniProt cross-reference,False,Q2U2F0,aor:AO090038000480,,5997493
AOC01834,AO090038000493,AO090038000493,,"DNA, SC038",secretory_client,,unassigned,low,Secretory clients are not assigned to machinery subsystems.,,unknown,unassigned,low,none,,,False,,liu2014,database_prediction,,10.1186/1752-0509-8-73,exact,direct AO090 match in UniProt cross-reference,False,Q2U2D8,aor:AO090038000493,,5997505
AOC01835,AO090038000502,AO090038000502,,Pectate lyase (EC 4.2.2.2),secretory_client,,unassigned,low,Secretory clients are not assigned to machinery subsystems.,,unknown,unassigned,low,none,,,False,,liu2014,database_prediction,,10.1186/1752-0509-8-73,exact,direct AO090 match in UniProt cross-reference,False,Q2U2C9,aor:AO090038000502,ko:K22539,5997514
AOC01836,AO090038000504,AO090038000504,,"DNA, SC038",secretory_client,,unassigned,low,Secretory clients are not assigned to machinery subsystems.,,unknown,unassigned,low,none,,,False,,liu2014,database_prediction,,10.1186/1752-0509-8-73,exact,direct AO090 match in UniProt cross-reference,False,Q2U2C8,aor:AO090038000504,,5997626
AOC01837,AO090038000518,AO090038000518,,"DNA, SC038",secretory_client,,unassigned,low,Secretory clients are not assigned to machinery subsystems.,,unknown,unassigned,low,none,,,False,,liu2014,database_prediction,,10.1186/1752-0509-8-73,exact,direct AO090 match in UniProt cross-reference,False,Q2U2B9,aor:AO090038000518,,5997524
AOC01838,AO090038000540,AO090038000540,,"DNA, SC038",secretory_client,,unassigned,low,Secretory clients are not assigned to machinery subsystems.,,unknown,unassigned,low,none,,,False,,liu2014,database_prediction,,10.1186/1752-0509-8-73,exact,direct AO090 match in UniProt cross-reference,False,Q2U2A4,aor:AO090038000540,,5997539
AOC01839,AO090038000552,AO090038000552,rhgA,Probable rhamnogalacturonase A (RGase A) (RHG A) (EC 3.2.1.171),secretory_client,,unassigned,low,Secretory clients are not assigned to machinery subsystems.,,unknown,unassigned,low,none,,,False,,liu2014,database_prediction,,10.1186/1752-0509-8-73,exact,direct AO090 match in UniProt cross-reference,False,Q2U293,aor:AO090038000552,ko:K18580,5997550
AOC01840,AO090038000572,AO090038000572,,"DNA, SC038",secretory_client,,unassigned,low,Secretory clients are not assigned to machinery subsystems.,,unknown,unassigned,low,none,,,False,,liu2014,database_prediction,,10.1186/1752-0509-8-73,exact,direct AO090 match in UniProt cross-reference,False,Q2U276,aor:AO090038000572,,5997567
AOC01841,AO090038000612,AO090038000612,,"DNA, SC038",secretory_client,,unassigned,low,Secretory clients are not assigned to machinery subsystems.,,unknown,unassigned,low,none,,,False,,liu2014,database_prediction,,10.1186/1752-0509-8-73,exact,direct AO090 match in UniProt cross-reference,False,Q2U240,aor:AO090038000612,,5997603
AOC01842,AO090038000622,AO090038000622,,"DNA, SC038",secretory_client,,unassigned,low,Secretory clients are not assigned to machinery subsystems.,,unknown,unassigned,low,none,,,False,,liu2014,database_prediction,,10.1186/1752-0509-8-73,exact,direct AO090 match in UniProt cross-reference,False,Q2U232,aor:AO090038000622,,5997611
AOC01843,AO090038000633,AO090038000633,,"DNA, SC038",secretory_client,,unassigned,low,Secretory clients are not assigned to machinery subsystems.,,unknown,unassigned,low,none,,,False,,liu2014,database_prediction,,10.1186/1752-0509-8-73,exact,direct AO090 match in UniProt cross-reference,False,Q2U223,aor:AO090038000633,,5997620
AOC01844,AO090102000010,AO090102000010,pmeA,Probable pectinesterase A (EC 3.1.1.11) (Pectin methylesterase A),secretory_client,,unassigned,low,Secretory clients are not assigned to machinery subsystems.,,unknown,unassigned,low,none,,,False,,liu2014,database_prediction,,10.1186/1752-0509-8-73,exact,direct AO090 match in UniProt cross-reference,False,Q2UBD9,aor:AO090102000010,ko:K01051,5994304
AOC01845,AO090102000011,AO090102000011,xghA,Probable endo-xylogalacturonan hydrolase A (EC 3.2.1.-),secretory_client,,unassigned,low,Secretory clients are not assigned to machinery subsystems.,,unknown,unassigned,low,none,,,False,,liu2014,database_prediction,,10.1186/1752-0509-8-73,exact,direct AO090 match in UniProt cross-reference,False,Q2UBD8,aor:AO090102000011,,5994305
AOC01846,AO090102000013,AO090102000013,,Carboxylic ester hydrolase (EC 3.1.1.-),secretory_client,,unassigned,low,Secretory clients are not assigned to machinery subsystems.,,unknown,unassigned,low,none,,,False,,liu2014,database_prediction,,10.1186/1752-0509-8-73,exact,direct AO090 match in UniProt cross-reference,False,Q2UBD6,aor:AO090102000013,ko:K09252,5994308
AOC01847,AO090102000020,AO090102000020,,"DNA, SC102",secretory_client,,unassigned,low,Secretory clients are not assigned to machinery subsystems.,,unknown,unassigned,low,none,,,False,,liu2014,database_prediction,,10.1186/1752-0509-8-73,exact,direct AO090 match in UniProt cross-reference,False,Q2UBD0,aor:AO090102000020,,5994313
AOC01848,AO090102000034,AO090102000034,,"DNA, SC102",secretory_client,,unassigned,low,Secretory clients are not assigned to machinery subsystems.,,unknown,unassigned,low,none,,,False,,liu2014,database_prediction,,10.1186/1752-0509-8-73,exact,direct AO090 match in UniProt cross-reference,False,Q2UBB7,aor:AO090102000034,,5994326
AOC01849,AO090102000035,AO090102000035,,"DNA, SC102",secretory_client,,unassigned,low,Secretory clients are not assigned to machinery subsystems.,,unknown,unassigned,low,none,,,False,,liu2014,database_prediction,,10.1186/1752-0509-8-73,exact,direct AO090 match in UniProt cross-reference,False,Q2UBB6,aor:AO090102000035,,5994327
AOC01850,AO090102000044,AO090102000044,,"DNA, SC102",secretory_client,,unassigned,low,Secretory clients are not assigned to machinery subsystems.,,unknown,unassigned,low,none,,,False,,liu2014,database_prediction,,10.1186/1752-0509-8-73,exact,direct AO090 match in UniProt cross-reference,False,Q2UBA8,aor:AO090102000044,,5994335
AOC01851,AO090102000053,AO090102000053,,"DNA, SC102",secretory_client,,unassigned,low,Secretory clients are not assigned to machinery subsystems.,,unknown,unassigned,low,none,,,False,,liu2014,database_prediction,,10.1186/1752-0509-8-73,exact,direct AO090 match in UniProt cross-reference,False,Q2UBA1,aor:AO090102000053,,5994342
AOC01852,AO090102000058,AO090102000058,,"DNA, SC102",secretory_client,,unassigned,low,Secretory clients are not assigned to machinery subsystems.,,unknown,unassigned,low,none,,,False,,liu2014,database_prediction,,10.1186/1752-0509-8-73,exact,direct AO090 match in UniProt cross-reference,False,Q2UB96,aor:AO090102000058,ko:K19069,5994347
AOC01853,AO090102000072,AO090102000072,plyC,Probable pectate lyase C (EC 4.2.2.2),secretory_client,,unassigned,low,Secretory clients are not assigned to machinery subsystems.,,unknown,unassigned,low,none,,,False,,liu2014,database_prediction,,10.1186/1752-0509-8-73,exact,direct AO090 match in UniProt cross-reference,False,Q2UB83,aor:AO090102000072,,5994360
AOC01854,AO090102000079,AO090102000079,,"DNA, SC102",secretory_client,,unassigned,low,Secretory clients are not assigned to machinery subsystems.,,unknown,unassigned,low,none,,,False,,liu2014,database_prediction,,10.1186/1752-0509-8-73,exact,direct AO090 match in UniProt cross-reference,False,Q2UB76,aor:AO090102000079,,5994367
AOC01855,AO090102000089,AO090102000089,,"DNA, SC102",secretory_client,,unassigned,low,Secretory clients are not assigned to machinery subsystems.,,unknown,unassigned,low,none,,,False,,liu2014,database_prediction,,10.1186/1752-0509-8-73,exact,direct AO090 match in UniProt cross-reference,False,Q2UB67,aor:AO090102000089,,5994376
AOC01856,AO090023000944,AO090023000944,amy1; amy2,"Alpha-amylase A type-1/2 (EC 3.2.1.1) (1,4-alpha-D-glucan glucanohydrolase) (Taka-amylase A) (TAA)",secretory_client,,unassigned,low,Secretory clients are not assigned to machinery subsystems.,,unknown,unassigned,low,none,,,True,up,liu2014,database_prediction,,10.1186/1752-0509-8-73,exact,direct AO090 match in UniProt cross-reference,False,P0C1B3,aor:AO090023000944,ko:K01176,5993438
AOC01857,AO090102000097,AO090102000097,,"DNA, SC102",secretory_client,,unassigned,low,Secretory clients are not assigned to machinery subsystems.,,unknown,unassigned,low,none,,,False,,liu2014,database_prediction,,10.1186/1752-0509-8-73,exact,direct AO090 match in UniProt cross-reference,False,Q2UB60,aor:AO090102000097,,5994842
AOC01858,AO090102000139,AO090102000139,,"DNA, SC102",secretory_client,,unassigned,low,Secretory clients are not assigned to machinery subsystems.,,unknown,unassigned,low,none,,,False,,liu2014,database_prediction,,10.1186/1752-0509-8-73,exact,direct AO090 match in UniProt cross-reference,False,Q2UB25,aor:AO090102000139,,5994418
AOC01859,AO090102000152,AO090102000152,,"DNA, SC102",secretory_client,,unassigned,low,Secretory clients are not assigned to machinery subsystems.,,unknown,unassigned,low,none,,,False,,liu2014,database_prediction,,10.1186/1752-0509-8-73,exact,direct AO090 match in UniProt cross-reference,False,Q2UB14,aor:AO090102000152,ko:K09704,5994429
AOC01860,AO090012000578,AO090012000578,,"DNA, SC012",secretory_client,,unassigned,low,Secretory clients are not assigned to machinery subsystems.,,unknown,unassigned,low,none,,,True,up,liu2014,database_prediction,,10.1186/1752-0509-8-73,exact,direct AO090 match in UniProt cross-reference,False,Q2UCI3,aor:AO090012000578,,5988045
AOC01861,AO090102000180,AO090102000180,,"DNA, SC102",secretory_client,,unassigned,low,Secretory clients are not assigned to machinery subsystems.,,unknown,unassigned,low,none,,,False,,liu2014,database_prediction,,10.1186/1752-0509-8-73,exact,direct AO090 match in UniProt cross-reference,False,Q2UAY8,aor:AO090102000180,,5994455
AOC01862,AO090102000201,AO090102000201,,"DNA, SC102",secretory_client,,unassigned,low,Secretory clients are not assigned to machinery subsystems.,,unknown,unassigned,low,none,,,False,,liu2014,database_prediction,,10.1186/1752-0509-8-73,exact,direct AO090 match in UniProt cross-reference,False,Q2UAW9,aor:AO090102000201,,5994474
AOC01863,AO090102000224,AO090102000224,,"DNA, SC102",secretory_client,,unassigned,low,Secretory clients are not assigned to machinery subsystems.,,unknown,unassigned,low,none,,,False,,liu2014,database_prediction,,10.1186/1752-0509-8-73,exact,direct AO090 match in UniProt cross-reference,False,Q2UAV0,aor:AO090102000224,,5994493
AOC01864,AO090102000263,AO090102000263,,"DNA, SC102",secretory_client,,unassigned,low,Secretory clients are not assigned to machinery subsystems.,,unknown,unassigned,low,none,,,False,,liu2014,database_prediction,,10.1186/1752-0509-8-73,exact,direct AO090 match in UniProt cross-reference,False,Q2UAS3,aor:AO090102000263,,5994520
AOC01865,AO090102000269,AO090102000269,,"DNA, SC102",secretory_client,,unassigned,low,Secretory clients are not assigned to machinery subsystems.,,unknown,unassigned,low,none,,,False,,liu2014,database_prediction,,10.1186/1752-0509-8-73,exact,direct AO090 match in UniProt cross-reference,False,Q2UAR8,aor:AO090102000269,,5994525
AOC01866,AO090102000296,AO090102000296,,"DNA, SC102",secretory_client,,unassigned,low,Secretory clients are not assigned to machinery subsystems.,,unknown,unassigned,low,none,,,False,,liu2014,database_prediction,,10.1186/1752-0509-8-73,exact,direct AO090 match in UniProt cross-reference,False,Q2UAP7,aor:AO090102000296,,5994546
AOC01867,AO090102000331,AO090102000331,,"DNA, SC102",secretory_client,,unassigned,low,Secretory clients are not assigned to machinery subsystems.,,unknown,unassigned,low,none,,,False,,liu2014,database_prediction,,10.1186/1752-0509-8-73,exact,direct AO090 match in UniProt cross-reference,False,Q2UAM2,aor:AO090102000331,,35119777
AOC01868,AO090102000335,AO090102000335,,"DNA, SC102",secretory_client,,unassigned,low,Secretory clients are not assigned to machinery subsystems.,,unknown,unassigned,low,none,,,False,,liu2014,database_prediction,,10.1186/1752-0509-8-73,exact,direct AO090 match in UniProt cross-reference,False,Q2UAL9,aor:AO090102000335,ko:K01123,5994574
AOC01869,AO090102000344,AO090102000344,,"DNA, SC102",secretory_client,,unassigned,low,Secretory clients are not assigned to machinery subsystems.,,unknown,unassigned,low,none,,,False,,liu2014,database_prediction,,10.1186/1752-0509-8-73,exact,direct AO090 match in UniProt cross-reference,False,Q2UAL0,aor:AO090102000344,,5994583
AOC01870,AO090102000346,AO090102000346,,"DNA, SC102",secretory_client,,unassigned,low,Secretory clients are not assigned to machinery subsystems.,,unknown,unassigned,low,none,,,False,,liu2014,database_prediction,,10.1186/1752-0509-8-73,exact,direct AO090 match in UniProt cross-reference,False,Q2UAK8,aor:AO090102000346,,5994585
AOC01871,AO090102000359,AO090102000359,,"DNA, SC102",secretory_client,,unassigned,low,Secretory clients are not assigned to machinery subsystems.,,unknown,unassigned,low,none,,,False,,liu2014,database_prediction,,10.1186/1752-0509-8-73,exact,direct AO090 match in UniProt cross-reference,False,Q2UAJ5,aor:AO090102000359,,5994598
AOC01872,AO090102000383,AO090102000383,,"DNA, SC102",secretory_client,,unassigned,low,Secretory clients are not assigned to machinery subsystems.,,unknown,unassigned,low,none,,,False,,liu2014,database_prediction,,10.1186/1752-0509-8-73,exact,direct AO090 match in UniProt cross-reference,False,Q2UAH4,aor:AO090102000383,,5994619
AOC01873,AO090102000409,AO090102000409,,"DNA, SC102",secretory_client,,unassigned,low,Secretory clients are not assigned to machinery subsystems.,,unknown,unassigned,low,none,,,False,,liu2014,database_prediction,,10.1186/1752-0509-8-73,exact,direct AO090 match in UniProt cross-reference,False,Q2UAF7,aor:AO090102000409,,5994636
AOC01874,AO090102000438,AO090102000438,,"DNA, SC102",secretory_client,,unassigned,low,Secretory clients are not assigned to machinery subsystems.,,unknown,unassigned,low,none,,,False,,liu2014,database_prediction,,10.1186/1752-0509-8-73,exact,direct AO090 match in UniProt cross-reference,False,Q2UAD3,aor:AO090102000438,,5994660
AOC01875,AO090102000440,AO090102000440,,"DNA, SC102",secretory_client,,unassigned,low,Secretory clients are not assigned to machinery subsystems.,,unknown,unassigned,low,none,,,False,,liu2014,database_prediction,,10.1186/1752-0509-8-73,exact,direct AO090 match in UniProt cross-reference,False,Q2UAD1,aor:AO090102000440,,5994662
AOC01876,AO090102000494,AO090102000494,,"DNA, SC102",secretory_client,,unassigned,low,Secretory clients are not assigned to machinery subsystems.,,unknown,unassigned,low,none,,,False,,liu2014,database_prediction,,10.1186/1752-0509-8-73,exact,direct AO090 match in UniProt cross-reference,False,Q2UA90,aor:AO090102000494,,5994703
AOC01877,AO090102000501,AO090102000501,AA11,AA11 family lytic polysaccharide monooxygenase (LPMO11) (EC 1.14.99.-),secretory_client,,unassigned,low,Secretory clients are not assigned to machinery subsystems.,,unknown,unassigned,low,none,,,False,,liu2014,database_prediction,,10.1186/1752-0509-8-73,exact,direct AO090 match in UniProt cross-reference,False,Q2UA85,,,
AOC01878,AO090102000531,AO090102000531,,"DNA, SC102",secretory_client,,unassigned,low,Secretory clients are not assigned to machinery subsystems.,,unknown,unassigned,low,none,,,False,,liu2014,database_prediction,,10.1186/1752-0509-8-73,exact,direct AO090 match in UniProt cross-reference,False,Q2UA60,aor:AO090102000531,,5994733
AOC01879,AO090102000533,AO090102000533,,"DNA, SC102",secretory_client,,unassigned,low,Secretory clients are not assigned to machinery subsystems.,,unknown,unassigned,low,none,,,False,,liu2014,database_prediction,,10.1186/1752-0509-8-73,exact,direct AO090 match in UniProt cross-reference,False,Q2UA58,aor:AO090102000533,,35119780
AOC01880,AO090102000542,AO090102000542,,"DNA, SC102",secretory_client,,unassigned,low,Secretory clients are not assigned to machinery subsystems.,,unknown,unassigned,low,none,,,False,,liu2014,database_prediction,,10.1186/1752-0509-8-73,exact,direct AO090 match in UniProt cross-reference,False,Q2UA51,aor:AO090102000542,,5994742
AOC01881,AO090102000546,AO090102000546,,"DNA, SC102",secretory_client,,unassigned,low,Secretory clients are not assigned to machinery subsystems.,,unknown,unassigned,low,none,,,False,,liu2014,database_prediction,,10.1186/1752-0509-8-73,exact,direct AO090 match in UniProt cross-reference,False,Q2UA47,aor:AO090102000546,,5994746
AOC01882,AO090102000574,AO090102000574,,"DNA, SC102",secretory_client,,unassigned,low,Secretory clients are not assigned to machinery subsystems.,,unknown,unassigned,low,none,,,False,,liu2014,database_prediction,,10.1186/1752-0509-8-73,exact,direct AO090 match in UniProt cross-reference,False,Q2UA23,aor:AO090102000574,ko:K13800,5994770
AOC01883,AO090102000575,AO090102000575,,"DNA, SC102",secretory_client,,unassigned,low,Secretory clients are not assigned to machinery subsystems.,,unknown,unassigned,low,none,,,False,,liu2014,database_prediction,,10.1186/1752-0509-8-73,exact,direct AO090 match in UniProt cross-reference,False,Q2UA22,aor:AO090102000575,,5994771
AOC01884,AO090102000586,AO090102000586,,chitinase (EC 3.2.1.14),secretory_client,,unassigned,low,Secretory clients are not assigned to machinery subsystems.,,unknown,unassigned,low,none,,,False,,liu2014,database_prediction,,10.1186/1752-0509-8-73,exact,direct AO090 match in UniProt cross-reference,False,Q2UA11,aor:AO090102000586,ko:K01183,
AOC01885,AO090012000922,AO090012000922,,"DNA, SC012",secretory_client,,unassigned,low,Secretory clients are not assigned to machinery subsystems.,,unknown,unassigned,low,none,,,True,down,liu2014,database_prediction,,10.1186/1752-0509-8-73,exact,direct AO090 match in UniProt cross-reference,False,Q2UBP2,aor:AO090012000922,,5988336
AOC01886,AO090102000634,AO090102000634,,"DNA, SC102",secretory_client,,unassigned,low,Secretory clients are not assigned to machinery subsystems.,,unknown,unassigned,low,none,,,False,,liu2014,database_prediction,,10.1186/1752-0509-8-73,exact,direct AO090 match in UniProt cross-reference,False,Q2U9W9,aor:AO090102000634,ko:K23568,5994824
AOC01887,AO090103000004,AO090103000004,,"DNA, SC103",secretory_client,,unassigned,low,Secretory clients are not assigned to machinery subsystems.,,unknown,unassigned,low,none,,,False,,liu2014,database_prediction,,10.1186/1752-0509-8-73,exact,direct AO090 match in UniProt cross-reference,False,Q2TZ31,aor:AO090103000004,,5998747
AOC01888,AO090103000026,AO090103000026,,Carboxypeptidase (EC 3.4.16.-),secretory_client,,unassigned,low,Secretory clients are not assigned to machinery subsystems.,,unknown,unassigned,low,none,,,False,,liu2014,database_prediction,,10.1186/1752-0509-8-73,exact,direct AO090 match in UniProt cross-reference,False,Q2TZ11,aor:AO090103000026,,5998767
AOC01889,AO090103000036,AO090103000036,,Carboxylic ester hydrolase (EC 3.1.1.-),secretory_client,,unassigned,low,Secretory clients are not assigned to machinery subsystems.,,unknown,unassigned,low,none,,,False,,liu2014,database_prediction,,10.1186/1752-0509-8-73,exact,direct AO090 match in UniProt cross-reference,False,Q2TZ03,aor:AO090103000036,,5998775
AOC01890,AO090103000038,AO090103000038,,"DNA, SC103",secretory_client,,unassigned,low,Secretory clients are not assigned to machinery subsystems.,,unknown,unassigned,low,none,,,False,,liu2014,database_prediction,,10.1186/1752-0509-8-73,exact,direct AO090 match in UniProt cross-reference,False,Q2TZ01,aor:AO090103000038,,5998777
AOC01891,AO090103000056,AO090103000056,,"DNA, SC103",secretory_client,,unassigned,low,Secretory clients are not assigned to machinery subsystems.,,unknown,unassigned,low,none,,,False,,liu2014,database_prediction,,10.1186/1752-0509-8-73,exact,direct AO090 match in UniProt cross-reference,False,Q2TYY5,aor:AO090103000056,,5998793
AOC01892,AO090103000076,AO090103000076,,"DNA, SC103",secretory_client,,unassigned,low,Secretory clients are not assigned to machinery subsystems.,,unknown,unassigned,low,none,,,False,,liu2014,database_prediction,,10.1186/1752-0509-8-73,exact,direct AO090 match in UniProt cross-reference,False,Q2TYW9,aor:AO090103000076,,5998808
AOC01893,AO090103000083,AO090103000083,,"DNA, SC103",secretory_client,,unassigned,low,Secretory clients are not assigned to machinery subsystems.,,unknown,unassigned,low,none,,,False,,liu2014,database_prediction,,10.1186/1752-0509-8-73,exact,direct AO090 match in UniProt cross-reference,False,Q2TYW5,aor:AO090103000083,,35119784
AOC01894,AO090103000087,AO090103000087,,"AA9 family lytic polysaccharide monooxygenase (EC 1.14.99.56) (Endo-beta-1,4-glucanase) (Glycosyl hydrolase 61 family protein)",secretory_client,,unassigned,low,Secretory clients are not assigned to machinery subsystems.,,unknown,unassigned,low,none,,,False,,liu2014,database_prediction,,10.1186/1752-0509-8-73,exact,direct AO090 match in UniProt cross-reference,False,Q2TYW2,aor:AO090103000087,,5998816
AOC01895,AO090103000088,AO090103000088,,Alpha-L-arabinofuranosidase (EC 3.2.1.55),secretory_client,,unassigned,low,Secretory clients are not assigned to machinery subsystems.,,unknown,unassigned,low,none,,,False,,liu2014,database_prediction,,10.1186/1752-0509-8-73,exact,direct AO090 match in UniProt cross-reference,False,Q2TYW1,aor:AO090103000088,,
AOC01896,AO090103000092,AO090103000092,,"DNA, SC103",secretory_client,,unassigned,low,Secretory clients are not assigned to machinery subsystems.,,unknown,unassigned,low,none,,,False,,liu2014,database_prediction,,10.1186/1752-0509-8-73,exact,direct AO090 match in UniProt cross-reference,False,Q2TYV7,aor:AO090103000092,,5998821
AOC01897,AO090103000093,AO090103000093,,"DNA, SC103",secretory_client,,unassigned,low,Secretory clients are not assigned to machinery subsystems.,,unknown,unassigned,low,none,,,False,,liu2014,database_prediction,,10.1186/1752-0509-8-73,exact,direct AO090 match in UniProt cross-reference,False,Q2TYV6,aor:AO090103000093,,5998822
AOC01898,AO090011000343,AO090011000343,,"DNA, SC011",secretory_client,,unassigned,low,Secretory clients are not assigned to machinery subsystems.,,unknown,unassigned,low,none,,,True,down,liu2014,database_prediction,,10.1186/1752-0509-8-73,exact,direct AO090 match in UniProt cross-reference,False,Q2U0Q6,aor:AO090011000343,,5998095
AOC01899,AO090103000109,AO090103000109,,"Mannan endo-1,6-alpha-mannosidase (EC 3.2.1.101)",secretory_client,,unassigned,low,Secretory clients are not assigned to machinery subsystems.,,unknown,unassigned,low,none,,,False,,liu2014,database_prediction,,10.1186/1752-0509-8-73,exact,direct AO090 match in UniProt cross-reference,False,Q2TYU3,aor:AO090103000109,ko:K08257,5998835
AOC01900,AO090103000123,AO090103000123,,"DNA, SC103",secretory_client,,unassigned,low,Secretory clients are not assigned to machinery subsystems.,,unknown,unassigned,low,none,,,False,,liu2014,database_prediction,,10.1186/1752-0509-8-73,exact,direct AO090 match in UniProt cross-reference,False,Q2TYS9,aor:AO090103000123,,5998849
AOC01901,AO090103000126,AO090103000126,,"DNA, SC103",secretory_client,,unassigned,low,Secretory clients are not assigned to machinery subsystems.,,unknown,unassigned,low,none,,,False,,liu2014,database_prediction,,10.1186/1752-0509-8-73,exact,direct AO090 match in UniProt cross-reference,False,Q2TYS7,aor:AO090103000126,,5998851
AOC01902,AO090103000141,AO090103000141,,"Endo-1,4-beta-xylanase (EC 3.2.1.8)",secretory_client,,unassigned,low,Secretory clients are not assigned to machinery subsystems.,,unknown,unassigned,low,none,,,False,,liu2014,database_prediction,,10.1186/1752-0509-8-73,exact,direct AO090 match in UniProt cross-reference,False,Q2TYR4,aor:AO090103000141,,5998864
AOC01903,AO090103000172,AO090103000172,,"DNA, SC103",secretory_client,,unassigned,low,Secretory clients are not assigned to machinery subsystems.,,unknown,unassigned,low,none,,,False,,liu2014,database_prediction,,10.1186/1752-0509-8-73,exact,direct AO090 match in UniProt cross-reference,False,Q2TYN9,aor:AO090103000172,,5998889
AOC01904,AO090103000181,AO090103000181,,"DNA, SC103",secretory_client,,unassigned,low,Secretory clients are not assigned to machinery subsystems.,,unknown,unassigned,low,none,,,False,,liu2014,database_prediction,,10.1186/1752-0509-8-73,exact,direct AO090 match in UniProt cross-reference,False,Q2TYN0,aor:AO090103000181,,5998898
AOC01905,AO090103000198,AO090103000198,,"DNA, SC103",secretory_client,,unassigned,low,Secretory clients are not assigned to machinery subsystems.,,unknown,unassigned,low,none,,,False,,liu2014,database_prediction,,10.1186/1752-0509-8-73,exact,direct AO090 match in UniProt cross-reference,False,Q2TYL5,aor:AO090103000198,,5998913
AOC01906,AO090103000213,AO090103000213,,"DNA, SC103",secretory_client,,unassigned,low,Secretory clients are not assigned to machinery subsystems.,,unknown,unassigned,low,none,,,False,,liu2014,database_prediction,,10.1186/1752-0509-8-73,exact,direct AO090 match in UniProt cross-reference,False,Q2TYK1,aor:AO090103000213,,5998927
AOC01907,AO090103000214,AO090103000214,,glucose oxidase (EC 1.1.3.4),secretory_client,,unassigned,low,Secretory clients are not assigned to machinery subsystems.,,unknown,unassigned,low,none,,,False,,liu2014,database_prediction,,10.1186/1752-0509-8-73,exact,direct AO090 match in UniProt cross-reference,False,Q2TYK0,aor:AO090103000214,,5998928
AOC01908,AO090103000216,AO090103000216,,"DNA, SC103",secretory_client,,unassigned,low,Secretory clients are not assigned to machinery subsystems.,,unknown,unassigned,low,none,,,False,,liu2014,database_prediction,,10.1186/1752-0509-8-73,exact,direct AO090 match in UniProt cross-reference,False,Q2TYJ8,aor:AO090103000216,,5998930
AOC01909,AO090103000238,AO090103000238,,"DNA, SC103",secretory_client,,unassigned,low,Secretory clients are not assigned to machinery subsystems.,,unknown,unassigned,low,none,,,False,,liu2014,database_prediction,,10.1186/1752-0509-8-73,exact,direct AO090 match in UniProt cross-reference,False,Q2TYI0,aor:AO090103000238,,5998948
AOC01910,AO090103000239,AO090103000239,,"DNA, SC103",secretory_client,,unassigned,low,Secretory clients are not assigned to machinery subsystems.,,unknown,unassigned,low,none,,,False,,liu2014,database_prediction,,10.1186/1752-0509-8-73,exact,direct AO090 match in UniProt cross-reference,False,Q2TYH9,aor:AO090103000239,,5998949
AOC01911,AO090103000242,AO090103000242,,Carboxylic ester hydrolase (EC 3.1.1.-),secretory_client,,unassigned,low,Secretory clients are not assigned to machinery subsystems.,,unknown,unassigned,low,none,,,False,,liu2014,database_prediction,,10.1186/1752-0509-8-73,exact,direct AO090 match in UniProt cross-reference,False,Q2TYH6,aor:AO090103000242,,5998952
AOC01912,AO090103000281,AO090103000281,,"DNA, SC103",secretory_client,,unassigned,low,Secretory clients are not assigned to machinery subsystems.,,unknown,unassigned,low,none,,,False,,liu2014,database_prediction,,10.1186/1752-0509-8-73,exact,direct AO090 match in UniProt cross-reference,False,Q2TYE5,aor:AO090103000281,,5998983
AOC01913,AO090103000291,AO090103000291,,"DNA, SC103",secretory_client,,unassigned,low,Secretory clients are not assigned to machinery subsystems.,,unknown,unassigned,low,none,,,False,,liu2014,database_prediction,,10.1186/1752-0509-8-73,exact,direct AO090 match in UniProt cross-reference,False,Q2TYD5,aor:AO090103000291,,5998993
AOC01914,AO090103000292,AO090103000292,,"DNA, SC103",secretory_client,,unassigned,low,Secretory clients are not assigned to machinery subsystems.,,unknown,unassigned,low,none,,,False,,liu2014,database_prediction,,10.1186/1752-0509-8-73,exact,direct AO090 match in UniProt cross-reference,False,Q2TYD4,aor:AO090103000292,,5998994
AOC01915,AO090103000308,AO090103000308,,"DNA, SC103",secretory_client,,unassigned,low,Secretory clients are not assigned to machinery subsystems.,,unknown,unassigned,low,none,,,False,,liu2014,database_prediction,,10.1186/1752-0509-8-73,exact,direct AO090 match in UniProt cross-reference,False,Q2TYC1,aor:AO090103000308,,5999007
AOC01916,AO090103000326,AO090103000326,,Beta-xylanase (EC 3.2.1.8),secretory_client,,unassigned,low,Secretory clients are not assigned to machinery subsystems.,,unknown,unassigned,low,none,,,False,,liu2014,database_prediction,,10.1186/1752-0509-8-73,exact,direct AO090 match in UniProt cross-reference,False,Q2TYA7,aor:AO090103000326,ko:K01181,5999021
AOC01917,AO090103000332,AO090103000332,cpyA,Carboxypeptidase Y homolog A (EC 3.4.16.5),secretory_client,,unassigned,low,Secretory clients are not assigned to machinery subsystems.,,unknown,unassigned,low,none,,,False,,liu2014,database_prediction,,10.1186/1752-0509-8-73,exact,direct AO090 match in UniProt cross-reference,False,Q2TYA1,aor:AO090103000332,ko:K13289,
AOC01918,AO090103000338,AO090103000338,,Purple acid phosphatase (EC 3.1.3.2),secretory_client,,unassigned,low,Secretory clients are not assigned to machinery subsystems.,,unknown,unassigned,low,none,,,False,,liu2014,database_prediction,,10.1186/1752-0509-8-73,exact,direct AO090 match in UniProt cross-reference,False,Q2TY95,aor:AO090103000338,,5999033
AOC01919,AO090103000384,AO090103000384,,"DNA, SC103",secretory_client,,unassigned,low,Secretory clients are not assigned to machinery subsystems.,,unknown,unassigned,low,none,,,False,,liu2014,database_prediction,,10.1186/1752-0509-8-73,exact,direct AO090 match in UniProt cross-reference,False,Q2TY56,aor:AO090103000384,,5999072
AOC01920,AO090103000388,AO090103000388,,"DNA, SC103",secretory_client,,unassigned,low,Secretory clients are not assigned to machinery subsystems.,,unknown,unassigned,low,none,,,False,,liu2014,database_prediction,,10.1186/1752-0509-8-73,exact,direct AO090 match in UniProt cross-reference,False,Q2TY53,aor:AO090103000388,,5999189
AOC01921,AO090103000423,AO090103000423,xynF1,"Endo-1,4-beta-xylanase F1 (Xylanase F1) (EC 3.2.1.8) (1,4-beta-D-xylan xylanohydrolase F1)",secretory_client,,unassigned,low,Secretory clients are not assigned to machinery subsystems.,,unknown,unassigned,low,none,,,False,,liu2014,database_prediction,,10.1186/1752-0509-8-73,exact,direct AO090 match in UniProt cross-reference,False,O94163,,ko:K01181,
AOC01922,AO090103000425,AO090103000425,,"DNA, SC103",secretory_client,,unassigned,low,Secretory clients are not assigned to machinery subsystems.,,unknown,unassigned,low,none,,,False,,liu2014,database_prediction,,10.1186/1752-0509-8-73,exact,direct AO090 match in UniProt cross-reference,False,Q2TY19,aor:AO090103000425,,5999109
AOC01923,AO090103000442,AO090103000442,,"DNA, SC103",secretory_client,,unassigned,low,Secretory clients are not assigned to machinery subsystems.,,unknown,unassigned,low,none,,,False,,liu2014,database_prediction,,10.1186/1752-0509-8-73,exact,direct AO090 match in UniProt cross-reference,False,Q2TY03,aor:AO090103000442,,5999125
AOC01924,AO090103000463,AO090103000463,,pectin lyase (EC 4.2.2.10),secretory_client,,unassigned,low,Secretory clients are not assigned to machinery subsystems.,,unknown,unassigned,low,none,,,False,,liu2014,database_prediction,,10.1186/1752-0509-8-73,exact,direct AO090 match in UniProt cross-reference,False,Q2TXY7,aor:AO090103000463,ko:K01732,5999141
AOC01925,AO090103000466,AO090103000466,,"DNA, SC103",secretory_client,,unassigned,low,Secretory clients are not assigned to machinery subsystems.,,unknown,unassigned,low,none,,,False,,liu2014,database_prediction,,10.1186/1752-0509-8-73,exact,direct AO090 match in UniProt cross-reference,False,Q2TXY4,aor:AO090103000466,,5999144
AOC01926,AO090103000478,AO090103000478,,"DNA, SC103",secretory_client,,unassigned,low,Secretory clients are not assigned to machinery subsystems.,,unknown,unassigned,low,none,,,False,,liu2014,database_prediction,,10.1186/1752-0509-8-73,exact,direct AO090 match in UniProt cross-reference,False,Q2TXX5,aor:AO090103000478,,5999153
AOC01927,AO090103000483,AO090103000483,,N-acetylglucosaminylphosphatidylinositol deacetylase (EC 3.5.1.89),secretory_client,,unassigned,low,Secretory clients are not assigned to machinery subsystems.,,unknown,unassigned,low,none,,,False,,liu2014,database_prediction,,10.1186/1752-0509-8-73,exact,direct AO090 match in UniProt cross-reference,False,Q2TXX1,aor:AO090103000483,,35119797
AOC01928,AO090103000487,AO090103000487,,"DNA, SC103",secretory_client,,unassigned,low,Secretory clients are not assigned to machinery subsystems.,,unknown,unassigned,low,none,,,False,,liu2014,database_prediction,,10.1186/1752-0509-8-73,exact,direct AO090 match in UniProt cross-reference,False,Q2TXW8,aor:AO090103000487,,5999160
AOC01929,AO090103000493,AO090103000493,,"DNA, SC103",secretory_client,,unassigned,low,Secretory clients are not assigned to machinery subsystems.,,unknown,unassigned,low,none,,,False,,liu2014,database_prediction,,10.1186/1752-0509-8-73,exact,direct AO090 match in UniProt cross-reference,False,Q2TXW4,aor:AO090103000493,,5999164
AOC01930,AO090103000495,AO090103000495,,"DNA, SC103",secretory_client,,unassigned,low,Secretory clients are not assigned to machinery subsystems.,,unknown,unassigned,low,none,,,False,,liu2014,database_prediction,,10.1186/1752-0509-8-73,exact,direct AO090 match in UniProt cross-reference,False,Q2TXW2,aor:AO090103000495,,5999166
AOC01931,AO090113000017,AO090113000017,,"DNA, SC113",secretory_client,,unassigned,low,Secretory clients are not assigned to machinery subsystems.,,unknown,unassigned,low,none,,,False,,liu2014,database_prediction,,10.1186/1752-0509-8-73,exact,direct AO090 match in UniProt cross-reference,False,Q2U5T2,aor:AO090113000017,,5995863
AOC01932,AO090113000024,AO090113000024,,"DNA, SC113",secretory_client,,unassigned,low,Secretory clients are not assigned to machinery subsystems.,,unknown,unassigned,low,none,,,False,,liu2014,database_prediction,,10.1186/1752-0509-8-73,exact,direct AO090 match in UniProt cross-reference,False,Q2U5S7,aor:AO090113000024,,5995868
AOC01933,AO090113000043,AO090113000043,,"DNA, SC113",secretory_client,,unassigned,low,Secretory clients are not assigned to machinery subsystems.,,unknown,unassigned,low,none,,,False,,liu2014,database_prediction,,10.1186/1752-0509-8-73,exact,direct AO090 match in UniProt cross-reference,False,Q2U5R0,aor:AO090113000043,,5995885
AOC01934,AO090113000057,AO090113000057,rglC,Probable rhamnogalacturonate lyase C (EC 4.2.2.23),secretory_client,,unassigned,low,Secretory clients are not assigned to machinery subsystems.,,unknown,unassigned,low,none,,,False,,liu2014,database_prediction,,10.1186/1752-0509-8-73,exact,direct AO090 match in UniProt cross-reference,False,Q2U5P7,,ko:K18195,
AOC01935,AO090113000059,AO090113000059,,"DNA, SC113",secretory_client,,unassigned,low,Secretory clients are not assigned to machinery subsystems.,,unknown,unassigned,low,none,,,False,,liu2014,database_prediction,,10.1186/1752-0509-8-73,exact,direct AO090 match in UniProt cross-reference,False,Q2U5P5,aor:AO090113000059,,5995900
AOC01936,AO090113000060,AO090113000060,,"DNA, SC113",secretory_client,,unassigned,low,Secretory clients are not assigned to machinery subsystems.,,unknown,unassigned,low,none,,,False,,liu2014,database_prediction,,10.1186/1752-0509-8-73,exact,direct AO090 match in UniProt cross-reference,False,Q2U5P4,aor:AO090113000060,,5995901
AOC01937,AO090113000062,AO090113000062,,"DNA, SC113",secretory_client,,unassigned,low,Secretory clients are not assigned to machinery subsystems.,,unknown,unassigned,low,none,,,False,,liu2014,database_prediction,,10.1186/1752-0509-8-73,exact,direct AO090 match in UniProt cross-reference,False,Q2U5P2,aor:AO090113000062,,5996032
AOC01938,AO090113000063,AO090113000063,csnC,Endo-chitosanase C (EC 3.2.1.132),secretory_client,,unassigned,low,Secretory clients are not assigned to machinery subsystems.,,unknown,unassigned,low,none,,,False,,liu2014,database_prediction,,10.1186/1752-0509-8-73,exact,direct AO090 match in UniProt cross-reference,False,Q2U5P1,,ko:K01233,
AOC01939,AO090113000074,AO090113000074,,Carboxylic ester hydrolase (EC 3.1.1.-),secretory_client,,unassigned,low,Secretory clients are not assigned to machinery subsystems.,,unknown,unassigned,low,none,,,False,,liu2014,database_prediction,,10.1186/1752-0509-8-73,exact,direct AO090 match in UniProt cross-reference,False,Q2U5N3,aor:AO090113000074,,5995912
AOC01940,AO090113000076,AO090113000076,,"DNA, SC113",secretory_client,,unassigned,low,Secretory clients are not assigned to machinery subsystems.,,unknown,unassigned,low,none,,,False,,liu2014,database_prediction,,10.1186/1752-0509-8-73,exact,direct AO090 match in UniProt cross-reference,False,Q2U5N1,aor:AO090113000076,,5995914
AOC01941,AO090113000091,AO090113000091,,"DNA, SC113",secretory_client,,unassigned,low,Secretory clients are not assigned to machinery subsystems.,,unknown,unassigned,low,none,,,False,,liu2014,database_prediction,,10.1186/1752-0509-8-73,exact,direct AO090 match in UniProt cross-reference,False,Q2U5L8,aor:AO090113000091,,5995927
AOC01942,AO090113000105,AO090113000105,,"DNA, SC113",secretory_client,,unassigned,low,Secretory clients are not assigned to machinery subsystems.,,unknown,unassigned,low,none,,,False,,liu2014,database_prediction,,10.1186/1752-0509-8-73,exact,direct AO090 match in UniProt cross-reference,False,Q2U5K7,aor:AO090113000105,ko:K20832,5995938
AOC01943,AO090113000125,AO090113000125,,"DNA, SC113",secretory_client,,unassigned,low,Secretory clients are not assigned to machinery subsystems.,,unknown,unassigned,low,none,,,False,,liu2014,database_prediction,,10.1186/1752-0509-8-73,exact,direct AO090 match in UniProt cross-reference,False,Q2U5J0,aor:AO090113000125,,5995955
AOC01944,AO090113000130,AO090113000130,,"DNA, SC113",secretory_client,,unassigned,low,Secretory clients are not assigned to machinery subsystems.,,unknown,unassigned,low,none,,,False,,liu2014,database_prediction,,10.1186/1752-0509-8-73,exact,direct AO090 match in UniProt cross-reference,False,Q2U5I5,aor:AO090113000130,,5995960
AOC01945,AO090113000144,AO090113000144,,Arylsulfatase (AS) (EC 3.1.6.1) (Aryl-sulfate sulphohydrolase),secretory_client,,unassigned,low,Secretory clients are not assigned to machinery subsystems.,,unknown,unassigned,low,none,,,False,,liu2014,database_prediction,,10.1186/1752-0509-8-73,exact,direct AO090 match in UniProt cross-reference,False,Q2U5H2,aor:AO090113000144,,5995973
AOC01946,AO090113000145,AO090113000145,,"DNA, SC113",secretory_client,,unassigned,low,Secretory clients are not assigned to machinery subsystems.,,unknown,unassigned,low,none,,,False,,liu2014,database_prediction,,10.1186/1752-0509-8-73,exact,direct AO090 match in UniProt cross-reference,False,Q2U5H1,aor:AO090113000145,,5995974
AOC01947,AO090113000146,AO090113000146,,"DNA, SC113",secretory_client,,unassigned,low,Secretory clients are not assigned to machinery subsystems.,,unknown,unassigned,low,none,,,False,,liu2014,database_prediction,,10.1186/1752-0509-8-73,exact,direct AO090 match in UniProt cross-reference,False,Q2U5H0,aor:AO090113000146,,5995975
AOC01948,AO090113000155,AO090113000155,,"DNA, SC113",secretory_client,,unassigned,low,Secretory clients are not assigned to machinery subsystems.,,unknown,unassigned,low,none,,,False,,liu2014,database_prediction,,10.1186/1752-0509-8-73,exact,direct AO090 match in UniProt cross-reference,False,Q2U5G2,aor:AO090113000155,,5995983
AOC01949,AO090113000171,AO090113000171,,"DNA, SC113",secretory_client,,unassigned,low,Secretory clients are not assigned to machinery subsystems.,,unknown,unassigned,low,none,,,False,,liu2014,database_prediction,,10.1186/1752-0509-8-73,exact,direct AO090 match in UniProt cross-reference,False,Q2U5E9,aor:AO090113000171,ko:K18385,35119804
AOC01950,AO090113000178,AO090113000178,,"DNA, SC113",secretory_client,,unassigned,low,Secretory clients are not assigned to machinery subsystems.,,unknown,unassigned,low,none,,,False,,liu2014,database_prediction,,10.1186/1752-0509-8-73,exact,direct AO090 match in UniProt cross-reference,False,Q2U5E5,aor:AO090113000178,,5996000
AOC01951,AO090113000180,AO090113000180,,"DNA, SC113",secretory_client,,unassigned,low,Secretory clients are not assigned to machinery subsystems.,,unknown,unassigned,low,none,,,False,,liu2014,database_prediction,,10.1186/1752-0509-8-73,exact,direct AO090 match in UniProt cross-reference,False,Q2U5E3,aor:AO090113000180,,5996003
AOC01952,AO090113000195,AO090113000195,,"DNA, SC113",secretory_client,,unassigned,low,Secretory clients are not assigned to machinery subsystems.,,unknown,unassigned,low,none,,,False,,liu2014,database_prediction,,10.1186/1752-0509-8-73,exact,direct AO090 match in UniProt cross-reference,False,Q2U5C8,aor:AO090113000195,,5996017
AOC01953,AO090113000196,AO090113000196,,"DNA, SC113",secretory_client,,unassigned,low,Secretory clients are not assigned to machinery subsystems.,,unknown,unassigned,low,none,,,False,,liu2014,database_prediction,,10.1186/1752-0509-8-73,exact,direct AO090 match in UniProt cross-reference,False,Q2U5C7,aor:AO090113000196,,5996018
AOC01954,AO090113000198,AO090113000198,,"glucan endo-1,3-alpha-glucosidase (EC 3.2.1.59)",secretory_client,,unassigned,low,Secretory clients are not assigned to machinery subsystems.,,unknown,unassigned,low,none,,,False,,liu2014,database_prediction,,10.1186/1752-0509-8-73,exact,direct AO090 match in UniProt cross-reference,False,Q2U5C6,aor:AO090113000198,ko:K08254,5996019
AOC01955,AO090113000199,AO090113000199,,"galacturonan 1,4-alpha-galacturonidase (EC 3.2.1.67)",secretory_client,,unassigned,low,Secretory clients are not assigned to machinery subsystems.,,unknown,unassigned,low,none,,,False,,liu2014,database_prediction,,10.1186/1752-0509-8-73,exact,direct AO090 match in UniProt cross-reference,False,Q2U5C5,aor:AO090113000199,ko:K01213,5996020
AOC01956,AO090120000005,AO090120000005,,"DNA, SC113",secretory_client,,unassigned,low,Secretory clients are not assigned to machinery subsystems.,,unknown,unassigned,low,none,,,False,,liu2014,database_prediction,,10.1186/1752-0509-8-73,exact,direct AO090 match in UniProt cross-reference,False,Q2U720,aor:AO090120000005,,5996037
AOC01957,AO090120000006,AO090120000006,,"DNA, SC113",secretory_client,,unassigned,low,Secretory clients are not assigned to machinery subsystems.,,unknown,unassigned,low,none,,,False,,liu2014,database_prediction,,10.1186/1752-0509-8-73,exact,direct AO090 match in UniProt cross-reference,False,Q2U719,aor:AO090120000006,,5996038
AOC01958,AO090120000008,AO090120000008,,Carboxypeptidase M14B (Carboxypeptidase MCPB),secretory_client,,unassigned,low,Secretory clients are not assigned to machinery subsystems.,,unknown,unassigned,low,none,,,False,,liu2014,database_prediction,,10.1186/1752-0509-8-73,exact,direct AO090 match in UniProt cross-reference,False,Q2U717,aor:AO090120000008,,5996040
AOC01959,AO090120000014,AO090120000014,,"DNA, SC113",secretory_client,,unassigned,low,Secretory clients are not assigned to machinery subsystems.,,unknown,unassigned,low,none,,,False,,liu2014,database_prediction,,10.1186/1752-0509-8-73,exact,direct AO090 match in UniProt cross-reference,False,Q2U711,aor:AO090120000014,,5996046
AOC01960,AO090120000017,AO090120000017,,"DNA, SC113",secretory_client,,unassigned,low,Secretory clients are not assigned to machinery subsystems.,,unknown,unassigned,low,none,,,False,,liu2014,database_prediction,,10.1186/1752-0509-8-73,exact,direct AO090 match in UniProt cross-reference,False,Q2U709,aor:AO090120000017,,5996048
AOC01961,AO090120000026,AO090120000026,xlnA,"Endo-1,4-beta-xylanase A (Xylanase A) (EC 3.2.1.8) (1,4-beta-D-xylan xylanohydrolase A) (Endo-1,4-beta-xylanase G2) (Xylanase G2)",secretory_client,,unassigned,low,Secretory clients are not assigned to machinery subsystems.,,unknown,unassigned,low,none,,,False,,liu2014,database_prediction,,10.1186/1752-0509-8-73,exact,direct AO090 match in UniProt cross-reference,False,Q9HFA4,aor:AO090120000026,ko:K01181,5996057
AOC01962,AO090120000043,AO090120000043,,"DNA, SC113",secretory_client,,unassigned,low,Secretory clients are not assigned to machinery subsystems.,,unknown,unassigned,low,none,,,False,,liu2014,database_prediction,,10.1186/1752-0509-8-73,exact,direct AO090 match in UniProt cross-reference,False,Q2U6Y5,aor:AO090120000043,,5996072
AOC01963,AO090120000062,AO090120000062,,"DNA, SC113",secretory_client,,unassigned,low,Secretory clients are not assigned to machinery subsystems.,,unknown,unassigned,low,none,,,False,,liu2014,database_prediction,,10.1186/1752-0509-8-73,exact,direct AO090 match in UniProt cross-reference,False,Q2U6X0,aor:AO090120000062,,5996087
AOC01964,AO090120000068,AO090120000068,catB,Catalase B (EC 1.11.1.6),secretory_client,,unassigned,low,Secretory clients are not assigned to machinery subsystems.,,unknown,unassigned,low,none,,,False,,liu2014,database_prediction,,10.1186/1752-0509-8-73,exact,direct AO090 match in UniProt cross-reference,False,Q877A8,aor:AO090120000068,ko:K03781,
AOC01965,AO090120000069,AO090120000069,,"DNA, SC113",secretory_client,,unassigned,low,Secretory clients are not assigned to machinery subsystems.,,unknown,unassigned,low,none,,,False,,liu2014,database_prediction,,10.1186/1752-0509-8-73,exact,direct AO090 match in UniProt cross-reference,False,Q2U6W4,aor:AO090120000069,,5996093
AOC01966,AO090120000073,AO090120000073,,"DNA, SC113",secretory_client,,unassigned,low,Secretory clients are not assigned to machinery subsystems.,,unknown,unassigned,low,none,,,False,,liu2014,database_prediction,,10.1186/1752-0509-8-73,exact,direct AO090 match in UniProt cross-reference,False,Q2U6W2,aor:AO090120000073,,5996095
AOC01967,AO090120000174,AO090120000174,,"DNA, SC113",secretory_client,,unassigned,low,Secretory clients are not assigned to machinery subsystems.,,unknown,unassigned,low,none,,,False,,liu2014,database_prediction,,10.1186/1752-0509-8-73,exact,direct AO090 match in UniProt cross-reference,False,Q2U6M6,aor:AO090120000174,,5996181
AOC01968,AO090120000191,AO090120000191,,"DNA, SC113",secretory_client,,unassigned,low,Secretory clients are not assigned to machinery subsystems.,,unknown,unassigned,low,none,,,False,,liu2014,database_prediction,,10.1186/1752-0509-8-73,exact,direct AO090 match in UniProt cross-reference,False,Q2U6L2,aor:AO090120000191,,5996195
AOC01969,AO090120000196,AO090120000196,amy1; amy2,"Alpha-amylase A type-1/2 (EC 3.2.1.1) (1,4-alpha-D-glucan glucanohydrolase) (Taka-amylase A) (TAA)",secretory_client,,unassigned,low,Secretory clients are not assigned to machinery subsystems.,,unknown,unassigned,low,none,,,False,,liu2014,database_prediction,,10.1186/1752-0509-8-73,exact,direct AO090 match in UniProt cross-reference,False,P0C1B3,aor:AO090120000196,ko:K01176,5996200
AOC01970,AO090120000200,AO090120000200,,"DNA, SC113",secretory_client,,unassigned,low,Secretory clients are not assigned to machinery subsystems.,,unknown,unassigned,low,none,,,False,,liu2014,database_prediction,,10.1186/1752-0509-8-73,exact,direct AO090 match in UniProt cross-reference,False,Q2U6K4,aor:AO090120000200,,5996203
AOC01971,AO090120000208,AO090120000208,,"DNA, SC113",secretory_client,,unassigned,low,Secretory clients are not assigned to machinery subsystems.,,unknown,unassigned,low,none,,,False,,liu2014,database_prediction,,10.1186/1752-0509-8-73,exact,direct AO090 match in UniProt cross-reference,False,Q2U6J6,aor:AO090120000208,ko:K05528,5996211
AOC01972,AO090120000218,AO090120000218,,"DNA, SC113",secretory_client,,unassigned,low,Secretory clients are not assigned to machinery subsystems.,,unknown,unassigned,low,none,,,False,,liu2014,database_prediction,,10.1186/1752-0509-8-73,exact,direct AO090 match in UniProt cross-reference,False,Q2U6I8,aor:AO090120000218,,5996219
AOC01973,AO090120000229,AO090120000229,,"DNA, SC113",secretory_client,,unassigned,low,Secretory clients are not assigned to machinery subsystems.,,unknown,unassigned,low,none,,,False,,liu2014,database_prediction,,10.1186/1752-0509-8-73,exact,direct AO090 match in UniProt cross-reference,False,Q2U6I0,aor:AO090120000229,,5996227
AOC01974,AO090120000260,AO090120000260,,"DNA, SC113",secretory_client,,unassigned,low,Secretory clients are not assigned to machinery subsystems.,,unknown,unassigned,low,none,,,False,,liu2014,database_prediction,,10.1186/1752-0509-8-73,exact,direct AO090 match in UniProt cross-reference,False,Q2U6F3,aor:AO090120000260,,5996254
AOC01975,AO090120000263,AO090120000263,,"DNA, SC113",secretory_client,,unassigned,low,Secretory clients are not assigned to machinery subsystems.,,unknown,unassigned,low,none,,,False,,liu2014,database_prediction,,10.1186/1752-0509-8-73,exact,direct AO090 match in UniProt cross-reference,False,Q2U6F0,aor:AO090120000263,ko:K01176,5996257
AOC01976,AO090120000279,AO090120000279,,Crh-like protein (EC 3.2.-.-),secretory_client,,unassigned,low,Secretory clients are not assigned to machinery subsystems.,,unknown,unassigned,low,none,,,False,,liu2014,database_prediction,,10.1186/1752-0509-8-73,exact,direct AO090 match in UniProt cross-reference,False,Q2U6E0,aor:AO090120000279,,
AOC01977,AO090120000309,AO090120000309,,"DNA, SC113",secretory_client,,unassigned,low,Secretory clients are not assigned to machinery subsystems.,,unknown,unassigned,low,none,,,False,,liu2014,database_prediction,,10.1186/1752-0509-8-73,exact,direct AO090 match in UniProt cross-reference,False,Q2U6B3,aor:AO090120000309,,5996294
AOC01978,AO090120000344,AO090120000344,,protein disulfide-isomerase (EC 5.3.4.1),secretory_client,,unassigned,low,Secretory clients are not assigned to machinery subsystems.,,unknown,unassigned,low,none,,,False,,liu2014,database_prediction,,10.1186/1752-0509-8-73,exact,direct AO090 match in UniProt cross-reference,False,Q2U681,aor:AO090120000344,ko:K09584,5996326
AOC01979,AO090120000354,AO090120000354,,"DNA, SC113",secretory_client,,unassigned,low,Secretory clients are not assigned to machinery subsystems.,,unknown,unassigned,low,none,,,False,,liu2014,database_prediction,,10.1186/1752-0509-8-73,exact,direct AO090 match in UniProt cross-reference,False,Q2U673,aor:AO090120000354,ko:K15117,5996334
AOC01980,AO090120000381,AO090120000381,,N-acetylglucosaminylphosphatidylinositol deacetylase (EC 3.5.1.89),secretory_client,,unassigned,low,Secretory clients are not assigned to machinery subsystems.,,unknown,unassigned,low,none,,,False,,liu2014,database_prediction,,10.1186/1752-0509-8-73,exact,direct AO090 match in UniProt cross-reference,False,Q2U649,aor:AO090120000381,ko:K03434,5996358
AOC01981,AO090120000430,AO090120000430,,"DNA, SC113",secretory_client,,unassigned,low,Secretory clients are not assigned to machinery subsystems.,,unknown,unassigned,low,none,,,False,,liu2014,database_prediction,,10.1186/1752-0509-8-73,exact,direct AO090 match in UniProt cross-reference,False,Q2U606,aor:AO090120000430,,5996401
AOC01982,AO090120000434,AO090120000434,,"DNA, SC113",secretory_client,,unassigned,low,Secretory clients are not assigned to machinery subsystems.,,unknown,unassigned,low,none,,,False,,liu2014,database_prediction,,10.1186/1752-0509-8-73,exact,direct AO090 match in UniProt cross-reference,False,Q2U603,aor:AO090120000434,ko:K05535,5996404
AOC01983,AO090120000448,AO090120000448,,"DNA, SC113",secretory_client,,unassigned,low,Secretory clients are not assigned to machinery subsystems.,,unknown,unassigned,low,none,,,False,,liu2014,database_prediction,,10.1186/1752-0509-8-73,exact,direct AO090 match in UniProt cross-reference,False,Q2U5Z1,aor:AO090120000448,,5996416
AOC01984,AO090120000454,AO090120000454,,"DNA, SC113",secretory_client,,unassigned,low,Secretory clients are not assigned to machinery subsystems.,,unknown,unassigned,low,none,,,False,,liu2014,database_prediction,,10.1186/1752-0509-8-73,exact,direct AO090 match in UniProt cross-reference,False,Q2U5Y7,aor:AO090120000454,,5996420
AOC01985,AO090120000455,AO090120000455,,agmatinase (EC 3.5.3.11),secretory_client,,unassigned,low,Secretory clients are not assigned to machinery subsystems.,,unknown,unassigned,low,none,,,False,,liu2014,database_prediction,,10.1186/1752-0509-8-73,exact,direct AO090 match in UniProt cross-reference,False,Q2U5Y6,aor:AO090120000455,ko:K25365,5996421
AOC01986,AO090120000471,AO090120000471,,"DNA, SC113",secretory_client,,unassigned,low,Secretory clients are not assigned to machinery subsystems.,,unknown,unassigned,low,none,,,False,,liu2014,database_prediction,,10.1186/1752-0509-8-73,exact,direct AO090 match in UniProt cross-reference,False,Q2U5X4,aor:AO090120000471,,5996433
AOC01987,AO090120000474,AO090120000474,pepA,Aspergillopepsin-1 (EC 3.4.23.18) (Acid protease A2) (Aspartic protease pepA) (Aspergillopepsin I) (Aspergillopepsin O) (PEPO) (Aspergillopeptidase A) (PEPA),secretory_client,,unassigned,low,Secretory clients are not assigned to machinery subsystems.,,unknown,unassigned,low,none,,,False,,liu2014,database_prediction,,10.1186/1752-0509-8-73,exact,direct AO090 match in UniProt cross-reference,False,Q06902,aor:AO090120000474,ko:K06004,5996434
AOC01988,AO090120000488,AO090120000488,,"DNA, SC113",secretory_client,,unassigned,low,Secretory clients are not assigned to machinery subsystems.,,unknown,unassigned,low,none,,,False,,liu2014,database_prediction,,10.1186/1752-0509-8-73,exact,direct AO090 match in UniProt cross-reference,False,Q2U5W1,aor:AO090120000488,,5996446
AOC01989,AO090124000009,AO090124000009,rhgE,Probable rhamnogalacturonase E (RGase E) (RHG E) (EC 3.2.1.-),secretory_client,,unassigned,low,Secretory clients are not assigned to machinery subsystems.,,unknown,unassigned,low,none,,,False,,liu2014,database_prediction,,10.1186/1752-0509-8-73,exact,direct AO090 match in UniProt cross-reference,False,Q2U7A4,aor:AO090124000009,ko:K18580,5995765
AOC01990,AO090124000015,AO090124000015,,"DNA, SC124",secretory_client,,unassigned,low,Secretory clients are not assigned to machinery subsystems.,,unknown,unassigned,low,none,,,False,,liu2014,database_prediction,,10.1186/1752-0509-8-73,exact,direct AO090 match in UniProt cross-reference,False,Q2U798,aor:AO090124000015,,5995771
AOC01991,AO090124000023,AO090124000023,abfA,Probable alpha-L-arabinofuranosidase A (ABF A) (Arabinosidase A) (EC 3.2.1.55),secretory_client,,unassigned,low,Secretory clients are not assigned to machinery subsystems.,,unknown,unassigned,low,none,,,False,,liu2014,database_prediction,,10.1186/1752-0509-8-73,exact,direct AO090 match in UniProt cross-reference,False,Q2U790,,ko:K01209,
AOC01992,AO090124000032,AO090124000032,,"DNA, SC124",secretory_client,,unassigned,low,Secretory clients are not assigned to machinery subsystems.,,unknown,unassigned,low,none,,,False,,liu2014,database_prediction,,10.1186/1752-0509-8-73,exact,direct AO090 match in UniProt cross-reference,False,Q2U781,aor:AO090124000032,,5995788
AOC01993,AO090124000036,AO090124000036,,"DNA, SC124",secretory_client,,unassigned,low,Secretory clients are not assigned to machinery subsystems.,,unknown,unassigned,low,none,,,False,,liu2014,database_prediction,,10.1186/1752-0509-8-73,exact,direct AO090 match in UniProt cross-reference,False,Q2U778,aor:AO090124000036,ko:K19791,5995791
AOC01994,AO090124000038,AO090124000038,,"DNA, SC124",secretory_client,,unassigned,low,Secretory clients are not assigned to machinery subsystems.,,unknown,unassigned,low,none,,,False,,liu2014,database_prediction,,10.1186/1752-0509-8-73,exact,direct AO090 match in UniProt cross-reference,False,Q2U776,aor:AO090124000038,,5995793
AOC01995,AO090124000043,AO090124000043,,"DNA, SC124",secretory_client,,unassigned,low,Secretory clients are not assigned to machinery subsystems.,,unknown,unassigned,low,none,,,False,,liu2014,database_prediction,,10.1186/1752-0509-8-73,exact,direct AO090 match in UniProt cross-reference,False,Q2U772,aor:AO090124000043,,5995797
AOC01996,AO090124000057,AO090124000057,,"DNA, SC124",secretory_client,,unassigned,low,Secretory clients are not assigned to machinery subsystems.,,unknown,unassigned,low,none,,,False,,liu2014,database_prediction,,10.1186/1752-0509-8-73,exact,direct AO090 match in UniProt cross-reference,False,Q2U759,aor:AO090124000057,,35119818
AOC01997,AO090124000063,AO090124000063,,"DNA, SC124",secretory_client,,unassigned,low,Secretory clients are not assigned to machinery subsystems.,,unknown,unassigned,low,none,,,False,,liu2014,database_prediction,,10.1186/1752-0509-8-73,exact,direct AO090 match in UniProt cross-reference,False,Q2U753,aor:AO090124000063,,5995816
AOC01998,AO090124000065,AO090124000065,,Endo-chitosanase (EC 3.2.1.132),secretory_client,,unassigned,low,Secretory clients are not assigned to machinery subsystems.,,unknown,unassigned,low,none,,,False,,liu2014,database_prediction,,10.1186/1752-0509-8-73,exact,direct AO090 match in UniProt cross-reference,False,Q2U751,aor:AO090124000065,ko:K01233,5995818
AOC01999,AO090138000004,AO090138000004,,"DNA, SC138",secretory_client,,unassigned,low,Secretory clients are not assigned to machinery subsystems.,,unknown,unassigned,low,none,,,False,,liu2014,database_prediction,,10.1186/1752-0509-8-73,exact,direct AO090 match in UniProt cross-reference,False,Q2U220,aor:AO090138000004,,5997629
AOC02000,AO090138000009,AO090138000009,,"DNA, SC138",secretory_client,,unassigned,low,Secretory clients are not assigned to machinery subsystems.,,unknown,unassigned,low,none,,,False,,liu2014,database_prediction,,10.1186/1752-0509-8-73,exact,direct AO090 match in UniProt cross-reference,False,Q2U215,aor:AO090138000009,,5997634
AOC02001,AO090138000019,AO090138000019,,"DNA, SC138",secretory_client,,unassigned,low,Secretory clients are not assigned to machinery subsystems.,,unknown,unassigned,low,none,,,False,,liu2014,database_prediction,,10.1186/1752-0509-8-73,exact,direct AO090 match in UniProt cross-reference,False,Q2U209,aor:AO090138000019,,5997640
AOC02002,AO090138000042,AO090138000042,,"DNA, SC138",secretory_client,,unassigned,low,Secretory clients are not assigned to machinery subsystems.,,unknown,unassigned,low,none,,,False,,liu2014,database_prediction,,10.1186/1752-0509-8-73,exact,direct AO090 match in UniProt cross-reference,False,Q2U1Z0,aor:AO090138000042,,5997659
AOC02003,AO090138000052,AO090138000052,,"DNA, SC138",secretory_client,,unassigned,low,Secretory clients are not assigned to machinery subsystems.,,unknown,unassigned,low,none,,,False,,liu2014,database_prediction,,10.1186/1752-0509-8-73,exact,direct AO090 match in UniProt cross-reference,False,Q2U1Y0,aor:AO090138000052,,10099158
AOC02004,AO090003001484,AO090003001484,,"DNA, SC003",secretory_client,,unassigned,low,Secretory clients are not assigned to machinery subsystems.,,unknown,unassigned,low,none,,,True,down,liu2014,database_prediction,,10.1186/1752-0509-8-73,exact,direct AO090 match in UniProt cross-reference,False,Q2UIT6,aor:AO090003001484,,
AOC02005,AO090138000067,AO090138000067,,"galacturonan 1,4-alpha-galacturonidase (EC 3.2.1.67)",secretory_client,,unassigned,low,Secretory clients are not assigned to machinery subsystems.,,unknown,unassigned,low,none,,,False,,liu2014,database_prediction,,10.1186/1752-0509-8-73,exact,direct AO090 match in UniProt cross-reference,False,Q2U1W7,aor:AO090138000067,ko:K01213,35119820
AOC02006,AO090138000071,AO090138000071,,"DNA, SC138",secretory_client,,unassigned,low,Secretory clients are not assigned to machinery subsystems.,,unknown,unassigned,low,none,,,False,,liu2014,database_prediction,,10.1186/1752-0509-8-73,exact,direct AO090 match in UniProt cross-reference,False,Q2U1W4,aor:AO090138000071,,5997685
AOC02007,AO090138000089,AO090138000089,,"DNA, SC138",secretory_client,,unassigned,low,Secretory clients are not assigned to machinery subsystems.,,unknown,unassigned,low,none,,,False,,liu2014,database_prediction,,10.1186/1752-0509-8-73,exact,direct AO090 match in UniProt cross-reference,False,Q2U1U8,aor:AO090138000089,ko:K01173,5997701
AOC02008,AO090138000114,AO090138000114,,Disintegrin and metalloproteinase domain-containing protein B,secretory_client,,unassigned,low,Secretory clients are not assigned to machinery subsystems.,,unknown,unassigned,low,none,,,False,,liu2014,database_prediction,,10.1186/1752-0509-8-73,exact,direct AO090 match in UniProt cross-reference,False,Q2U1S6,aor:AO090138000114,,
AOC02009,AO090138000119,AO090138000119,,rhamnogalacturonan endolyase (EC 4.2.2.23),secretory_client,,unassigned,low,Secretory clients are not assigned to machinery subsystems.,,unknown,unassigned,low,none,,,False,,liu2014,database_prediction,,10.1186/1752-0509-8-73,exact,direct AO090 match in UniProt cross-reference,False,Q2U1S1,aor:AO090138000119,ko:K18195,5997728
AOC02010,AO090138000120,AO090138000120,,"DNA, SC138",secretory_client,,unassigned,low,Secretory clients are not assigned to machinery subsystems.,,unknown,unassigned,low,none,,,False,,liu2014,database_prediction,,10.1186/1752-0509-8-73,exact,direct AO090 match in UniProt cross-reference,False,Q2U1S0,aor:AO090138000120,,5997729
AOC02011,AO090138000121,AO090138000121,,"DNA, SC138",secretory_client,,unassigned,low,Secretory clients are not assigned to machinery subsystems.,,unknown,unassigned,low,none,,,False,,liu2014,database_prediction,,10.1186/1752-0509-8-73,exact,direct AO090 match in UniProt cross-reference,False,Q2U1R9,aor:AO090138000121,,5997730
AOC02012,AO090138000122,AO090138000122,,"DNA, SC138",secretory_client,,unassigned,low,Secretory clients are not assigned to machinery subsystems.,,unknown,unassigned,low,none,,,False,,liu2014,database_prediction,,10.1186/1752-0509-8-73,exact,direct AO090 match in UniProt cross-reference,False,Q2U1R8,aor:AO090138000122,,5997731
AOC02013,AO090138000136,AO090138000136,,"DNA, SC138",secretory_client,,unassigned,low,Secretory clients are not assigned to machinery subsystems.,,unknown,unassigned,low,none,,,False,,liu2014,database_prediction,,10.1186/1752-0509-8-73,exact,direct AO090 match in UniProt cross-reference,False,Q2U1Q7,aor:AO090138000136,,5997742
AOC02014,AO090138000160,AO090138000160,NpIII,Extracellular metalloproteinase NpIII (EC 3.4.24.-) (Elastinolytic metalloproteinase NpIII) (Fungalysin NpIII) (Neutral protease III),secretory_client,,unassigned,low,Secretory clients are not assigned to machinery subsystems.,,unknown,unassigned,low,none,,,False,,liu2014,database_prediction,,10.1186/1752-0509-8-73,exact,direct AO090 match in UniProt cross-reference,False,Q2U1N5,aor:AO090138000160,ko:K01417,5997764
AOC02015,AO090138000203,AO090138000203,,"DNA, SC138",secretory_client,,unassigned,low,Secretory clients are not assigned to machinery subsystems.,,unknown,unassigned,low,none,,,False,,liu2014,database_prediction,,10.1186/1752-0509-8-73,exact,direct AO090 match in UniProt cross-reference,False,Q2U1K2,aor:AO090138000203,,5997797
AOC02016,AO090138000204,AO090138000204,,pectin lyase (EC 4.2.2.10),secretory_client,,unassigned,low,Secretory clients are not assigned to machinery subsystems.,,unknown,unassigned,low,none,,,False,,liu2014,database_prediction,,10.1186/1752-0509-8-73,exact,direct AO090 match in UniProt cross-reference,False,Q2U1K1,aor:AO090138000204,ko:K01732,5997798
AOC02017,AO090166000071,AO090166000071,,"DNA, SC166",secretory_client,,unassigned,low,Secretory clients are not assigned to machinery subsystems.,,unknown,unassigned,low,none,,,False,,liu2014,database_prediction,,10.1186/1752-0509-8-73,exact,direct AO090 match in UniProt cross-reference,False,Q2U9P3,aor:AO090166000071,,5994911
AOC02018,AO090166000075,AO090166000075,,Probable carboxypeptidase AO090166000075 (EC 3.4.17.-) (Peptidase M20 domain-containing protein AO090166000075),secretory_client,,unassigned,low,Secretory clients are not assigned to machinery subsystems.,,unknown,unassigned,low,none,,,False,,liu2014,database_prediction,,10.1186/1752-0509-8-73,exact,direct AO090 match in UniProt cross-reference,False,Q2U9N9,aor:AO090166000075,ko:K01438,5994915
AOC02019,AO090166000079,AO090166000079,,Carboxylic ester hydrolase (EC 3.1.1.-),secretory_client,,unassigned,low,Secretory clients are not assigned to machinery subsystems.,,unknown,unassigned,low,none,,,False,,liu2014,database_prediction,,10.1186/1752-0509-8-73,exact,direct AO090 match in UniProt cross-reference,False,Q2U9N5,aor:AO090166000079,,5994919
AOC02020,AO090166000081,AO090166000081,,"DNA, SC166",secretory_client,,unassigned,low,Secretory clients are not assigned to machinery subsystems.,,unknown,unassigned,low,none,,,False,,liu2014,database_prediction,,10.1186/1752-0509-8-73,exact,direct AO090 match in UniProt cross-reference,False,Q2U9N3,aor:AO090166000081,,5994921
AOC02021,AO090166000085,AO090166000085,,"DNA, SC166",secretory_client,,unassigned,low,Secretory clients are not assigned to machinery subsystems.,,unknown,unassigned,low,none,,,False,,liu2014,database_prediction,,10.1186/1752-0509-8-73,exact,direct AO090 match in UniProt cross-reference,False,Q2U9N1,aor:AO090166000085,,5994923
AOC02022,AO090166000097,AO090166000097,,"DNA, SC166",secretory_client,,unassigned,low,Secretory clients are not assigned to machinery subsystems.,,unknown,unassigned,low,none,,,False,,liu2014,database_prediction,,10.1186/1752-0509-8-73,exact,direct AO090 match in UniProt cross-reference,False,Q2U9M0,aor:AO090166000097,,5994934
AOC02023,AO090206000018,AO090206000018,,"DNA, SC206",secretory_client,,unassigned,low,Secretory clients are not assigned to machinery subsystems.,,unknown,unassigned,low,none,,,False,,liu2014,database_prediction,,10.1186/1752-0509-8-73,exact,direct AO090 match in UniProt cross-reference,False,Q2PIX9,aor:AO090206000018,,5998644
AOC02024,AO090206000029,AO090206000029,,"DNA, SC206",secretory_client,,unassigned,low,Secretory clients are not assigned to machinery subsystems.,,unknown,unassigned,low,none,,,False,,liu2014,database_prediction,,10.1186/1752-0509-8-73,exact,direct AO090 match in UniProt cross-reference,False,Q2PIX0,aor:AO090206000029,,5998653
AOC02025,AO090206000050,AO090206000050,,"DNA, SC206",secretory_client,,unassigned,low,Secretory clients are not assigned to machinery subsystems.,,unknown,unassigned,low,none,,,False,,liu2014,database_prediction,,10.1186/1752-0509-8-73,exact,direct AO090 match in UniProt cross-reference,False,Q2PIV2,aor:AO090206000050,,5998671
AOC02026,AO090206000073,AO090206000073,lap1,Leucine aminopeptidase 1 (EC 3.4.11.-) (Leucyl aminopeptidase 1) (LAP1),secretory_client,,unassigned,low,Secretory clients are not assigned to machinery subsystems.,,unknown,unassigned,low,none,,,False,,liu2014,database_prediction,,10.1186/1752-0509-8-73,exact,direct AO090 match in UniProt cross-reference,False,Q2PIT3,aor:AO090206000073,ko:K05994,5998690
AOC02027,AO090206000106,AO090206000106,,"DNA, SC206",secretory_client,,unassigned,low,Secretory clients are not assigned to machinery subsystems.,,unknown,unassigned,low,none,,,False,,liu2014,database_prediction,,10.1186/1752-0509-8-73,exact,direct AO090 match in UniProt cross-reference,False,Q2PIQ8,aor:AO090206000106,ko:K00997,5998715
AOC02028,AO090206000124,AO090206000124,,"DNA, SC206",secretory_client,,unassigned,low,Secretory clients are not assigned to machinery subsystems.,,unknown,unassigned,low,none,,,False,,liu2014,database_prediction,,10.1186/1752-0509-8-73,exact,direct AO090 match in UniProt cross-reference,False,Q2PIP2,aor:AO090206000124,ko:K00286,5998731
AOC02029,AO090206000127,AO090206000127,,"DNA, SC206",secretory_client,,unassigned,low,Secretory clients are not assigned to machinery subsystems.,,unknown,unassigned,low,none,,,False,,liu2014,database_prediction,,10.1186/1752-0509-8-73,exact,direct AO090 match in UniProt cross-reference,False,Q2PIN9,aor:AO090206000127,,10098594
AOC02030,AO090672000001,AO090672000001,,"DNA, 47Q_0172",secretory_client,,unassigned,low,Secretory clients are not assigned to machinery subsystems.,,unknown,unassigned,low,none,,,False,,liu2014,database_prediction,,10.1186/1752-0509-8-73,exact,direct AO090 match in UniProt cross-reference,False,Q2UG21,aor:AO090672000001,,5993532
AOC02031,AO090003001336,AO090003001336,,"DNA, SC003",secretory_client,,unassigned,low,Secretory clients are not assigned to machinery subsystems.,,unknown,unassigned,low,none,,,True,down,liu2014,database_prediction,,10.1186/1752-0509-8-73,exact,direct AO090 match in UniProt cross-reference,False,Q2UJ69,aor:AO090003001336,,5992381
AOC02032,AO090701000015,AO090701000015,,"DNA, SC111",secretory_client,,unassigned,low,Secretory clients are not assigned to machinery subsystems.,,unknown,unassigned,low,none,,,False,,liu2014,database_prediction,,10.1186/1752-0509-8-73,exact,direct AO090 match in UniProt cross-reference,False,Q2U9I7,aor:AO090701000015,,5994968
AOC02033,AO090701000045,AO090701000045,,"DNA, SC111",secretory_client,,unassigned,low,Secretory clients are not assigned to machinery subsystems.,,unknown,unassigned,low,none,,,False,,liu2014,database_prediction,,10.1186/1752-0509-8-73,exact,direct AO090 match in UniProt cross-reference,False,Q2U9F9,aor:AO090701000045,,5994996
AOC02034,AO090701000071,AO090701000071,,"DNA, SC111",secretory_client,,unassigned,low,Secretory clients are not assigned to machinery subsystems.,,unknown,unassigned,low,none,,,False,,liu2014,database_prediction,,10.1186/1752-0509-8-73,exact,direct AO090 match in UniProt cross-reference,False,Q2U9D5,aor:AO090701000071,,5995020
AOC02035,AO090701000099,AO090701000099,,"DNA, SC111",secretory_client,,unassigned,low,Secretory clients are not assigned to machinery subsystems.,,unknown,unassigned,low,none,,,False,,liu2014,database_prediction,,10.1186/1752-0509-8-73,exact,direct AO090 match in UniProt cross-reference,False,Q2U9B3,aor:AO090701000099,ko:K05535,5995042
AOC02036,AO090701000121,AO090701000121,,"DNA, SC111",secretory_client,,unassigned,low,Secretory clients are not assigned to machinery subsystems.,,unknown,unassigned,low,none,,,False,,liu2014,database_prediction,,10.1186/1752-0509-8-73,exact,direct AO090 match in UniProt cross-reference,False,Q2U995,aor:AO090701000121,,35119837
AOC02037,AO090701000185,AO090701000185,,"xyloglucan-specific endo-beta-1,4-glucanase (EC 3.2.1.151) (Xyloglucanase A) (Xyloglucanendohydrolase A)",secretory_client,,unassigned,low,Secretory clients are not assigned to machinery subsystems.,,unknown,unassigned,low,none,,,False,,liu2014,database_prediction,,10.1186/1752-0509-8-73,exact,direct AO090 match in UniProt cross-reference,False,Q2U939,aor:AO090701000185,,5995116
AOC02038,AO090701000215,AO090701000215,,"DNA, SC111",secretory_client,,unassigned,low,Secretory clients are not assigned to machinery subsystems.,,unknown,unassigned,low,none,,,False,,liu2014,database_prediction,,10.1186/1752-0509-8-73,exact,direct AO090 match in UniProt cross-reference,False,Q2U912,aor:AO090701000215,,5995143
AOC02039,AO090701000227,AO090701000227,,"DNA, SC111",secretory_client,,unassigned,low,Secretory clients are not assigned to machinery subsystems.,,unknown,unassigned,low,none,,,False,,liu2014,database_prediction,,10.1186/1752-0509-8-73,exact,direct AO090 match in UniProt cross-reference,False,Q2U901,aor:AO090701000227,,5995154
AOC02040,AO090701000239,AO090701000239,,"DNA, SC111",secretory_client,,unassigned,low,Secretory clients are not assigned to machinery subsystems.,,unknown,unassigned,low,none,,,False,,liu2014,database_prediction,,10.1186/1752-0509-8-73,exact,direct AO090 match in UniProt cross-reference,False,Q2U8Z0,aor:AO090701000239,,5995165
AOC02041,AO090701000240,AO090701000240,,"DNA, SC111",secretory_client,,unassigned,low,Secretory clients are not assigned to machinery subsystems.,,unknown,unassigned,low,none,,,False,,liu2014,database_prediction,,10.1186/1752-0509-8-73,exact,direct AO090 match in UniProt cross-reference,False,Q2U8Y9,aor:AO090701000240,,5995166
AOC02042,AO090701000274,AO090701000274,,beta-glucosidase (EC 3.2.1.21),secretory_client,,unassigned,low,Secretory clients are not assigned to machinery subsystems.,,unknown,unassigned,low,none,,,False,,liu2014,database_prediction,,10.1186/1752-0509-8-73,exact,direct AO090 match in UniProt cross-reference,False,Q2U8V9,aor:AO090701000274,ko:K05349,5995196
AOC02043,AO090701000294,AO090701000294,,"DNA, SC111",secretory_client,,unassigned,low,Secretory clients are not assigned to machinery subsystems.,,unknown,unassigned,low,none,,,False,,liu2014,database_prediction,,10.1186/1752-0509-8-73,exact,direct AO090 match in UniProt cross-reference,False,Q2U8U0,aor:AO090701000294,,10099661
AOC02044,AO090701000295,AO090701000295,,"DNA, SC111",secretory_client,,unassigned,low,Secretory clients are not assigned to machinery subsystems.,,unknown,unassigned,low,none,,,False,,liu2014,database_prediction,,10.1186/1752-0509-8-73,exact,direct AO090 match in UniProt cross-reference,False,Q2U8T9,aor:AO090701000295,,5995216
AOC02045,AO090701000298,AO090701000298,,"DNA, SC111",secretory_client,,unassigned,low,Secretory clients are not assigned to machinery subsystems.,,unknown,unassigned,low,none,,,False,,liu2014,database_prediction,,10.1186/1752-0509-8-73,exact,direct AO090 match in UniProt cross-reference,False,Q2U8T7,aor:AO090701000298,,5995218
AOC02046,AO090701000300,AO090701000300,,"DNA, SC111",secretory_client,,unassigned,low,Secretory clients are not assigned to machinery subsystems.,,unknown,unassigned,low,none,,,False,,liu2014,database_prediction,,10.1186/1752-0509-8-73,exact,direct AO090 match in UniProt cross-reference,False,Q2U8T5,aor:AO090701000300,,5995220
AOC02047,AO090701000305,AO090701000305,,"DNA, SC111",secretory_client,,unassigned,low,Secretory clients are not assigned to machinery subsystems.,,unknown,unassigned,low,none,,,False,,liu2014,database_prediction,,10.1186/1752-0509-8-73,exact,direct AO090 match in UniProt cross-reference,False,Q2U8T0,aor:AO090701000305,,5995225
AOC02048,AO090701000313,AO090701000313,,Neutral protease 2 (EC 3.4.24.39) (Deuterolysin),secretory_client,,unassigned,low,Secretory clients are not assigned to machinery subsystems.,,unknown,unassigned,low,none,,,False,,liu2014,database_prediction,,10.1186/1752-0509-8-73,exact,direct AO090 match in UniProt cross-reference,False,Q2U8S3,aor:AO090701000313,,5995232
AOC02049,AO090701000315,AO090701000315,,"DNA, SC111",secretory_client,,unassigned,low,Secretory clients are not assigned to machinery subsystems.,,unknown,unassigned,low,none,,,False,,liu2014,database_prediction,,10.1186/1752-0509-8-73,exact,direct AO090 match in UniProt cross-reference,False,Q2U8S1,aor:AO090701000315,,5995234
AOC02050,AO090701000321,AO090701000321,plyA,Probable pectate lyase A (EC 4.2.2.2),secretory_client,,unassigned,low,Secretory clients are not assigned to machinery subsystems.,,unknown,unassigned,low,none,,,False,,liu2014,database_prediction,,10.1186/1752-0509-8-73,exact,direct AO090 match in UniProt cross-reference,False,Q2U8R6,aor:AO090701000321,ko:K01728,5995239
AOC02051,AO090701000336,AO090701000336,,"DNA, SC111",secretory_client,,unassigned,low,Secretory clients are not assigned to machinery subsystems.,,unknown,unassigned,low,none,,,False,,liu2014,database_prediction,,10.1186/1752-0509-8-73,exact,direct AO090 match in UniProt cross-reference,False,Q2U8Q4,aor:AO090701000336,,5995251
AOC02052,AO090701000342,AO090701000342,,"DNA, SC111",secretory_client,,unassigned,low,Secretory clients are not assigned to machinery subsystems.,,unknown,unassigned,low,none,,,False,,liu2014,database_prediction,,10.1186/1752-0509-8-73,exact,direct AO090 match in UniProt cross-reference,False,Q2U8P8,aor:AO090701000342,,5995257
AOC02053,AO090701000344,AO090701000344,,"DNA, SC111",secretory_client,,unassigned,low,Secretory clients are not assigned to machinery subsystems.,,unknown,unassigned,low,none,,,False,,liu2014,database_prediction,,10.1186/1752-0509-8-73,exact,direct AO090 match in UniProt cross-reference,False,Q2U8P6,aor:AO090701000344,,5995259
AOC02054,AO090701000354,AO090701000354,,"DNA, SC111",secretory_client,,unassigned,low,Secretory clients are not assigned to machinery subsystems.,,unknown,unassigned,low,none,,,False,,liu2014,database_prediction,,10.1186/1752-0509-8-73,exact,direct AO090 match in UniProt cross-reference,False,Q2U8N7,aor:AO090701000354,,5995268
AOC02055,AO090701000355,AO090701000355,,Arylsulfatase (AS) (EC 3.1.6.1) (Aryl-sulfate sulphohydrolase),secretory_client,,unassigned,low,Secretory clients are not assigned to machinery subsystems.,,unknown,unassigned,low,none,,,False,,liu2014,database_prediction,,10.1186/1752-0509-8-73,exact,direct AO090 match in UniProt cross-reference,False,Q2U8N6,aor:AO090701000355,ko:K01137,5995269
AOC02056,AO090701000382,AO090701000382,,"DNA, SC111",secretory_client,,unassigned,low,Secretory clients are not assigned to machinery subsystems.,,unknown,unassigned,low,none,,,False,,liu2014,database_prediction,,10.1186/1752-0509-8-73,exact,direct AO090 match in UniProt cross-reference,False,Q2U8L4,aor:AO090701000382,,5995291
AOC02057,AO090701000385,AO090701000385,,"DNA, SC111",secretory_client,,unassigned,low,Secretory clients are not assigned to machinery subsystems.,,unknown,unassigned,low,none,,,False,,liu2014,database_prediction,,10.1186/1752-0509-8-73,exact,direct AO090 match in UniProt cross-reference,False,Q2U8L3,aor:AO090701000385,,35119847
AOC02058,AO090701000389,AO090701000389,,"1,3-beta-glucanosyltransferase (EC 2.4.1.-)",secretory_client,,unassigned,low,Secretory clients are not assigned to machinery subsystems.,,unknown,unassigned,low,none,,,False,,liu2014,database_prediction,,10.1186/1752-0509-8-73,exact,direct AO090 match in UniProt cross-reference,False,Q2U8L0,aor:AO090701000389,ko:K22836,
AOC02059,AO090701000422,AO090701000422,,"DNA, SC111",secretory_client,,unassigned,low,Secretory clients are not assigned to machinery subsystems.,,unknown,unassigned,low,none,,,False,,liu2014,database_prediction,,10.1186/1752-0509-8-73,exact,direct AO090 match in UniProt cross-reference,False,Q2U8I2,aor:AO090701000422,ko:K25365,5995323
AOC02060,AO090701000433,AO090701000433,,"DNA, SC111",secretory_client,,unassigned,low,Secretory clients are not assigned to machinery subsystems.,,unknown,unassigned,low,none,,,False,,liu2014,database_prediction,,10.1186/1752-0509-8-73,exact,direct AO090 match in UniProt cross-reference,False,Q2U8H1,aor:AO090701000433,,5995334
AOC02061,AO090701000458,AO090701000458,,"DNA, SC111",secretory_client,,unassigned,low,Secretory clients are not assigned to machinery subsystems.,,unknown,unassigned,low,none,,,False,,liu2014,database_prediction,,10.1186/1752-0509-8-73,exact,direct AO090 match in UniProt cross-reference,False,Q2U8E7,aor:AO090701000458,,5995358
AOC02062,AO090701000464,AO090701000464,,"DNA, SC111",secretory_client,,unassigned,low,Secretory clients are not assigned to machinery subsystems.,,unknown,unassigned,low,none,,,False,,liu2014,database_prediction,,10.1186/1752-0509-8-73,exact,direct AO090 match in UniProt cross-reference,False,Q2U8E1,aor:AO090701000464,ko:K20613,5995364
AOC02063,AO090701000473,AO090701000473,,Lysophospholipase (EC 3.1.1.5),secretory_client,,unassigned,low,Secretory clients are not assigned to machinery subsystems.,,unknown,unassigned,low,none,,,False,,liu2014,database_prediction,,10.1186/1752-0509-8-73,exact,direct AO090 match in UniProt cross-reference,False,Q2U8D2,aor:AO090701000473,ko:K13333,5995373
AOC02064,AO090701000481,AO090701000481,abnA,"Probable arabinan endo-1,5-alpha-L-arabinosidase A (EC 3.2.1.99) (Endo-1,5-alpha-L-arabinanase A) (ABN A)",secretory_client,,unassigned,low,Secretory clients are not assigned to machinery subsystems.,,unknown,unassigned,low,none,,,False,,liu2014,database_prediction,,10.1186/1752-0509-8-73,exact,direct AO090 match in UniProt cross-reference,False,Q2U8C6,aor:AO090701000481,ko:K06113,5995379
AOC02065,AO090701000492,AO090701000492,,"DNA, SC111",secretory_client,,unassigned,low,Secretory clients are not assigned to machinery subsystems.,,unknown,unassigned,low,none,,,False,,liu2014,database_prediction,,10.1186/1752-0509-8-73,exact,direct AO090 match in UniProt cross-reference,False,Q2U8B8,aor:AO090701000492,,5995387
AOC02066,AO090701000504,AO090701000504,,"N-acetylgalactosaminide beta-1,3-galactosyltransferase (EC 2.4.1.122)",secretory_client,,unassigned,low,Secretory clients are not assigned to machinery subsystems.,,unknown,unassigned,low,none,,,False,,liu2014,database_prediction,,10.1186/1752-0509-8-73,exact,direct AO090 match in UniProt cross-reference,False,Q2U8A9,aor:AO090701000504,,5995396
AOC02067,AO090701000505,AO090701000505,,"DNA, SC111",secretory_client,,unassigned,low,Secretory clients are not assigned to machinery subsystems.,,unknown,unassigned,low,none,,,False,,liu2014,database_prediction,,10.1186/1752-0509-8-73,exact,direct AO090 match in UniProt cross-reference,False,Q2U8A8,aor:AO090701000505,ko:K21403,5995397
AOC02068,AO090701000507,AO090701000507,,"DNA, SC111",secretory_client,,unassigned,low,Secretory clients are not assigned to machinery subsystems.,,unknown,unassigned,low,none,,,False,,liu2014,database_prediction,,10.1186/1752-0509-8-73,exact,direct AO090 match in UniProt cross-reference,False,Q2U8A6,aor:AO090701000507,,5995399
AOC02069,AO090701000510,AO090701000510,,"DNA, SC111",secretory_client,,unassigned,low,Secretory clients are not assigned to machinery subsystems.,,unknown,unassigned,low,none,,,False,,liu2014,database_prediction,,10.1186/1752-0509-8-73,exact,direct AO090 match in UniProt cross-reference,False,Q2U8A3,aor:AO090701000510,,5995402
AOC02070,AO090701000512,AO090701000512,,"DNA, SC111",secretory_client,,unassigned,low,Secretory clients are not assigned to machinery subsystems.,,unknown,unassigned,low,none,,,False,,liu2014,database_prediction,,10.1186/1752-0509-8-73,exact,direct AO090 match in UniProt cross-reference,False,Q2U8A1,aor:AO090701000512,,5995404
AOC02071,AO090701000540,AO090701000540,,"DNA, SC111",secretory_client,,unassigned,low,Secretory clients are not assigned to machinery subsystems.,,unknown,unassigned,low,none,,,False,,liu2014,database_prediction,,10.1186/1752-0509-8-73,exact,direct AO090 match in UniProt cross-reference,False,Q2U877,aor:AO090701000540,,5995428
AOC02072,AO090701000545,AO090701000545,,"DNA, SC111",secretory_client,,unassigned,low,Secretory clients are not assigned to machinery subsystems.,,unknown,unassigned,low,none,,,False,,liu2014,database_prediction,,10.1186/1752-0509-8-73,exact,direct AO090 match in UniProt cross-reference,False,Q2U872,aor:AO090701000545,,5995433
AOC02073,AO090701000556,AO090701000556,,"DNA, SC111",secretory_client,,unassigned,low,Secretory clients are not assigned to machinery subsystems.,,unknown,unassigned,low,none,,,False,,liu2014,database_prediction,,10.1186/1752-0509-8-73,exact,direct AO090 match in UniProt cross-reference,False,Q2U861,aor:AO090701000556,ko:K15530,5995444
AOC02074,AO090701000572,AO090701000572,,"DNA, SC111",secretory_client,,unassigned,low,Secretory clients are not assigned to machinery subsystems.,,unknown,unassigned,low,none,,,False,,liu2014,database_prediction,,10.1186/1752-0509-8-73,exact,direct AO090 match in UniProt cross-reference,False,Q2U848,aor:AO090701000572,,5995457
AOC02075,AO090701000590,AO090701000590,,"DNA, SC111",secretory_client,,unassigned,low,Secretory clients are not assigned to machinery subsystems.,,unknown,unassigned,low,none,,,False,,liu2014,database_prediction,,10.1186/1752-0509-8-73,exact,direct AO090 match in UniProt cross-reference,False,Q2U833,aor:AO090701000590,,5995472
AOC02076,AO090701000610,AO090701000610,,"DNA, SC111",secretory_client,,unassigned,low,Secretory clients are not assigned to machinery subsystems.,,unknown,unassigned,low,none,,,False,,liu2014,database_prediction,,10.1186/1752-0509-8-73,exact,direct AO090 match in UniProt cross-reference,False,Q2U814,aor:AO090701000610,,5995491
AOC02077,AO090701000639,AO090701000639,,"DNA, SC111",secretory_client,,unassigned,low,Secretory clients are not assigned to machinery subsystems.,,unknown,unassigned,low,none,,,False,,liu2014,database_prediction,,10.1186/1752-0509-8-73,exact,direct AO090 match in UniProt cross-reference,False,Q2U7Z2,aor:AO090701000639,ko:K01811,5995513
AOC02078,AO090701000644,AO090701000644,,feruloyl esterase (EC 3.1.1.73) (Ferulic acid esterase A),secretory_client,,unassigned,low,Secretory clients are not assigned to machinery subsystems.,,unknown,unassigned,low,none,,,False,,liu2014,database_prediction,,10.1186/1752-0509-8-73,exact,direct AO090 match in UniProt cross-reference,False,Q2U7Y9,aor:AO090701000644,,5995516
AOC02079,AO090701000652,AO090701000652,,"DNA, SC111",secretory_client,,unassigned,low,Secretory clients are not assigned to machinery subsystems.,,unknown,unassigned,low,none,,,False,,liu2014,database_prediction,,10.1186/1752-0509-8-73,exact,direct AO090 match in UniProt cross-reference,False,Q2U7Y3,aor:AO090701000652,,5995522
AOC02080,AO090701000681,AO090701000681,,"DNA, SC111",secretory_client,,unassigned,low,Secretory clients are not assigned to machinery subsystems.,,unknown,unassigned,low,none,,,False,,liu2014,database_prediction,,10.1186/1752-0509-8-73,exact,direct AO090 match in UniProt cross-reference,False,Q2U7W0,aor:AO090701000681,,5995545
AOC02081,AO090701000707,AO090701000707,,"DNA, SC111",secretory_client,,unassigned,low,Secretory clients are not assigned to machinery subsystems.,,unknown,unassigned,low,none,,,False,,liu2014,database_prediction,,10.1186/1752-0509-8-73,exact,direct AO090 match in UniProt cross-reference,False,Q2U7T6,aor:AO090701000707,,5995569
AOC02082,AO090009000117,AO090009000117,eglC,"Probable glucan endo-1,3-beta-glucosidase eglC (EC 3.2.1.39) (Endo-1,3-beta-glucanase eglC) (Laminarinase eglC)",secretory_client,,unassigned,low,Secretory clients are not assigned to machinery subsystems.,,unknown,unassigned,low,none,,,False,,liu2014,database_prediction,,10.1186/1752-0509-8-73,exact,direct AO090 match in UniProt cross-reference,False,Q2UUZ1,aor:AO090009000117,ko:K01199,
AOC02083,AO090701000735,AO090701000735,,"DNA, SC111",secretory_client,,unassigned,low,Secretory clients are not assigned to machinery subsystems.,,unknown,unassigned,low,none,,,False,,liu2014,database_prediction,,10.1186/1752-0509-8-73,exact,direct AO090 match in UniProt cross-reference,False,Q2U7R3,aor:AO090701000735,,5995592
AOC02084,AO090701000787,AO090701000787,,"DNA, SC111",secretory_client,,unassigned,low,Secretory clients are not assigned to machinery subsystems.,,unknown,unassigned,low,none,,,False,,liu2014,database_prediction,,10.1186/1752-0509-8-73,exact,direct AO090 match in UniProt cross-reference,False,Q2U7L9,aor:AO090701000787,,5995636
AOC02085,AO090701000807,AO090701000807,,"DNA, SC111",secretory_client,,unassigned,low,Secretory clients are not assigned to machinery subsystems.,,unknown,unassigned,low,none,,,False,,liu2014,database_prediction,,10.1186/1752-0509-8-73,exact,direct AO090 match in UniProt cross-reference,False,Q2U7K2,aor:AO090701000807,,5995653
AOC02086,AO090701000808,AO090701000808,,"DNA, SC111",secretory_client,,unassigned,low,Secretory clients are not assigned to machinery subsystems.,,unknown,unassigned,low,none,,,False,,liu2014,database_prediction,,10.1186/1752-0509-8-73,exact,direct AO090 match in UniProt cross-reference,False,Q2U7K1,aor:AO090701000808,,5995654
AOC02087,AO090701000812,AO090701000812,,"DNA, SC111",secretory_client,,unassigned,low,Secretory clients are not assigned to machinery subsystems.,,unknown,unassigned,low,none,,,False,,liu2014,database_prediction,,10.1186/1752-0509-8-73,exact,direct AO090 match in UniProt cross-reference,False,Q2U7J7,aor:AO090701000812,,5995658
AOC02088,AO090701000814,AO090701000814,,"DNA, SC111",secretory_client,,unassigned,low,Secretory clients are not assigned to machinery subsystems.,,unknown,unassigned,low,none,,,False,,liu2014,database_prediction,,10.1186/1752-0509-8-73,exact,direct AO090 match in UniProt cross-reference,False,Q2U7J5,aor:AO090701000814,ko:K05529,5995660
AOC02089,AO090701000844,AO090701000844,,"DNA, SC111",secretory_client,,unassigned,low,Secretory clients are not assigned to machinery subsystems.,,unknown,unassigned,low,none,,,False,,liu2014,database_prediction,,10.1186/1752-0509-8-73,exact,direct AO090 match in UniProt cross-reference,False,Q2U7G8,aor:AO090701000844,,5995687
AOC02090,AO090701000847,AO090701000847,,"DNA, SC111",secretory_client,,unassigned,low,Secretory clients are not assigned to machinery subsystems.,,unknown,unassigned,low,none,,,False,,liu2014,database_prediction,,10.1186/1752-0509-8-73,exact,direct AO090 match in UniProt cross-reference,False,Q2U7G6,aor:AO090701000847,,5995689
AOC02091,AO090701000860,AO090701000860,,Peptide hydrolase (EC 3.4.-.-),secretory_client,,unassigned,low,Secretory clients are not assigned to machinery subsystems.,,unknown,unassigned,low,none,,,False,,liu2014,database_prediction,,10.1186/1752-0509-8-73,exact,direct AO090 match in UniProt cross-reference,False,Q2U7F5,aor:AO090701000860,,5995700
AOC02092,AO090701000861,AO090701000861,,"DNA, SC111",secretory_client,,unassigned,low,Secretory clients are not assigned to machinery subsystems.,,unknown,unassigned,low,none,,,False,,liu2014,database_prediction,,10.1186/1752-0509-8-73,exact,direct AO090 match in UniProt cross-reference,False,Q2U7F4,aor:AO090701000861,,5995701
AOC02093,AO090701000863,AO090701000863,,"DNA, SC111",secretory_client,,unassigned,low,Secretory clients are not assigned to machinery subsystems.,,unknown,unassigned,low,none,,,False,,liu2014,database_prediction,,10.1186/1752-0509-8-73,exact,direct AO090 match in UniProt cross-reference,False,Q2U7F2,aor:AO090701000863,,5995703
AOC02094,AO090701000864,AO090701000864,,"DNA, SC111",secretory_client,,unassigned,low,Secretory clients are not assigned to machinery subsystems.,,unknown,unassigned,low,none,,,False,,liu2014,database_prediction,,10.1186/1752-0509-8-73,exact,direct AO090 match in UniProt cross-reference,False,Q2U7F1,aor:AO090701000864,,5995704
AOC02095,AO090701000884,AO090701000884,,Feruloyl esterase C (EC 3.1.1.73) (Ferulic acid esterase C),secretory_client,,unassigned,low,Secretory clients are not assigned to machinery subsystems.,,unknown,unassigned,low,none,,,False,,liu2014,database_prediction,,10.1186/1752-0509-8-73,exact,direct AO090 match in UniProt cross-reference,False,Q2U7D3,aor:AO090701000884,,5995722
AOC02096,AO090701000885,AO090701000885,axhA,Probable alpha-L-arabinofuranosidase axhA (EC 3.2.1.55) (Arabinoxylan arabinofuranohydrolase axhA),secretory_client,,unassigned,low,Secretory clients are not assigned to machinery subsystems.,,unknown,unassigned,low,none,,,False,,liu2014,database_prediction,,10.1186/1752-0509-8-73,exact,direct AO090 match in UniProt cross-reference,False,Q2U7D2,aor:AO090701000885,,5995723
AOC02097,AO090701000887,AO090701000887,,Beta-xylanase (EC 3.2.1.8),secretory_client,,unassigned,low,Secretory clients are not assigned to machinery subsystems.,,unknown,unassigned,low,none,,,False,,liu2014,database_prediction,,10.1186/1752-0509-8-73,exact,direct AO090 match in UniProt cross-reference,False,Q2U7D0,aor:AO090701000887,ko:K01181,5995725
AOC02098,AO090701000889,AO090701000889,,"DNA, SC111",secretory_client,,unassigned,low,Secretory clients are not assigned to machinery subsystems.,,unknown,unassigned,low,none,,,False,,liu2014,database_prediction,,10.1186/1752-0509-8-73,exact,direct AO090 match in UniProt cross-reference,False,Q2U7C9,aor:AO090701000889,,5995726
AOC02099,AO090701000900,AO090701000900,,"DNA, SC111",secretory_client,,unassigned,low,Secretory clients are not assigned to machinery subsystems.,,unknown,unassigned,low,none,,,False,,liu2014,database_prediction,,10.1186/1752-0509-8-73,exact,direct AO090 match in UniProt cross-reference,False,Q2U7B8,aor:AO090701000900,,5995738
AOC02100,AO090701000905,AO090701000905,,"DNA, SC111",secretory_client,,unassigned,low,Secretory clients are not assigned to machinery subsystems.,,unknown,unassigned,low,none,,,False,,liu2014,database_prediction,,10.1186/1752-0509-8-73,exact,direct AO090 match in UniProt cross-reference,False,Q2U7B5,aor:AO090701000905,,5995740
AOC02101,AO090005001280,AO090005001280,,"DNA, SC005",secretory_client,,unassigned,low,Secretory clients are not assigned to machinery subsystems.,,unknown,unassigned,low,none,,,True,down,liu2014,database_prediction,,10.1186/1752-0509-8-73,exact,direct AO090 match in UniProt cross-reference,False,Q2UQE7,aor:AO090005001280,,5990165
AOC02102,AO090012000164,AO090012000164,,"DNA, SC012",secretory_client,,unassigned,low,Secretory clients are not assigned to machinery subsystems.,,unknown,unassigned,low,none,,,False,,liu2014,database_prediction,,10.1186/1752-0509-8-73,exact,direct AO090 match in UniProt cross-reference,False,Q2UDI1,aor:AO090012000164,,5987697
AOC02103,AO090026000298,AO090026000298,,"DNA, SC026",secretory_client,,unassigned,low,Secretory clients are not assigned to machinery subsystems.,,unknown,unassigned,low,none,,,True,down,liu2014,database_prediction,,10.1186/1752-0509-8-73,exact,direct AO090 match in UniProt cross-reference,False,Q2UF92,aor:AO090026000298,ko:K11244,5993803
AOC02104,AO090003000045,AO090003000045,,"DNA, SC003",secretory_client,,unassigned,low,Secretory clients are not assigned to machinery subsystems.,,unknown,unassigned,low,none,,,True,down,liu2014,database_prediction,,10.1186/1752-0509-8-73,exact,direct AO090 match in UniProt cross-reference,False,Q2UMD2,aor:AO090003000045,,5991268
AOC02105,AO090003001523,AO090003001523,,"DNA, SC003",secretory_client,,unassigned,low,Secretory clients are not assigned to machinery subsystems.,,unknown,unassigned,low,none,,,True,down,liu2014,database_prediction,,10.1186/1752-0509-8-73,exact,direct AO090 match in UniProt cross-reference,False,Q2UIQ4,aor:AO090003001523,,5992546
AOC02106,AO090701000400,AO090701000400,,"DNA, SC111",secretory_client,,unassigned,low,Secretory clients are not assigned to machinery subsystems.,,unknown,unassigned,low,none,,,True,down,liu2014,database_prediction,,10.1186/1752-0509-8-73,exact,direct AO090 match in UniProt cross-reference,False,Q2U8K3,aor:AO090701000400,ko:K01193,5995302
AOC02107,AO090009000148,AO090009000148,,Probable aspartic-type endopeptidase OPSB (Probable aspartic-type endopeptidase opsB),secretory_client,,unassigned,low,Secretory clients are not assigned to machinery subsystems.,,unknown,unassigned,low,none,,,True,down,liu2014,database_prediction,,10.1186/1752-0509-8-73,exact,direct AO090 match in UniProt cross-reference,False,Q2UUW3,aor:AO090009000148,,5988584
AOC02108,AO090020000169,AO090020000169,,"DNA, SC020",secretory_client,,unassigned,low,Secretory clients are not assigned to machinery subsystems.,,unknown,unassigned,low,none,,,True,down,liu2014,database_prediction,,10.1186/1752-0509-8-73,exact,direct AO090 match in UniProt cross-reference,False,Q2U4X1,aor:AO090020000169,,5996613
AOC02109,AO090003000476,AO090003000476,mns1B,"Mannosyl-oligosaccharide alpha-1,2-mannosidase 1B (EC 3.2.1.113) (Class I alpha-mannosidase 1B) (Man(9)-alpha-mannosidase 1B)",secretory_client,,unassigned,low,Secretory clients are not assigned to machinery subsystems.,,unknown,unassigned,low,none,,,True,down,liu2014,database_prediction,,10.1186/1752-0509-8-73,exact,direct AO090 match in UniProt cross-reference,False,Q2ULB2,aor:AO090003000476,ko:K01230,5991638
AOC02110,AO090005001467,AO090005001467,,"DNA, SC005",secretory_client,,unassigned,low,Secretory clients are not assigned to machinery subsystems.,,unknown,unassigned,low,none,,,True,down,liu2014,database_prediction,,10.1186/1752-0509-8-73,exact,direct AO090 match in UniProt cross-reference,False,Q2UPX8,aor:AO090005001467,,5990334
AOC02111,AO090020000351,AO090020000351,,Carboxypeptidase (EC 3.4.16.-),secretory_client,,unassigned,low,Secretory clients are not assigned to machinery subsystems.,,unknown,unassigned,low,none,,,True,down,liu2014,database_prediction,,10.1186/1752-0509-8-73,exact,direct AO090 match in UniProt cross-reference,False,Q2U4G6,aor:AO090020000351,ko:K01288,
AOC02112,AO090701000002,AO090701000002,opsB,Probable aspartic-type endopeptidase opsB (EC 3.4.23.-) (Oryzapsin B),secretory_client,,unassigned,low,Secretory clients are not assigned to machinery subsystems.,,unknown,unassigned,low,none,,,True,down,liu2014,database_prediction,,10.1186/1752-0509-8-73,exact,direct AO090 match in UniProt cross-reference,False,Q8NKB6,aor:AO090701000002,ko:K28617,5994956
AOC02113,AO090038000483,AO090038000483,,"DNA, SC038",secretory_client,,unassigned,low,Secretory clients are not assigned to machinery subsystems.,,unknown,unassigned,low,none,,,False,,liu2014,database_prediction,,10.1186/1752-0509-8-73,exact,direct AO090 match in UniProt cross-reference,False,Q2U2E7,aor:AO090038000483,,5997495
AOC02114,AO090103000108,AO090103000108,,"DNA, SC103",secretory_client,,unassigned,low,Secretory clients are not assigned to machinery subsystems.,,unknown,unassigned,low,none,,,True,down,liu2014,database_prediction,,10.1186/1752-0509-8-73,exact,direct AO090 match in UniProt cross-reference,False,Q2TYU4,aor:AO090103000108,,5998834
AOC02115,AO090003001326,AO090003001326,,"DNA, SC003",secretory_client,,unassigned,low,Secretory clients are not assigned to machinery subsystems.,,unknown,unassigned,low,none,,,True,down,liu2014,database_prediction,,10.1186/1752-0509-8-73,exact,direct AO090 match in UniProt cross-reference,False,Q2UJ78,aor:AO090003001326,,5992372
AOC02116,AO090038000419,AO090038000419,,"DNA, SC038",secretory_client,,unassigned,low,Secretory clients are not assigned to machinery subsystems.,,unknown,unassigned,low,none,,,True,down,liu2014,database_prediction,,10.1186/1752-0509-8-73,exact,direct AO090 match in UniProt cross-reference,False,Q2U2K6,aor:AO090038000419,,5997437
AOC02117,AO090038000418,AO090038000418,,"DNA, SC038",secretory_client,,unassigned,low,Secretory clients are not assigned to machinery subsystems.,,unknown,unassigned,low,none,,,True,down,liu2014,database_prediction,,10.1186/1752-0509-8-73,exact,direct AO090 match in UniProt cross-reference,False,Q2U2K7,aor:AO090038000418,,5997436
AOC02118,AO090005000691,AO090005000691,,"DNA, SC005",secretory_client,,unassigned,low,Secretory clients are not assigned to machinery subsystems.,,unknown,unassigned,low,none,,,True,down,liu2014,database_prediction,,10.1186/1752-0509-8-73,exact,direct AO090 match in UniProt cross-reference,False,Q2URU0,aor:AO090005000691,,5989672
AOC02119,AO090102000564,AO090102000564,,"DNA, SC102",secretory_client,,unassigned,low,Secretory clients are not assigned to machinery subsystems.,,unknown,unassigned,low,none,,,True,down,liu2014,database_prediction,,10.1186/1752-0509-8-73,exact,direct AO090 match in UniProt cross-reference,False,Q2UA33,aor:AO090102000564,,5994760
AOC02120,AO090138000055,AO090138000055,abnC,"Probable arabinan endo-1,5-alpha-L-arabinosidase C (EC 3.2.1.99) (Endo-1,5-alpha-L-arabinanase C) (ABN C)",secretory_client,,unassigned,low,Secretory clients are not assigned to machinery subsystems.,,unknown,unassigned,low,none,,,True,down,liu2014,database_prediction,,10.1186/1752-0509-8-73,exact,direct AO090 match in UniProt cross-reference,False,Q2U1X8,aor:AO090138000055,ko:K06113,5997671
AOC02121,AO090005000231,AO090005000231,,"DNA, SC005",secretory_client,,unassigned,low,Secretory clients are not assigned to machinery subsystems.,,unknown,unassigned,low,none,,,True,down,liu2014,database_prediction,,10.1186/1752-0509-8-73,exact,direct AO090 match in UniProt cross-reference,False,Q2USZ4,aor:AO090005000231,,5989268
AOC02122,AO090011000053,AO090011000053,,"DNA, SC011",secretory_client,,unassigned,low,Secretory clients are not assigned to machinery subsystems.,,unknown,unassigned,low,none,,,True,down,liu2014,database_prediction,,10.1186/1752-0509-8-73,exact,direct AO090 match in UniProt cross-reference,False,Q2U1F2,aor:AO090011000053,,5997849
AOC02123,AO090011000415,AO090011000415,hepH,Cytochrome P450 monooxygenase hepH (EC 1.-.-.-) (Heptelidic acid biosynthesis cluster protein H),secretory_client,,unassigned,low,Secretory clients are not assigned to machinery subsystems.,,unknown,unassigned,low,none,,,True,down,liu2014,database_prediction,,10.1186/1752-0509-8-73,exact,direct AO090 match in UniProt cross-reference,False,Q2U0J6,aor:AO090011000415,,5998155
AOC02124,AO090011000461,AO090011000461,,"DNA, SC011",secretory_client,,unassigned,low,Secretory clients are not assigned to machinery subsystems.,,unknown,unassigned,low,none,,,True,down,liu2014,database_prediction,,10.1186/1752-0509-8-73,exact,direct AO090 match in UniProt cross-reference,False,Q2U0F3,aor:AO090011000461,,5998198
AOC02125,AO090003001323,AO090003001323,,"DNA, SC003",secretory_client,,unassigned,low,Secretory clients are not assigned to machinery subsystems.,,unknown,unassigned,low,none,,,True,up,liu2014,database_prediction,,10.1186/1752-0509-8-73,exact,direct AO090 match in UniProt cross-reference,False,Q2UJ81,aor:AO090003001323,ko:K27165,5992369
AOC02126,AO090003000842,AO090003000842,sar1,Small COPII coat GTPase sar1 (EC 3.6.5.-),secretory_client,,unassigned,low,Secretory clients are not assigned to machinery subsystems.,,unknown,unassigned,low,none,,,True,up,liu2014,database_prediction,,10.1186/1752-0509-8-73,exact,direct AO090 match in UniProt cross-reference,False,Q877B9,aor:AO090003000842,ko:K07953,5991956
AOC02127,AO090003001542,AO090003001542,,"DNA, SC003",secretory_client,,unassigned,low,Secretory clients are not assigned to machinery subsystems.,,unknown,unassigned,low,none,,,True,down,liu2014,database_prediction,,10.1186/1752-0509-8-73,exact,direct AO090 match in UniProt cross-reference,False,Q2UIN9,aor:AO090003001542,,5992562
AOC02128,AO090102000483,AO090102000483,,"DNA, SC102",secretory_client,,unassigned,low,Secretory clients are not assigned to machinery subsystems.,,unknown,unassigned,low,none,,,True,down,liu2014,database_prediction,,10.1186/1752-0509-8-73,exact,direct AO090 match in UniProt cross-reference,False,Q2UA99,aor:AO090102000483,,5994694
AOC02129,AO090005000354,AO090005000354,,"N-acetylgalactosaminide beta-1,3-galactosyltransferase (EC 2.4.1.122)",secretory_client,,unassigned,low,Secretory clients are not assigned to machinery subsystems.,,unknown,unassigned,low,none,,,True,down,liu2014,database_prediction,,10.1186/1752-0509-8-73,exact,direct AO090 match in UniProt cross-reference,False,Q2USN8,aor:AO090005000354,,5989374
AOC02130,AO090003000911,AO090003000911,,"DNA, SC003",secretory_client,,unassigned,low,Secretory clients are not assigned to machinery subsystems.,,unknown,unassigned,low,none,,,True,down,liu2014,database_prediction,,10.1186/1752-0509-8-73,exact,direct AO090 match in UniProt cross-reference,False,Q2UK87,aor:AO090003000911,,5992013
AOC02131,AO090001000108,AO090001000108,,Peptidase M20 domain-containing protein 2,secretory_client,,unassigned,low,Secretory clients are not assigned to machinery subsystems.,,unknown,unassigned,low,none,,,False,,liu2014,database_prediction,,10.1186/1752-0509-8-73,exact,direct AO090 match in UniProt cross-reference,False,Q2UP54,aor:AO090001000108,,5990634
AOC02132,AO090001000324,AO090001000324,,"DNA, SC001",secretory_client,,unassigned,low,Secretory clients are not assigned to machinery subsystems.,,unknown,unassigned,low,none,,,False,,liu2014,database_prediction,,10.1186/1752-0509-8-73,exact,direct AO090 match in UniProt cross-reference,False,Q2UNK8,aor:AO090001000324,,5990830
AOC02133,AO090001000519,AO090001000519,fpr4,FK506-binding protein 4 (EC 5.2.1.8) (Histone proline isomerase) (Peptidyl-prolyl cis-trans isomerase) (PPIase) (Rotamase),secretory_client,,unassigned,low,Secretory clients are not assigned to machinery subsystems.,,unknown,unassigned,low,none,,,False,,liu2014,database_prediction,,10.1186/1752-0509-8-73,exact,direct AO090 match in UniProt cross-reference,False,Q2UN37,aor:AO090001000519,ko:K14826,5991001
AOC02134,AO090001000716,AO090001000716,,"DNA, SC001",secretory_client,,unassigned,low,Secretory clients are not assigned to machinery subsystems.,,unknown,unassigned,low,none,,,False,,liu2014,database_prediction,,10.1186/1752-0509-8-73,exact,direct AO090 match in UniProt cross-reference,False,Q2UMK9,aor:AO090001000716,,5991179
AOC02135,AO090003000107,AO090003000107,,"DNA, SC003",secretory_client,,unassigned,low,Secretory clients are not assigned to machinery subsystems.,,unknown,unassigned,low,none,,,False,,liu2014,database_prediction,,10.1186/1752-0509-8-73,exact,direct AO090 match in UniProt cross-reference,False,Q2UM77,aor:AO090003000107,ko:K07140,5991323
AOC02136,AO090003000217,AO090003000217,,"DNA, SC003",secretory_client,,unassigned,low,Secretory clients are not assigned to machinery subsystems.,,unknown,unassigned,low,none,,,False,,liu2014,database_prediction,,10.1186/1752-0509-8-73,exact,direct AO090 match in UniProt cross-reference,False,Q2ULY6,aor:AO090003000217,,5991414
AOC02137,AO090003000363,AO090003000363,,Transcription factor,secretory_client,,unassigned,low,Secretory clients are not assigned to machinery subsystems.,,unknown,unassigned,low,none,,,False,,liu2014,database_prediction,,10.1186/1752-0509-8-73,exact,direct AO090 match in UniProt cross-reference,False,Q2ULL5,aor:AO090003000363,ko:K15859,5991535
AOC02138,AO090003000423,AO090003000423,PAD1,"Flavin prenyltransferase PAD1, mitochondrial (EC 2.5.1.129)",secretory_client,,unassigned,low,Secretory clients are not assigned to machinery subsystems.,,unknown,unassigned,low,none,,,False,,liu2014,database_prediction,,10.1186/1752-0509-8-73,exact,direct AO090 match in UniProt cross-reference,False,Q2ULG2,,ko:K03186,
AOC02139,AO090003000461,AO090003000461,,"DNA, SC003",secretory_client,,unassigned,low,Secretory clients are not assigned to machinery subsystems.,,unknown,unassigned,low,none,,,False,,liu2014,database_prediction,,10.1186/1752-0509-8-73,exact,direct AO090 match in UniProt cross-reference,False,Q2ULC7,aor:AO090003000461,ko:K26109,5991623
AOC02140,AO090003000469,AO090003000469,,"DNA, SC003",secretory_client,,unassigned,low,Secretory clients are not assigned to machinery subsystems.,,unknown,unassigned,low,none,,,False,,liu2014,database_prediction,,10.1186/1752-0509-8-73,exact,direct AO090 match in UniProt cross-reference,False,Q2ULB9,aor:AO090003000469,ko:K01133,5991631
AOC02141,AO090003000548,AO090003000548,,"DNA, SC003",secretory_client,,unassigned,low,Secretory clients are not assigned to machinery subsystems.,,unknown,unassigned,low,none,,,False,,liu2014,database_prediction,,10.1186/1752-0509-8-73,exact,direct AO090 match in UniProt cross-reference,False,Q2UL50,aor:AO090003000548,ko:K17803,5991700
AOC02142,AO090003000577,AO090003000577,,"DNA, SC003",secretory_client,,unassigned,low,Secretory clients are not assigned to machinery subsystems.,,unknown,unassigned,low,none,,,False,,liu2014,database_prediction,,10.1186/1752-0509-8-73,exact,direct AO090 match in UniProt cross-reference,False,Q2UL23,aor:AO090003000577,,5991727
AOC02143,AO090003000604,AO090003000604,,"DNA, SC003",secretory_client,,unassigned,low,Secretory clients are not assigned to machinery subsystems.,,unknown,unassigned,low,none,,,False,,liu2014,database_prediction,,10.1186/1752-0509-8-73,exact,direct AO090 match in UniProt cross-reference,False,Q2UKZ9,aor:AO090003000604,ko:K20309,5991751
AOC02144,AO090003000728,AO090003000728,,Ubiquitin carboxyl-terminal hydrolase (EC 3.4.19.12),secretory_client,,unassigned,low,Secretory clients are not assigned to machinery subsystems.,,unknown,unassigned,low,none,,,False,,liu2014,database_prediction,,10.1186/1752-0509-8-73,exact,direct AO090 match in UniProt cross-reference,False,Q2UKP2,aor:AO090003000728,ko:K11874,5991858
AOC02145,AO090003000822,AO090003000822,,"DNA, SC003",secretory_client,,unassigned,low,Secretory clients are not assigned to machinery subsystems.,,unknown,unassigned,low,none,,,False,,liu2014,database_prediction,,10.1186/1752-0509-8-73,exact,direct AO090 match in UniProt cross-reference,False,Q2UKG1,aor:AO090003000822,,5991939
AOC02146,AO090003000915,AO090003000915,,"DNA, SC003",secretory_client,,unassigned,low,Secretory clients are not assigned to machinery subsystems.,,unknown,unassigned,low,none,,,False,,liu2014,database_prediction,,10.1186/1752-0509-8-73,exact,direct AO090 match in UniProt cross-reference,False,Q2UK84,aor:AO090003000915,ko:K05727,5992016
AOC02147,AO090003001225,AO090003001225,,"alpha-1,2-Mannosidase (EC 3.2.1.-)",secretory_client,,unassigned,low,Secretory clients are not assigned to machinery subsystems.,,unknown,unassigned,low,none,,,False,,liu2014,database_prediction,,10.1186/1752-0509-8-73,exact,direct AO090 match in UniProt cross-reference,False,Q2UJG7,aor:AO090003001225,ko:K01230,5992283
AOC02148,AO090003001278,AO090003001278,,"DNA, SC003",secretory_client,,unassigned,low,Secretory clients are not assigned to machinery subsystems.,,unknown,unassigned,low,none,,,False,,liu2014,database_prediction,,10.1186/1752-0509-8-73,exact,direct AO090 match in UniProt cross-reference,False,Q2UJC3,aor:AO090003001278,,5992327
AOC02149,AO090003001361,AO090003001361,,"DNA, SC003",secretory_client,,unassigned,low,Secretory clients are not assigned to machinery subsystems.,,unknown,unassigned,low,none,,,False,,liu2014,database_prediction,,10.1186/1752-0509-8-73,exact,direct AO090 match in UniProt cross-reference,False,Q2UJ46,aor:AO090003001361,ko:K10437,5992404
AOC02150,AO090003001415,AO090003001415,,Dihydromonacolin L monooxygenase LovA (EC 1.14.14.124) (EC 1.14.14.125) (Dihydromonacolin L hydroxylase) (Lovastatin biosynthesis cluster protein A) (Monacolin L hydroxylase),secretory_client,,unassigned,low,Secretory clients are not assigned to machinery subsystems.,,unknown,unassigned,low,none,,,False,,liu2014,database_prediction,,10.1186/1752-0509-8-73,exact,direct AO090 match in UniProt cross-reference,False,Q2UIZ6,aor:AO090003001415,,5992454
AOC02151,AO090003001475,AO090003001475,,glutamine--fructose-6-phosphate transaminase (isomerizing) (EC 2.6.1.16) (D-fructose-6-phosphate amidotransferase) (Hexosephosphate aminotransferase),secretory_client,,unassigned,low,Secretory clients are not assigned to machinery subsystems.,,unknown,unassigned,low,none,,,False,,liu2014,database_prediction,,10.1186/1752-0509-8-73,exact,direct AO090 match in UniProt cross-reference,False,Q2UIU4,aor:AO090003001475,ko:K00820,5992506
AOC02152,AO090003001497,AO090003001497,,"DNA, SC003",secretory_client,,unassigned,low,Secretory clients are not assigned to machinery subsystems.,,unknown,unassigned,low,none,,,False,,liu2014,database_prediction,,10.1186/1752-0509-8-73,exact,direct AO090 match in UniProt cross-reference,False,Q2UIS6,aor:AO090003001497,ko:K01176,5992524
AOC02153,AO090003001503,AO090003001503,,"DNA, SC003",secretory_client,,unassigned,low,Secretory clients are not assigned to machinery subsystems.,,unknown,unassigned,low,none,,,False,,liu2014,database_prediction,,10.1186/1752-0509-8-73,exact,direct AO090 match in UniProt cross-reference,False,Q2UIS1,aor:AO090003001503,,5992529
AOC02154,AO090005000009,AO090005000009,,"DNA, SC005",secretory_client,,unassigned,low,Secretory clients are not assigned to machinery subsystems.,,unknown,unassigned,low,none,,,False,,liu2014,database_prediction,,10.1186/1752-0509-8-73,exact,direct AO090 match in UniProt cross-reference,False,Q2UTH9,aor:AO090005000009,,5989083
AOC02155,AO090005000217,AO090005000217,aglA,Probable alpha-galactosidase A (EC 3.2.1.22) (Melibiase A),secretory_client,,unassigned,low,Secretory clients are not assigned to machinery subsystems.,,unknown,unassigned,low,none,,,False,,liu2014,database_prediction,,10.1186/1752-0509-8-73,exact,direct AO090 match in UniProt cross-reference,False,Q2UT06,aor:AO090005000217,ko:K07407,5989256
AOC02156,AO090005000218,AO090005000218,,"DNA, SC005",secretory_client,,unassigned,low,Secretory clients are not assigned to machinery subsystems.,,unknown,unassigned,low,none,,,False,,liu2014,database_prediction,,10.1186/1752-0509-8-73,exact,direct AO090 match in UniProt cross-reference,False,Q2UT05,aor:AO090005000218,ko:K05535,5989257
AOC02157,AO090005000219,AO090005000219,,"DNA, SC005",secretory_client,,unassigned,low,Secretory clients are not assigned to machinery subsystems.,,unknown,unassigned,low,none,,,False,,liu2014,database_prediction,,10.1186/1752-0509-8-73,exact,direct AO090 match in UniProt cross-reference,False,Q2UT04,aor:AO090005000219,,5989258
AOC02158,AO090005000249,AO090005000249,,"DNA, SC005",secretory_client,,unassigned,low,Secretory clients are not assigned to machinery subsystems.,,unknown,unassigned,low,none,,,False,,liu2014,database_prediction,,10.1186/1752-0509-8-73,exact,direct AO090 match in UniProt cross-reference,False,Q2USX7,aor:AO090005000249,,5989285
AOC02159,AO090005000294,AO090005000294,,"DNA, SC005",secretory_client,,unassigned,low,Secretory clients are not assigned to machinery subsystems.,,unknown,unassigned,low,none,,,False,,liu2014,database_prediction,,10.1186/1752-0509-8-73,exact,direct AO090 match in UniProt cross-reference,False,Q2USU1,aor:AO090005000294,,5989321
AOC02160,AO090005000385,AO090005000385,,"DNA, SC005",secretory_client,,unassigned,low,Secretory clients are not assigned to machinery subsystems.,,unknown,unassigned,low,none,,,False,,liu2014,database_prediction,,10.1186/1752-0509-8-73,exact,direct AO090 match in UniProt cross-reference,False,Q2USL0,aor:AO090005000385,,5989402
AOC02161,AO090005000422,AO090005000422,,"DNA, SC005",secretory_client,,unassigned,low,Secretory clients are not assigned to machinery subsystems.,,unknown,unassigned,low,none,,,False,,liu2014,database_prediction,,10.1186/1752-0509-8-73,exact,direct AO090 match in UniProt cross-reference,False,Q2USH8,aor:AO090005000422,,
AOC02162,AO090005000499,AO090005000499,,"DNA, SC005",secretory_client,,unassigned,low,Secretory clients are not assigned to machinery subsystems.,,unknown,unassigned,low,none,,,False,,liu2014,database_prediction,,10.1186/1752-0509-8-73,exact,direct AO090 match in UniProt cross-reference,False,Q2USB1,aor:AO090005000499,,5989501
AOC02163,AO090005000553,AO090005000553,,"DNA, SC005",secretory_client,,unassigned,low,Secretory clients are not assigned to machinery subsystems.,,unknown,unassigned,low,none,,,False,,liu2014,database_prediction,,10.1186/1752-0509-8-73,exact,direct AO090 match in UniProt cross-reference,False,Q2US65,aor:AO090005000553,,5989547
AOC02164,AO090005000674,AO090005000674,,"DNA, SC005",secretory_client,,unassigned,low,Secretory clients are not assigned to machinery subsystems.,,unknown,unassigned,low,none,,,False,,liu2014,database_prediction,,10.1186/1752-0509-8-73,exact,direct AO090 match in UniProt cross-reference,False,Q2URV6,aor:AO090005000674,,5989656
AOC02165,AO090005000932,AO090005000932,,"DNA, SC005",secretory_client,,unassigned,low,Secretory clients are not assigned to machinery subsystems.,,unknown,unassigned,low,none,,,False,,liu2014,database_prediction,,10.1186/1752-0509-8-73,exact,direct AO090 match in UniProt cross-reference,False,Q2UR81,aor:AO090005000932,ko:K00273,5989881
AOC02166,AO090005001108,AO090005001108,,"DNA, SC005",secretory_client,,unassigned,low,Secretory clients are not assigned to machinery subsystems.,,unknown,unassigned,low,none,,,False,,liu2014,database_prediction,,10.1186/1752-0509-8-73,exact,direct AO090 match in UniProt cross-reference,False,Q2UQT8,aor:AO090005001108,,5990024
AOC02167,AO090005001121,AO090005001121,,CDP-diacylglycerol--inositol 3-phosphatidyltransferase (EC 2.7.8.11),secretory_client,,unassigned,low,Secretory clients are not assigned to machinery subsystems.,,unknown,unassigned,low,none,,,False,,liu2014,database_prediction,,10.1186/1752-0509-8-73,exact,direct AO090 match in UniProt cross-reference,False,Q2UQS5,aor:AO090005001121,ko:K00999,5990037
AOC02168,AO090005001210,AO090005001210,,"DNA, SC005",secretory_client,,unassigned,low,Secretory clients are not assigned to machinery subsystems.,,unknown,unassigned,low,none,,,False,,liu2014,database_prediction,,10.1186/1752-0509-8-73,exact,direct AO090 match in UniProt cross-reference,False,Q2UQK5,aor:AO090005001210,,5990107
AOC02169,AO090005001602,AO090005001602,,"DNA, SC005",secretory_client,,unassigned,low,Secretory clients are not assigned to machinery subsystems.,,unknown,unassigned,low,none,,,False,,liu2014,database_prediction,,10.1186/1752-0509-8-73,exact,direct AO090 match in UniProt cross-reference,False,Q2UPK8,aor:AO090005001602,ko:K14675,5990454
AOC02170,AO090005001621,AO090005001621,,"DNA, SC005",secretory_client,,unassigned,low,Secretory clients are not assigned to machinery subsystems.,,unknown,unassigned,low,none,,,False,,liu2014,database_prediction,,10.1186/1752-0509-8-73,exact,direct AO090 match in UniProt cross-reference,False,Q2UPJ1,aor:AO090005001621,ko:K17887,
AOC02171,AO090009000113,AO090009000113,,"DNA, SC009",secretory_client,,unassigned,low,Secretory clients are not assigned to machinery subsystems.,,unknown,unassigned,low,none,,,False,,liu2014,database_prediction,,10.1186/1752-0509-8-73,exact,direct AO090 match in UniProt cross-reference,False,Q2UUZ5,aor:AO090009000113,ko:K00022,5988552
AOC02172,AO090009000234,AO090009000234,ALG13,UDP-N-acetylglucosamine transferase subunit ALG13 (EC 2.4.1.141) (Asparagine-linked glycosylation protein 13),secretory_client,,unassigned,low,Secretory clients are not assigned to machinery subsystems.,,unknown,unassigned,low,none,,,False,,liu2014,database_prediction,,10.1186/1752-0509-8-73,exact,direct AO090 match in UniProt cross-reference,False,Q2UUP4,aor:AO090009000234,ko:K07432,5988653
AOC02173,AO090009000315,AO090009000315,,"DNA, SC009",secretory_client,,unassigned,low,Secretory clients are not assigned to machinery subsystems.,,unknown,unassigned,low,none,,,False,,liu2014,database_prediction,,10.1186/1752-0509-8-73,exact,direct AO090 match in UniProt cross-reference,False,Q2UUH2,aor:AO090009000315,,5988725
AOC02174,AO090009000382,AO090009000382,,"DNA, SC009",secretory_client,,unassigned,low,Secretory clients are not assigned to machinery subsystems.,,unknown,unassigned,low,none,,,False,,liu2014,database_prediction,,10.1186/1752-0509-8-73,exact,direct AO090 match in UniProt cross-reference,False,Q2UUB4,aor:AO090009000382,,5988783
AOC02175,AO090009000533,AO090009000533,,"DNA, SC009",secretory_client,,unassigned,low,Secretory clients are not assigned to machinery subsystems.,,unknown,unassigned,low,none,,,False,,liu2014,database_prediction,,10.1186/1752-0509-8-73,exact,direct AO090 match in UniProt cross-reference,False,Q2UTZ0,aor:AO090009000533,,5988906
AOC02176,AO090009000617,AO090009000617,,Adenosine kinase (AK) (EC 2.7.1.20) (Adenosine 5'-phosphotransferase),secretory_client,,unassigned,low,Secretory clients are not assigned to machinery subsystems.,,unknown,unassigned,low,none,,,False,,liu2014,database_prediction,,10.1186/1752-0509-8-73,exact,direct AO090 match in UniProt cross-reference,False,Q2UTS1,aor:AO090009000617,ko:K00856,5988976
AOC02177,AO090010000032,AO090010000032,,"DNA, SC010",secretory_client,,unassigned,low,Secretory clients are not assigned to machinery subsystems.,,unknown,unassigned,low,none,,,False,,liu2014,database_prediction,,10.1186/1752-0509-8-73,exact,direct AO090 match in UniProt cross-reference,False,Q2TXS2,aor:AO090010000032,,5999218
AOC02178,AO090010000061,AO090010000061,,"DNA, SC010",secretory_client,,unassigned,low,Secretory clients are not assigned to machinery subsystems.,,unknown,unassigned,low,none,,,False,,liu2014,database_prediction,,10.1186/1752-0509-8-73,exact,direct AO090 match in UniProt cross-reference,False,Q2TXP8,aor:AO090010000061,,5999242
AOC02179,AO090010000110,AO090010000110,,"DNA, SC010",secretory_client,,unassigned,low,Secretory clients are not assigned to machinery subsystems.,,unknown,unassigned,low,none,,,False,,liu2014,database_prediction,,10.1186/1752-0509-8-73,exact,direct AO090 match in UniProt cross-reference,False,Q2TXK2,aor:AO090010000110,,5999288
AOC02180,AO090010000176,AO090010000176,,Short-chain dehydrogenase/reductase 3 (Retinal short-chain dehydrogenase/reductase 1),secretory_client,,unassigned,low,Secretory clients are not assigned to machinery subsystems.,,unknown,unassigned,low,none,,,False,,liu2014,database_prediction,,10.1186/1752-0509-8-73,exact,direct AO090 match in UniProt cross-reference,False,Q2TXE7,aor:AO090010000176,,5999343
AOC02181,AO090010000184,AO090010000184,,"DNA, SC010",secretory_client,,unassigned,low,Secretory clients are not assigned to machinery subsystems.,,unknown,unassigned,low,none,,,False,,liu2014,database_prediction,,10.1186/1752-0509-8-73,exact,direct AO090 match in UniProt cross-reference,False,Q2TXD9,aor:AO090010000184,,10099192
AOC02182,AO090010000515,AO090010000515,,"DNA, SC010",secretory_client,,unassigned,low,Secretory clients are not assigned to machinery subsystems.,,unknown,unassigned,low,none,,,False,,liu2014,database_prediction,,10.1186/1752-0509-8-73,exact,direct AO090 match in UniProt cross-reference,False,Q2TWL1,aor:AO090010000515,ko:K00020,5999629
AOC02183,AO090010000700,AO090010000700,,"DNA, SC010",secretory_client,,unassigned,low,Secretory clients are not assigned to machinery subsystems.,,unknown,unassigned,low,none,,,False,,liu2014,database_prediction,,10.1186/1752-0509-8-73,exact,direct AO090 match in UniProt cross-reference,False,Q2TW54,aor:AO090010000700,,5999786
AOC02184,AO090010000730,AO090010000730,,"DNA, SC010",secretory_client,,unassigned,low,Secretory clients are not assigned to machinery subsystems.,,unknown,unassigned,low,none,,,False,,liu2014,database_prediction,,10.1186/1752-0509-8-73,exact,direct AO090 match in UniProt cross-reference,False,Q2TW26,aor:AO090010000730,,5999814
AOC02185,AO090011000099,AO090011000099,,"DNA, SC011",secretory_client,,unassigned,low,Secretory clients are not assigned to machinery subsystems.,,unknown,unassigned,low,none,,,False,,liu2014,database_prediction,,10.1186/1752-0509-8-73,exact,direct AO090 match in UniProt cross-reference,False,Q2U1B3,aor:AO090011000099,,5997888
AOC02186,AO090011000401,AO090011000401,,"DNA, SC011",secretory_client,,unassigned,low,Secretory clients are not assigned to machinery subsystems.,,unknown,unassigned,low,none,,,False,,liu2014,database_prediction,,10.1186/1752-0509-8-73,exact,direct AO090 match in UniProt cross-reference,False,Q2U0K8,aor:AO090011000401,,5998143
AOC02187,AO090011000410,AO090011000410,hepC,Cytochrome P450 monooxygenase hepC (EC 1.-.-.-) (Heptelidic acid biosynthesis cluster protein C),secretory_client,,unassigned,low,Secretory clients are not assigned to machinery subsystems.,,unknown,unassigned,low,none,,,False,,liu2014,database_prediction,,10.1186/1752-0509-8-73,exact,direct AO090 match in UniProt cross-reference,False,Q2U0K1,,,
AOC02188,AO090011000664,AO090011000664,,"DNA, SC011",secretory_client,,unassigned,low,Secretory clients are not assigned to machinery subsystems.,,unknown,unassigned,low,none,,,False,,liu2014,database_prediction,,10.1186/1752-0509-8-73,exact,direct AO090 match in UniProt cross-reference,False,Q2TZY8,aor:AO090011000664,,35119664
AOC02189,AO090011000726,AO090011000726,,"D-xylose 1-dehydrogenase (NADP(+), D-xylono-1,5-lactone-forming) (EC 1.1.1.179) (D-xylose-NADP dehydrogenase)",secretory_client,,unassigned,low,Secretory clients are not assigned to machinery subsystems.,,unknown,unassigned,low,none,,,False,,liu2014,database_prediction,,10.1186/1752-0509-8-73,exact,direct AO090 match in UniProt cross-reference,False,Q2TZT7,aor:AO090011000726,,5998414
AOC02190,AO090011000777,AO090011000777,,Coatomer subunit zeta,secretory_client,,unassigned,low,Secretory clients are not assigned to machinery subsystems.,,unknown,unassigned,low,none,,,False,,liu2014,database_prediction,,10.1186/1752-0509-8-73,exact,direct AO090 match in UniProt cross-reference,False,Q2TZP2,aor:AO090011000777,ko:K20472,5998459
AOC02191,AO090011000885,AO090011000885,,"DNA, SC011",secretory_client,,unassigned,low,Secretory clients are not assigned to machinery subsystems.,,unknown,unassigned,low,none,,,False,,liu2014,database_prediction,,10.1186/1752-0509-8-73,exact,direct AO090 match in UniProt cross-reference,False,Q2TZE3,aor:AO090011000885,,5998558
AOC02192,AO090012000060,AO090012000060,,"DNA, SC012",secretory_client,,unassigned,low,Secretory clients are not assigned to machinery subsystems.,,unknown,unassigned,low,none,,,False,,liu2014,database_prediction,,10.1186/1752-0509-8-73,exact,direct AO090 match in UniProt cross-reference,False,Q2UDR9,aor:AO090012000060,,5987609
AOC02193,AO090012000069,AO090012000069,,Carboxylic ester hydrolase (EC 3.1.1.-),secretory_client,,unassigned,low,Secretory clients are not assigned to machinery subsystems.,,unknown,unassigned,low,none,,,False,,liu2014,database_prediction,,10.1186/1752-0509-8-73,exact,direct AO090 match in UniProt cross-reference,False,Q2UDR0,aor:AO090012000069,,5987618
AOC02194,AO090012000334,AO090012000334,,"DNA, SC012",secretory_client,,unassigned,low,Secretory clients are not assigned to machinery subsystems.,,unknown,unassigned,low,none,,,False,,liu2014,database_prediction,,10.1186/1752-0509-8-73,exact,direct AO090 match in UniProt cross-reference,False,Q2UD36,aor:AO090012000334,,5987842
AOC02195,AO090012000549,AO090012000549,,"DNA, SC012",secretory_client,,unassigned,low,Secretory clients are not assigned to machinery subsystems.,,unknown,unassigned,low,none,,,False,,liu2014,database_prediction,,10.1186/1752-0509-8-73,exact,direct AO090 match in UniProt cross-reference,False,Q2UCK5,aor:AO090012000549,,5988023
AOC02196,AO090012000632,AO090012000632,,"DNA, SC012",secretory_client,,unassigned,low,Secretory clients are not assigned to machinery subsystems.,,unknown,unassigned,low,none,,,False,,liu2014,database_prediction,,10.1186/1752-0509-8-73,exact,direct AO090 match in UniProt cross-reference,False,Q2UCD9,aor:AO090012000632,,10098450
AOC02197,AO090012000643,AO090012000643,stu1,Protein stu1,secretory_client,,unassigned,low,Secretory clients are not assigned to machinery subsystems.,,unknown,unassigned,low,none,,,False,,liu2014,database_prediction,,10.1186/1752-0509-8-73,exact,direct AO090 match in UniProt cross-reference,False,Q2UCC9,,ko:K16578,
AOC02198,AO090012000674,AO090012000674,,"DNA, SC012",secretory_client,,unassigned,low,Secretory clients are not assigned to machinery subsystems.,,unknown,unassigned,low,none,,,False,,liu2014,database_prediction,,10.1186/1752-0509-8-73,exact,direct AO090 match in UniProt cross-reference,False,Q2UCA5,aor:AO090012000674,ko:K04708,5988123
AOC02199,AO090012000687,AO090012000687,,"DNA, SC012",secretory_client,,unassigned,low,Secretory clients are not assigned to machinery subsystems.,,unknown,unassigned,low,none,,,False,,liu2014,database_prediction,,10.1186/1752-0509-8-73,exact,direct AO090 match in UniProt cross-reference,False,Q2UC94,aor:AO090012000687,,5988134
AOC02200,AO090012000747,AO090012000747,,"DNA, SC012",secretory_client,,unassigned,low,Secretory clients are not assigned to machinery subsystems.,,unknown,unassigned,low,none,,,False,,liu2014,database_prediction,,10.1186/1752-0509-8-73,exact,direct AO090 match in UniProt cross-reference,False,Q2UC44,aor:AO090012000747,,5988184
AOC02201,AO090012000778,AO090012000778,,Mitochondrial inner membrane protease subunit 2,secretory_client,,unassigned,low,Secretory clients are not assigned to machinery subsystems.,,unknown,unassigned,low,none,,,False,,liu2014,database_prediction,,10.1186/1752-0509-8-73,exact,direct AO090 match in UniProt cross-reference,False,Q2UC19,aor:AO090012000778,ko:K09648,5988209
AOC02202,AO090012000843,AO090012000843,,"DNA, SC012",secretory_client,,unassigned,low,Secretory clients are not assigned to machinery subsystems.,,unknown,unassigned,low,none,,,False,,liu2014,database_prediction,,10.1186/1752-0509-8-73,exact,direct AO090 match in UniProt cross-reference,False,Q2UBV8,aor:AO090012000843,,5988270
AOC02203,AO090012000898,AO090012000898,,D-amino-acid oxidase (EC 1.4.3.3),secretory_client,,unassigned,low,Secretory clients are not assigned to machinery subsystems.,,unknown,unassigned,low,none,,,False,,liu2014,database_prediction,,10.1186/1752-0509-8-73,exact,direct AO090 match in UniProt cross-reference,False,Q2UBR4,aor:AO090012000898,ko:K00273,5988314
AOC02204,AO090012000899,AO090012000899,,Aspartate aminotransferase (EC 2.6.1.1),secretory_client,,unassigned,low,Secretory clients are not assigned to machinery subsystems.,,unknown,unassigned,low,none,,,False,,liu2014,database_prediction,,10.1186/1752-0509-8-73,exact,direct AO090 match in UniProt cross-reference,False,Q2UBR3,aor:AO090012000899,ko:K14454,5988315
AOC02205,AO090012000914,AO090012000914,,"DNA, SC012",secretory_client,,unassigned,low,Secretory clients are not assigned to machinery subsystems.,,unknown,unassigned,low,none,,,False,,liu2014,database_prediction,,10.1186/1752-0509-8-73,exact,direct AO090 match in UniProt cross-reference,False,Q2UBQ0,aor:AO090012000914,ko:K08266,5988328
AOC02206,AO090012000985,AO090012000985,,"DNA, SC012",secretory_client,,unassigned,low,Secretory clients are not assigned to machinery subsystems.,,unknown,unassigned,low,none,,,False,,liu2014,database_prediction,,10.1186/1752-0509-8-73,exact,direct AO090 match in UniProt cross-reference,False,Q2UBI4,aor:AO090012000985,ko:K11274,5988394
AOC02207,AO090020000171,AO090020000171,,feruloyl esterase (EC 3.1.1.73) (Ferulic acid esterase A),secretory_client,,unassigned,low,Secretory clients are not assigned to machinery subsystems.,,unknown,unassigned,low,none,,,False,,liu2014,database_prediction,,10.1186/1752-0509-8-73,exact,direct AO090 match in UniProt cross-reference,False,Q2U4W9,aor:AO090020000171,,5996615
AOC02208,AO090020000174,AO090020000174,,"DNA, SC020",secretory_client,,unassigned,low,Secretory clients are not assigned to machinery subsystems.,,unknown,unassigned,low,none,,,False,,liu2014,database_prediction,,10.1186/1752-0509-8-73,exact,direct AO090 match in UniProt cross-reference,False,Q2U4W7,aor:AO090020000174,,5996617
AOC02209,AO090020000175,AO090020000175,,"DNA, SC020",secretory_client,,unassigned,low,Secretory clients are not assigned to machinery subsystems.,,unknown,unassigned,low,none,,,False,,liu2014,database_prediction,,10.1186/1752-0509-8-73,exact,direct AO090 match in UniProt cross-reference,False,Q2U4W6,aor:AO090020000175,,5996618
AOC02210,AO090020000249,AO090020000249,,"DNA, SC020",secretory_client,,unassigned,low,Secretory clients are not assigned to machinery subsystems.,,unknown,unassigned,low,none,,,False,,liu2014,database_prediction,,10.1186/1752-0509-8-73,exact,direct AO090 match in UniProt cross-reference,False,Q2U4Q0,aor:AO090020000249,,5996684
AOC02211,AO090020000360,AO090020000360,,"DNA, SC020",secretory_client,,unassigned,low,Secretory clients are not assigned to machinery subsystems.,,unknown,unassigned,low,none,,,False,,liu2014,database_prediction,,10.1186/1752-0509-8-73,exact,direct AO090 match in UniProt cross-reference,False,Q2U4G0,aor:AO090020000360,,5996774
AOC02212,AO090020000366,AO090020000366,,"DNA, SC020",secretory_client,,unassigned,low,Secretory clients are not assigned to machinery subsystems.,,unknown,unassigned,low,none,,,False,,liu2014,database_prediction,,10.1186/1752-0509-8-73,exact,direct AO090 match in UniProt cross-reference,False,Q2U4F4,aor:AO090020000366,,5996780
AOC02213,AO090023000015,AO090023000015,,"DNA, SC023",secretory_client,,unassigned,low,Secretory clients are not assigned to machinery subsystems.,,unknown,unassigned,low,none,,,False,,liu2014,database_prediction,,10.1186/1752-0509-8-73,exact,direct AO090 match in UniProt cross-reference,False,Q2UIL0,aor:AO090023000015,,5992609
AOC02214,AO090023000072,AO090023000072,,Cytochrome P450 monooxygenase otaC,secretory_client,,unassigned,low,Secretory clients are not assigned to machinery subsystems.,,unknown,unassigned,low,none,,,False,,liu2014,database_prediction,,10.1186/1752-0509-8-73,exact,direct AO090 match in UniProt cross-reference,False,Q2UIF7,aor:AO090023000072,,5992662
AOC02215,AO090023000189,AO090023000189,,"DNA, SC023",secretory_client,,unassigned,low,Secretory clients are not assigned to machinery subsystems.,,unknown,unassigned,low,none,,,False,,liu2014,database_prediction,,10.1186/1752-0509-8-73,exact,direct AO090 match in UniProt cross-reference,False,Q2UI53,aor:AO090023000189,,5992766
AOC02216,AO090023000359,AO090023000359,,"DNA, SC023",secretory_client,,unassigned,low,Secretory clients are not assigned to machinery subsystems.,,unknown,unassigned,low,none,,,False,,liu2014,database_prediction,,10.1186/1752-0509-8-73,exact,direct AO090 match in UniProt cross-reference,False,Q2UHP9,aor:AO090023000359,,5992920
AOC02217,AO090023000450,AO090023000450,,"DNA, SC023",secretory_client,,unassigned,low,Secretory clients are not assigned to machinery subsystems.,,unknown,unassigned,low,none,,,False,,liu2014,database_prediction,,10.1186/1752-0509-8-73,exact,direct AO090 match in UniProt cross-reference,False,Q2UHH0,aor:AO090023000450,,5992999
AOC02218,AO090023000456,AO090023000456,,"DNA, SC023",secretory_client,,unassigned,low,Secretory clients are not assigned to machinery subsystems.,,unknown,unassigned,low,none,,,False,,liu2014,database_prediction,,10.1186/1752-0509-8-73,exact,direct AO090 match in UniProt cross-reference,False,Q2UHG4,aor:AO090023000456,,5993005
AOC02219,AO090023000622,AO090023000622,,"N-acetylgalactosaminide beta-1,3-galactosyltransferase (EC 2.4.1.122)",secretory_client,,unassigned,low,Secretory clients are not assigned to machinery subsystems.,,unknown,unassigned,low,none,,,False,,liu2014,database_prediction,,10.1186/1752-0509-8-73,exact,direct AO090 match in UniProt cross-reference,False,Q2UH21,aor:AO090023000622,,5993148
AOC02220,AO090023000772,AO090023000772,,"DNA, SC023",secretory_client,,unassigned,low,Secretory clients are not assigned to machinery subsystems.,,unknown,unassigned,low,none,,,False,,liu2014,database_prediction,,10.1186/1752-0509-8-73,exact,direct AO090 match in UniProt cross-reference,False,Q2UGN9,aor:AO090023000772,,5993280
AOC02221,AO090023000848,AO090023000848,,Pheromone-processing carboxypeptidase KEX1 (EC 3.4.16.6) (Carboxypeptidase D) (Pheromone-processing carboxypeptidase kex1),secretory_client,,unassigned,low,Secretory clients are not assigned to machinery subsystems.,,unknown,unassigned,low,none,,,False,,liu2014,database_prediction,,10.1186/1752-0509-8-73,exact,direct AO090 match in UniProt cross-reference,False,Q2UGG7,aor:AO090023000848,,
AOC02222,AO090023000936,AO090023000936,,"DNA, SC023",secretory_client,,unassigned,low,Secretory clients are not assigned to machinery subsystems.,,unknown,unassigned,low,none,,,False,,liu2014,database_prediction,,10.1186/1752-0509-8-73,exact,direct AO090 match in UniProt cross-reference,False,Q2UG89,aor:AO090023000936,,5993430
AOC02223,AO090026000022,AO090026000022,,"DNA, SC026",secretory_client,,unassigned,low,Secretory clients are not assigned to machinery subsystems.,,unknown,unassigned,low,none,,,False,,liu2014,database_prediction,,10.1186/1752-0509-8-73,exact,direct AO090 match in UniProt cross-reference,False,Q2UFZ3,aor:AO090026000022,ko:K24439,5993552
AOC02224,AO090026000233,AO090026000233,,"DNA, SC026",secretory_client,,unassigned,low,Secretory clients are not assigned to machinery subsystems.,,unknown,unassigned,low,none,,,False,,liu2014,database_prediction,,10.1186/1752-0509-8-73,exact,direct AO090 match in UniProt cross-reference,False,Q2UFF1,aor:AO090026000233,,5993744
AOC02225,AO090026000249,AO090026000249,,"DNA, SC026",secretory_client,,unassigned,low,Secretory clients are not assigned to machinery subsystems.,,unknown,unassigned,low,none,,,False,,liu2014,database_prediction,,10.1186/1752-0509-8-73,exact,direct AO090 match in UniProt cross-reference,False,Q2UFD5,aor:AO090026000249,,5993760
AOC02226,AO090026000279,AO090026000279,,"DNA, SC026",secretory_client,,unassigned,low,Secretory clients are not assigned to machinery subsystems.,,unknown,unassigned,low,none,,,False,,liu2014,database_prediction,,10.1186/1752-0509-8-73,exact,direct AO090 match in UniProt cross-reference,False,Q2UFB0,aor:AO090026000279,,5993785
AOC02227,AO090026000446,AO090026000446,,"DNA, SC026",secretory_client,,unassigned,low,Secretory clients are not assigned to machinery subsystems.,,unknown,unassigned,low,none,,,False,,liu2014,database_prediction,,10.1186/1752-0509-8-73,exact,direct AO090 match in UniProt cross-reference,False,Q2UEW9,aor:AO090026000446,,5993926
AOC02228,AO090026000543,AO090026000543,,Triosephosphate isomerase (EC 5.3.1.1),secretory_client,,unassigned,low,Secretory clients are not assigned to machinery subsystems.,,unknown,unassigned,low,none,,,False,,liu2014,database_prediction,,10.1186/1752-0509-8-73,exact,direct AO090 match in UniProt cross-reference,False,Q2UEP1,aor:AO090026000543,ko:K01803,5994004
AOC02229,AO090026000714,AO090026000714,,D-amino-acid oxidase (EC 1.4.3.3),secretory_client,,unassigned,low,Secretory clients are not assigned to machinery subsystems.,,unknown,unassigned,low,none,,,False,,liu2014,database_prediction,,10.1186/1752-0509-8-73,exact,direct AO090 match in UniProt cross-reference,False,Q2UE92,aor:AO090026000714,ko:K00273,5994153
AOC02230,AO090026000771,AO090026000771,,"DNA, SC026",secretory_client,,unassigned,low,Secretory clients are not assigned to machinery subsystems.,,unknown,unassigned,low,none,,,False,,liu2014,database_prediction,,10.1186/1752-0509-8-73,exact,direct AO090 match in UniProt cross-reference,False,Q2UE40,aor:AO090026000771,ko:K03380,5994205
AOC02231,AO090038000156,AO090038000156,,"DNA, SC038",secretory_client,,unassigned,low,Secretory clients are not assigned to machinery subsystems.,,unknown,unassigned,low,none,,,False,,liu2014,database_prediction,,10.1186/1752-0509-8-73,exact,direct AO090 match in UniProt cross-reference,False,Q2U373,aor:AO090038000156,,
AOC02232,AO090038000197,AO090038000197,,"DNA, SC038",secretory_client,,unassigned,low,Secretory clients are not assigned to machinery subsystems.,,unknown,unassigned,low,none,,,False,,liu2014,database_prediction,,10.1186/1752-0509-8-73,exact,direct AO090 match in UniProt cross-reference,False,Q2U343,aor:AO090038000197,,5997250
AOC02233,AO090038000206,AO090038000206,,"DNA, SC038",secretory_client,,unassigned,low,Secretory clients are not assigned to machinery subsystems.,,unknown,unassigned,low,none,,,False,,liu2014,database_prediction,,10.1186/1752-0509-8-73,exact,direct AO090 match in UniProt cross-reference,False,Q2U337,aor:AO090038000206,,5997256
AOC02234,AO090038000281,AO090038000281,,"DNA, SC038",secretory_client,,unassigned,low,Secretory clients are not assigned to machinery subsystems.,,unknown,unassigned,low,none,,,False,,liu2014,database_prediction,,10.1186/1752-0509-8-73,exact,direct AO090 match in UniProt cross-reference,False,Q2U2X5,aor:AO090038000281,,5997318
AOC02235,AO090038000324,AO090038000324,,Nuclear pore complex protein,secretory_client,,unassigned,low,Secretory clients are not assigned to machinery subsystems.,,unknown,unassigned,low,none,,,False,,liu2014,database_prediction,,10.1186/1752-0509-8-73,exact,direct AO090 match in UniProt cross-reference,False,Q2U2T6,aor:AO090038000324,,5997358
AOC02236,AO090102000039,AO090102000039,,"N-acetylgalactosaminide beta-1,3-galactosyltransferase (EC 2.4.1.122)",secretory_client,,unassigned,low,Secretory clients are not assigned to machinery subsystems.,,unknown,unassigned,low,none,,,False,,liu2014,database_prediction,,10.1186/1752-0509-8-73,exact,direct AO090 match in UniProt cross-reference,False,Q2UBB2,aor:AO090102000039,,5994331
AOC02237,AO090102000057,AO090102000057,,"DNA, SC102",secretory_client,,unassigned,low,Secretory clients are not assigned to machinery subsystems.,,unknown,unassigned,low,none,,,False,,liu2014,database_prediction,,10.1186/1752-0509-8-73,exact,direct AO090 match in UniProt cross-reference,False,Q2UB97,aor:AO090102000057,,5994346
AOC02238,AO090102000085,AO090102000085,,"DNA, SC102",secretory_client,,unassigned,low,Secretory clients are not assigned to machinery subsystems.,,unknown,unassigned,low,none,,,False,,liu2014,database_prediction,,10.1186/1752-0509-8-73,exact,direct AO090 match in UniProt cross-reference,False,Q2UB70,aor:AO090102000085,,5994373
AOC02239,AO090102000218,AO090102000218,,"DNA, SC102",secretory_client,,unassigned,low,Secretory clients are not assigned to machinery subsystems.,,unknown,unassigned,low,none,,,False,,liu2014,database_prediction,,10.1186/1752-0509-8-73,exact,direct AO090 match in UniProt cross-reference,False,Q2UAV6,aor:AO090102000218,,5994487
AOC02240,AO090102000286,AO090102000286,,"DNA, SC102",secretory_client,,unassigned,low,Secretory clients are not assigned to machinery subsystems.,,unknown,unassigned,low,none,,,False,,liu2014,database_prediction,,10.1186/1752-0509-8-73,exact,direct AO090 match in UniProt cross-reference,False,Q2UAQ5,aor:AO090102000286,,5994538
AOC02241,AO090102000381,AO090102000381,,"DNA, SC102",secretory_client,,unassigned,low,Secretory clients are not assigned to machinery subsystems.,,unknown,unassigned,low,none,,,False,,liu2014,database_prediction,,10.1186/1752-0509-8-73,exact,direct AO090 match in UniProt cross-reference,False,Q2UAH6,aor:AO090102000381,,5994617
AOC02242,AO090102000391,AO090102000391,,"DNA, SC102",secretory_client,,unassigned,low,Secretory clients are not assigned to machinery subsystems.,,unknown,unassigned,low,none,,,False,,liu2014,database_prediction,,10.1186/1752-0509-8-73,exact,direct AO090 match in UniProt cross-reference,False,Q2UAG8,aor:AO090102000391,ko:K03854,5994625
AOC02243,AO090102000563,AO090102000563,,chitinase (EC 3.2.1.14),secretory_client,,unassigned,low,Secretory clients are not assigned to machinery subsystems.,,unknown,unassigned,low,none,,,False,,liu2014,database_prediction,,10.1186/1752-0509-8-73,exact,direct AO090 match in UniProt cross-reference,False,Q2UA34,aor:AO090102000563,ko:K01183,5994759
AOC02244,AO090102000638,AO090102000638,,"DNA, SC102",secretory_client,,unassigned,low,Secretory clients are not assigned to machinery subsystems.,,unknown,unassigned,low,none,,,False,,liu2014,database_prediction,,10.1186/1752-0509-8-73,exact,direct AO090 match in UniProt cross-reference,False,Q2U9W5,aor:AO090102000638,ko:K07874,5994828
AOC02245,AO090103000120,AO090103000120,bxlB,"Probable exo-1,4-beta-xylosidase bxlB (EC 3.2.1.37) (1,4-beta-D-xylan xylohydrolase bxlB) (Beta-xylosidase bxlB) (Xylobiase bxlB)",secretory_client,,unassigned,low,Secretory clients are not assigned to machinery subsystems.,,unknown,unassigned,low,none,,,False,,liu2014,database_prediction,,10.1186/1752-0509-8-73,exact,direct AO090 match in UniProt cross-reference,False,Q2TYT2,,ko:K15920,5998846
AOC02246,AO090103000152,AO090103000152,,"DNA, SC103",secretory_client,,unassigned,low,Secretory clients are not assigned to machinery subsystems.,,unknown,unassigned,low,none,,,False,,liu2014,database_prediction,,10.1186/1752-0509-8-73,exact,direct AO090 match in UniProt cross-reference,False,Q2TYQ5,aor:AO090103000152,,5998873
AOC02247,AO090103000218,AO090103000218,,chitinase (EC 3.2.1.14),secretory_client,,unassigned,low,Secretory clients are not assigned to machinery subsystems.,,unknown,unassigned,low,none,,,False,,liu2014,database_prediction,,10.1186/1752-0509-8-73,exact,direct AO090 match in UniProt cross-reference,False,Q2TYJ6,aor:AO090103000218,ko:K01183,5998932
AOC02248,AO090103000252,AO090103000252,,"DNA, SC103",secretory_client,,unassigned,low,Secretory clients are not assigned to machinery subsystems.,,unknown,unassigned,low,none,,,False,,liu2014,database_prediction,,10.1186/1752-0509-8-73,exact,direct AO090 match in UniProt cross-reference,False,Q2TYG9,aor:AO090103000252,,5998959
AOC02249,AO090120000067,AO090120000067,,"DNA, SC113",secretory_client,,unassigned,low,Secretory clients are not assigned to machinery subsystems.,,unknown,unassigned,low,none,,,False,,liu2014,database_prediction,,10.1186/1752-0509-8-73,exact,direct AO090 match in UniProt cross-reference,False,Q2U6W6,aor:AO090120000067,,5996091
AOC02250,AO090120000444,AO090120000444,,"DNA, SC113",secretory_client,,unassigned,low,Secretory clients are not assigned to machinery subsystems.,,unknown,unassigned,low,none,,,False,,liu2014,database_prediction,,10.1186/1752-0509-8-73,exact,direct AO090 match in UniProt cross-reference,False,Q2U5Z4,aor:AO090120000444,,5996413
AOC02251,AO090120000447,AO090120000447,,"DNA, SC113",secretory_client,,unassigned,low,Secretory clients are not assigned to machinery subsystems.,,unknown,unassigned,low,none,,,False,,liu2014,database_prediction,,10.1186/1752-0509-8-73,exact,direct AO090 match in UniProt cross-reference,False,Q2U5Z2,aor:AO090120000447,,5996415
AOC02252,AO090138000072,AO090138000072,,"DNA, SC138",secretory_client,,unassigned,low,Secretory clients are not assigned to machinery subsystems.,,unknown,unassigned,low,none,,,False,,liu2014,database_prediction,,10.1186/1752-0509-8-73,exact,direct AO090 match in UniProt cross-reference,False,Q2U1W3,aor:AO090138000072,,5997686
AOC02253,AO090138000151,AO090138000151,,"DNA, SC138",secretory_client,,unassigned,low,Secretory clients are not assigned to machinery subsystems.,,unknown,unassigned,low,none,,,False,,liu2014,database_prediction,,10.1186/1752-0509-8-73,exact,direct AO090 match in UniProt cross-reference,False,Q2U1P3,aor:AO090138000151,,5997756
AOC02254,AO090166000044,AO090166000044,,"DNA, SC166",secretory_client,,unassigned,low,Secretory clients are not assigned to machinery subsystems.,,unknown,unassigned,low,none,,,False,,liu2014,database_prediction,,10.1186/1752-0509-8-73,exact,direct AO090 match in UniProt cross-reference,False,Q2U9R9,aor:AO090166000044,,5994885
AOC02255,AO090166000052,AO090166000052,,"DNA, SC166",secretory_client,,unassigned,low,Secretory clients are not assigned to machinery subsystems.,,unknown,unassigned,low,none,,,False,,liu2014,database_prediction,,10.1186/1752-0509-8-73,exact,direct AO090 match in UniProt cross-reference,False,Q2U9R1,aor:AO090166000052,,5994893
AOC02256,,AO090663000001,,Protein of unknown function,secretory_client,,unassigned,low,Secretory clients are not assigned to machinery subsystems.,,unknown,unassigned,low,none,,,False,,liu2014,database_prediction,,10.1186/1752-0509-8-73,unresolved,no current AO090 cross-reference found,False,,,,
AOC02257,AO090701000042,AO090701000042,,"DNA, SC111",secretory_client,,unassigned,low,Secretory clients are not assigned to machinery subsystems.,,unknown,unassigned,low,none,,,False,,liu2014,database_prediction,,10.1186/1752-0509-8-73,exact,direct AO090 match in UniProt cross-reference,False,Q2U9G2,aor:AO090701000042,,5994993
AOC02258,AO090701000043,AO090701000043,,"DNA, SC111",secretory_client,,unassigned,low,Secretory clients are not assigned to machinery subsystems.,,unknown,unassigned,low,none,,,False,,liu2014,database_prediction,,10.1186/1752-0509-8-73,exact,direct AO090 match in UniProt cross-reference,False,Q2U9G1,aor:AO090701000043,ko:K03650,5994995
AOC02259,AO090701000275,AO090701000275,,"DNA, SC111",secretory_client,,unassigned,low,Secretory clients are not assigned to machinery subsystems.,,unknown,unassigned,low,none,,,False,,liu2014,database_prediction,,10.1186/1752-0509-8-73,exact,direct AO090 match in UniProt cross-reference,False,Q2U8V8,aor:AO090701000275,,5995197
AOC02260,AO090701000411,AO090701000411,,D-xylulose reductase (EC 1.1.1.9) (Xylitol dehydrogenase A),secretory_client,,unassigned,low,Secretory clients are not assigned to machinery subsystems.,,unknown,unassigned,low,none,,,False,,liu2014,database_prediction,,10.1186/1752-0509-8-73,exact,direct AO090 match in UniProt cross-reference,False,Q2U8J2,aor:AO090701000411,ko:K05351,5995313
AOC02261,AO090701000469,AO090701000469,,"DNA, SC111",secretory_client,,unassigned,low,Secretory clients are not assigned to machinery subsystems.,,unknown,unassigned,low,none,,,False,,liu2014,database_prediction,,10.1186/1752-0509-8-73,exact,direct AO090 match in UniProt cross-reference,False,Q2U8D6,aor:AO090701000469,,5995369
AOC02262,AO090701000550,AO090701000550,,"DNA, SC111",secretory_client,,unassigned,low,Secretory clients are not assigned to machinery subsystems.,,unknown,unassigned,low,none,,,False,,liu2014,database_prediction,,10.1186/1752-0509-8-73,exact,direct AO090 match in UniProt cross-reference,False,Q2U867,aor:AO090701000550,,5995438
AOC02263,AO090701000578,AO090701000578,,"DNA, SC111",secretory_client,,unassigned,low,Secretory clients are not assigned to machinery subsystems.,,unknown,unassigned,low,none,,,False,,liu2014,database_prediction,,10.1186/1752-0509-8-73,exact,direct AO090 match in UniProt cross-reference,False,Q2U843,aor:AO090701000578,,5995462
AOC02264,AO090701000608,AO090701000608,,"DNA, SC111",secretory_client,,unassigned,low,Secretory clients are not assigned to machinery subsystems.,,unknown,unassigned,low,none,,,False,,liu2014,database_prediction,,10.1186/1752-0509-8-73,exact,direct AO090 match in UniProt cross-reference,False,Q2U816,aor:AO090701000608,,5995489
AOC02265,AO090701000658,AO090701000658,,"DNA, SC111",secretory_client,,unassigned,low,Secretory clients are not assigned to machinery subsystems.,,unknown,unassigned,low,none,,,False,,liu2014,database_prediction,,10.1186/1752-0509-8-73,exact,direct AO090 match in UniProt cross-reference,False,Q2U7X8,aor:AO090701000658,,5995527
AOC02266,AO090701000780,AO090701000780,,"DNA, SC111",secretory_client,,unassigned,low,Secretory clients are not assigned to machinery subsystems.,,unknown,unassigned,low,none,,,False,,liu2014,database_prediction,,10.1186/1752-0509-8-73,exact,direct AO090 match in UniProt cross-reference,False,Q2U7M5,aor:AO090701000780,,5995630
AOC02267,AO090701000794,AO090701000794,,"DNA, SC111",secretory_client,,unassigned,low,Secretory clients are not assigned to machinery subsystems.,,unknown,unassigned,low,none,,,False,,liu2014,database_prediction,,10.1186/1752-0509-8-73,exact,direct AO090 match in UniProt cross-reference,False,Q2U7L3,aor:AO090701000794,,5995642
AOC02268,AO090701000870,AO090701000870,,"DNA, SC111",secretory_client,,unassigned,low,Secretory clients are not assigned to machinery subsystems.,,unknown,unassigned,low,none,,,False,,liu2014,database_prediction,,10.1186/1752-0509-8-73,exact,direct AO090 match in UniProt cross-reference,False,Q2U7E5,aor:AO090701000870,,35119856
AOC02269,AO090701000886,AO090701000886,,"DNA, SC111",secretory_client,,unassigned,low,Secretory clients are not assigned to machinery subsystems.,,unknown,unassigned,low,none,,,False,,liu2014,database_prediction,,10.1186/1752-0509-8-73,exact,direct AO090 match in UniProt cross-reference,False,Q2U7D1,aor:AO090701000886,,5995724
