original_id,proposed_current_id,verified_current_id,mapping_method,supporting_sources,source_agreement,alternative_candidates,audit_status,audit_notes,manual_review_required
AO090701000065,AO090701000065,AO090701000065,unchanged/exact identifier,NCBI RefSeq; KEGG; UniProt,all available sources agree,,confirmed,NCBI GeneID:10099859; RefSeq transcript:XM_003190199.2; RefSeq protein:XP_003190247.2; KEGG:aor:AO090701000065; KEGG->GeneID:10099859; UniProt:Q2U9E1,False
AO090003001087,AO090003001087,AO090003001087,unchanged/exact identifier,NCBI RefSeq; KEGG; UniProt,all available sources agree,,confirmed,NCBI GeneID:5992169; RefSeq transcript:XM_001820134.3; RefSeq protein:XP_001820186.1; KEGG:aor:AO090003001087; KEGG->GeneID:5992169; KEGG->UniProt:Q2UJT1; UniProt:Q2UJT1,False
AO090011000927,AO090011000927,AO090011000927,unchanged/exact identifier,NCBI RefSeq; KEGG; UniProt,all available sources agree,,confirmed,NCBI GeneID:5998590; RefSeq transcript:XM_023233168.1; RefSeq protein:XP_023093699.1; KEGG:aor:AO090011000927; KEGG->GeneID:5998590; UniProt:Q7Z8U2,False
AO090103000403,AO090103000403,AO090103000403,unchanged/exact identifier,NCBI RefSeq; KEGG; UniProt,all available sources agree,,confirmed,NCBI GeneID:5999089; RefSeq transcript:XM_001826915.1; RefSeq protein:XP_001826967.1; KEGG:aor:AO090103000403; KEGG->GeneID:5999089; KEGG->UniProt:Q2TY39; UniProt:Q2TY39,False
AO090001000490,AO090001000490,AO090001000490,unchanged/exact identifier,NCBI RefSeq; KEGG; UniProt,all available sources agree,,confirmed,NCBI GeneID:5990975; RefSeq transcript:XM_001818952.3; RefSeq protein:XP_001819004.3; KEGG:aor:AO090001000490; KEGG->GeneID:5990975; KEGG->UniProt:Q2UN63; UniProt:Q2UN63,False
AO090009000318,AO090009000318,AO090009000318,unchanged/exact identifier,NCBI RefSeq; KEGG; UniProt,all available sources agree,,confirmed,NCBI GeneID:5988728; RefSeq transcript:XM_023234735.1; RefSeq protein:XP_023088607.1; KEGG:aor:AO090009000318; KEGG->GeneID:5988728; KEGG->UniProt:Q2UUG9; UniProt:Q2UUG9,False
AO090009000234,AO090009000234,AO090009000234,unchanged/exact identifier,NCBI RefSeq; KEGG; UniProt,all available sources agree,,confirmed,NCBI GeneID:5988653; RefSeq transcript:XM_001816671.1; RefSeq protein:XP_001816723.1; KEGG:aor:AO090009000234; KEGG->GeneID:5988653; KEGG->UniProt:Q2UUP4; UniProt:Q2UUP4,False
AO090120000461,AO090120000461,AO090120000461,unchanged/exact identifier,NCBI RefSeq; KEGG; UniProt,all available sources agree,,confirmed,NCBI GeneID:5996426; RefSeq transcript:XM_001824115.3; RefSeq protein:XP_001824167.1; KEGG:aor:AO090120000461; KEGG->GeneID:5996426; KEGG->UniProt:Q2U5Y1; UniProt:Q2U5Y1,False
AO090120000319,AO090120000319,AO090120000319,unchanged/exact identifier,NCBI RefSeq; KEGG; UniProt,all available sources agree,,confirmed,NCBI GeneID:5996303; RefSeq transcript:XM_001823992.3; RefSeq protein:XP_001824044.1; KEGG:aor:AO090120000319; KEGG->GeneID:5996303; KEGG->UniProt:Q2U6A4; UniProt:Q2U6A4,False
AO090701000739,AO090701000739,AO090701000739,unchanged/exact identifier,NCBI RefSeq; KEGG; UniProt,all available sources agree,,confirmed,NCBI GeneID:5995596; RefSeq transcript:XM_001823487.3; RefSeq protein:XP_001823539.1; KEGG:aor:AO090701000739; KEGG->GeneID:5995596; KEGG->UniProt:Q2U7Q9; UniProt:Q2U7Q9,False
AO090020000410,AO090020000410,AO090020000410,unchanged/exact identifier,NCBI RefSeq; KEGG; UniProt,all available sources agree,,confirmed,NCBI GeneID:5996818; RefSeq transcript:XM_001824680.3; RefSeq protein:XP_001824732.1; KEGG:aor:AO090020000410; KEGG->GeneID:5996818; KEGG->UniProt:Q2U4B6; UniProt:Q2U4B6,False
AO090026000526,AO090026000526,AO090026000526,unchanged/exact identifier,NCBI RefSeq; KEGG; UniProt,all available sources agree,,confirmed,NCBI GeneID:5993992; RefSeq transcript:XM_001821912.3; RefSeq protein:XP_001821964.3; KEGG:aor:AO090026000526; KEGG->GeneID:5993992; KEGG->UniProt:Q2UEQ3; UniProt:Q2UEQ3,False
AO090102000146,AO090102000146,AO090102000146,unchanged/exact identifier,NCBI RefSeq; KEGG; UniProt,all available sources agree,,confirmed,NCBI GeneID:5994423; RefSeq transcript:XM_001822326.1; RefSeq protein:XP_001822378.1; KEGG:aor:AO090102000146; KEGG->GeneID:5994423; KEGG->UniProt:Q2UB20; UniProt:Q2UB20,False
AO090012000489,AO090012000489,AO090012000489,unchanged/exact identifier,NCBI RefSeq; KEGG; UniProt,all available sources agree,,confirmed,NCBI GeneID:5987972; RefSeq transcript:XM_001727446.3; RefSeq protein:XP_001727498.1; KEGG:aor:AO090012000489; KEGG->GeneID:5987972; KEGG->UniProt:Q2UCQ6; UniProt:Q2UCQ6,False
AO090005001458,AO090005001458,AO090005001458,unchanged/exact identifier,NCBI RefSeq; KEGG; UniProt,all available sources agree,,confirmed,NCBI GeneID:5990326; RefSeq transcript:XM_001818329.3; RefSeq protein:XP_001818381.1; KEGG:aor:AO090005001458; KEGG->GeneID:5990326; KEGG->UniProt:Q2UPY6; UniProt:Q2UPY6,False
AO090023000901,AO090023000901,AO090023000901,unchanged/exact identifier,NCBI RefSeq; KEGG; UniProt,all available sources agree,,confirmed,NCBI GeneID:5993402; RefSeq transcript:XM_001821348.3; RefSeq protein:XP_001821400.1; KEGG:aor:AO090023000901; KEGG->GeneID:5993402; KEGG->UniProt:Q2UGB7; UniProt:Q2UGB7,False
AO090012000213,AO090012000213,AO090012000213,unchanged/exact identifier,NCBI RefSeq; KEGG; UniProt,all available sources agree,,confirmed,NCBI GeneID:5987741; RefSeq transcript:XM_023236377.1; RefSeq protein:XP_023091308.1; KEGG:aor:AO090012000213; KEGG->GeneID:5987741; KEGG->UniProt:Q2UDD7; UniProt:Q2UDD7,False
AO090005001357,AO090005001357,AO090005001357,unchanged/exact identifier,NCBI RefSeq; KEGG; UniProt,all available sources agree,,confirmed,NCBI GeneID:5990231; RefSeq transcript:XM_001818234.3; RefSeq protein:XP_001818286.1; KEGG:aor:AO090005001357; KEGG->GeneID:5990231; KEGG->UniProt:Q2UQ81; UniProt:Q2UQ81,False
AO090206000061,AO090206000061,AO090206000061,unchanged/exact identifier,NCBI RefSeq; KEGG; UniProt,all available sources agree,,confirmed,NCBI GeneID:5998681; RefSeq transcript:XM_023233209.1; RefSeq protein:XP_023093737.1; KEGG:aor:AO090206000061; KEGG->GeneID:5998681; KEGG->UniProt:Q2PIU2; UniProt:Q2PIU2,False
AO090009000481,AO090009000481,AO090009000481,unchanged/exact identifier,NCBI RefSeq; KEGG; UniProt,all available sources agree,,confirmed,NCBI GeneID:5988867; RefSeq transcript:XM_001816885.3; RefSeq protein:XP_001816937.1; KEGG:aor:AO090009000481; KEGG->GeneID:5988867; KEGG->UniProt:Q2UU30; UniProt:Q2UU30,False
AO090673000002,AO090673000002,AO090673000002,unchanged/exact identifier,NCBI RefSeq; KEGG,all available sources agree,,confirmed,NCBI GeneID:5994297; RefSeq transcript:XM_001822193.3; RefSeq protein:XP_001822245.3; KEGG:aor:AO090673000002; KEGG->GeneID:5994297,False
AO090026000703,AO090026000703,AO090026000703,unchanged/exact identifier,NCBI RefSeq; KEGG; UniProt,all available sources agree,,confirmed,NCBI GeneID:5994144; RefSeq transcript:XM_001822064.1; RefSeq protein:XP_001822116.1; KEGG:aor:AO090026000703; KEGG->GeneID:5994144; KEGG->UniProt:Q2UEA1; UniProt:Q2UEA1,False
AO090020000601,AO090020000601,AO090020000601,unchanged/exact identifier,NCBI RefSeq; KEGG; UniProt,all available sources agree,,confirmed,NCBI GeneID:5996978; RefSeq transcript:XM_023237923.1; RefSeq protein:XP_023092910.1; KEGG:aor:AO090020000601; KEGG->GeneID:5996978; KEGG->UniProt:Q2U3V6; UniProt:Q2U3V6,False
AO090009000223,AO090009000223,AO090009000223,unchanged/exact identifier,NCBI RefSeq; KEGG; UniProt,all available sources agree,,confirmed,NCBI GeneID:5988644; RefSeq transcript:XM_001816662.3; RefSeq protein:XP_001816714.3; KEGG:aor:AO090009000223; KEGG->GeneID:5988644; KEGG->UniProt:Q2UUQ3; UniProt:Q2UUQ3,False
AO090003000425,AO090003000425,AO090003000425,unchanged/exact identifier,NCBI RefSeq; KEGG; UniProt,all available sources agree,,confirmed,NCBI GeneID:5991590; RefSeq transcript:XM_001819555.3; RefSeq protein:XP_001819607.1; KEGG:aor:AO090003000425; KEGG->GeneID:5991590; KEGG->UniProt:Q2ULG0; UniProt:Q2ULG0,False
AO090003001338,AO090003001338,AO090003001338,unchanged/exact identifier,NCBI RefSeq; KEGG; UniProt,all available sources agree,,confirmed,NCBI GeneID:5992383; RefSeq transcript:XM_001820348.3; RefSeq protein:XP_001820400.1; KEGG:aor:AO090003001338; KEGG->GeneID:5992383; KEGG->UniProt:Q2UJ67; UniProt:Q2UJ67,False
AO090005000825,AO090005000825,AO090005000825,unchanged/exact identifier,NCBI RefSeq; KEGG; UniProt,all available sources agree,,confirmed,NCBI GeneID:5989786; RefSeq transcript:XM_001817789.3; RefSeq protein:XP_001817841.1; KEGG:aor:AO090005000825; KEGG->GeneID:5989786; KEGG->UniProt:Q2URH6; UniProt:Q2URH6,False
AO090038000254,AO090038000254,AO090038000254,unchanged/exact identifier,NCBI RefSeq; KEGG; UniProt,all available sources agree,,confirmed,NCBI GeneID:5997295; RefSeq transcript:XM_003190576.2; RefSeq protein:XP_003190624.1; KEGG:aor:AO090038000254; KEGG->GeneID:5997295; KEGG->UniProt:Q2U2Z8; UniProt:Q2U2Z8,False
AO090005000978,AO090005000978,AO090005000978,unchanged/exact identifier,NCBI RefSeq; KEGG; UniProt,all available sources agree,,confirmed,NCBI GeneID:5989919; RefSeq transcript:XM_001817922.3; RefSeq protein:XP_001817974.1; KEGG:aor:AO090005000978; KEGG->GeneID:5989919; KEGG->UniProt:Q2UR43; UniProt:Q2UR43,False
AO090012000548,AO090012000548,AO090012000548,unchanged/exact identifier,NCBI RefSeq; KEGG; UniProt,all available sources agree,,confirmed,NCBI GeneID:5988022; RefSeq transcript:XM_001727496.1; RefSeq protein:XP_001727548.1; KEGG:aor:AO090012000548; KEGG->GeneID:5988022; KEGG->UniProt:Q2UCK6; UniProt:Q2UCK6,False
AO090026000672,AO090026000672,AO090026000672,unchanged/exact identifier,NCBI RefSeq; KEGG; UniProt,all available sources agree,,confirmed,NCBI GeneID:5994118; RefSeq transcript:XM_001822038.3; RefSeq protein:XP_001822090.1; KEGG:aor:AO090026000672; KEGG->GeneID:5994118; KEGG->UniProt:Q2UEC7; UniProt:Q2UEC7,False
AO090005001206,AO090005001206,AO090005001206,unchanged/exact identifier,NCBI RefSeq; KEGG; UniProt,all available sources agree,,confirmed,NCBI GeneID:5990517; RefSeq transcript:XM_001818107.3; RefSeq protein:XP_001818159.1; KEGG:aor:AO090005001206; KEGG->GeneID:5990517; KEGG->UniProt:Q2UQK8; UniProt:Q2UQK8,False
AO090012000993,AO090012000993,AO090012000993,unchanged/exact identifier,NCBI RefSeq; KEGG; UniProt,all available sources agree,,confirmed,NCBI GeneID:5988399; RefSeq transcript:XM_001727873.3; RefSeq protein:XP_001727925.3; KEGG:aor:AO090012000993; KEGG->GeneID:5988399; KEGG->UniProt:Q2UBH9; UniProt:Q2UBH9,False
AO090038000605,AO090038000605,AO090038000605,unchanged/exact identifier,NCBI RefSeq; KEGG; UniProt,all available sources agree,,confirmed,NCBI GeneID:5997596; RefSeq transcript:XM_023238215.1; RefSeq protein:XP_023093203.1; KEGG:aor:AO090038000605; KEGG->GeneID:5997596; KEGG->UniProt:Q2U247; UniProt:Q2U247,False
AO090003001153,AO090003001153,AO090003001153,unchanged/exact identifier,NCBI RefSeq; KEGG; UniProt,all available sources agree,,confirmed,NCBI GeneID:5992228; RefSeq transcript:XM_023235200.1; RefSeq protein:XP_023090239.1; KEGG:aor:AO090003001153; KEGG->GeneID:5992228; KEGG->UniProt:Q2UJM2; UniProt:Q2UJM2,False
AO090009000664,AO090009000664,AO090009000664,unchanged/exact identifier,NCBI RefSeq; KEGG; UniProt,all available sources agree,,confirmed,NCBI GeneID:5989014; RefSeq transcript:XM_023236251.1; RefSeq protein:XP_023088751.1; KEGG:aor:AO090009000664; KEGG->GeneID:5989014; KEGG->UniProt:Q2UTN3; UniProt:Q2UTN3,False
AO090003000749,AO090003000749,AO090003000749,unchanged/exact identifier,NCBI RefSeq; KEGG; UniProt,all available sources agree,,confirmed,NCBI GeneID:5991875; RefSeq transcript:XM_023235016.1; RefSeq protein:XP_023090078.1; KEGG:aor:AO090003000749; KEGG->GeneID:5991875; UniProt:Q2UKM5,False
AO090003001091,AO090003001091,AO090003001091,unchanged/exact identifier,NCBI RefSeq; KEGG; UniProt,all available sources agree,,confirmed,NCBI GeneID:5992172; RefSeq transcript:XM_023235165.1; RefSeq protein:XP_023090209.1; KEGG:aor:AO090003001091; KEGG->GeneID:5992172; KEGG->UniProt:Q2UJS8; UniProt:Q2UJS8,False
AO090120000257,AO090120000257,AO090120000257,unchanged/exact identifier,NCBI RefSeq; KEGG; UniProt,all available sources agree,,confirmed,NCBI GeneID:5996252; RefSeq transcript:XM_001823941.3; RefSeq protein:XP_001823993.1; KEGG:aor:AO090120000257; KEGG->GeneID:5996252; KEGG->UniProt:Q2U6F5; UniProt:Q2U6F5,False
AO090003000053,AO090003000053,AO090003000053,unchanged/exact identifier,NCBI RefSeq; KEGG; UniProt,all available sources agree,,confirmed,NCBI GeneID:5991274; RefSeq transcript:XM_023234712.1; RefSeq protein:XP_023089809.1; KEGG:aor:AO090003000053; KEGG->GeneID:5991274; KEGG->UniProt:Q2UMC6; UniProt:Q2UMC6,False
AO090005000437,AO090005000437,AO090005000437,unchanged/exact identifier,NCBI RefSeq; KEGG; UniProt,all available sources agree,,confirmed,NCBI GeneID:5989448; RefSeq transcript:XM_023234101.1; RefSeq protein:XP_023088961.1; KEGG:aor:AO090005000437; KEGG->GeneID:5989448; KEGG->UniProt:Q2USG4; UniProt:Q2USG4,False
AO090102000619,AO090102000619,AO090102000619,unchanged/exact identifier,NCBI RefSeq; KEGG; UniProt,all available sources agree,,confirmed,NCBI GeneID:5994811; RefSeq transcript:XM_001822714.3; RefSeq protein:XP_001822766.1; KEGG:aor:AO090102000619; KEGG->GeneID:5994811; KEGG->UniProt:Q2U9Y2; UniProt:Q2U9Y2,False
AO090005000419,AO090005000419,AO090005000419,unchanged/exact identifier,NCBI RefSeq; KEGG; UniProt,all available sources agree,,confirmed,NCBI GeneID:5989432; RefSeq transcript:XM_023234109.1; RefSeq protein:XP_023088953.1; KEGG:aor:AO090005000419; KEGG->GeneID:5989432; UniProt:Q2USI0,False
AO090012000842,AO090012000842,AO090012000842,unchanged/exact identifier,NCBI RefSeq; KEGG; UniProt,all available sources agree,,confirmed,NCBI GeneID:5988269; RefSeq transcript:XM_023236657.1; RefSeq protein:XP_023091562.1; KEGG:aor:AO090012000842; KEGG->GeneID:5988269; KEGG->UniProt:Q2UBV9; UniProt:Q2UBV9,False
AO090012000172,AO090012000172,AO090012000172,unchanged/exact identifier,NCBI RefSeq; KEGG; UniProt,all available sources agree,,confirmed,NCBI GeneID:5987705; RefSeq transcript:XM_023236363.1; RefSeq protein:XP_023091294.1; KEGG:aor:AO090012000172; KEGG->GeneID:5987705; KEGG->UniProt:Q2UDH3; UniProt:Q2UDH3,False
AO090003000198,AO090003000198,AO090003000198,unchanged/exact identifier,NCBI RefSeq; KEGG; UniProt,all available sources agree,,confirmed,NCBI GeneID:5991399; RefSeq transcript:XM_023234780.1; RefSeq protein:XP_023089867.1; KEGG:aor:AO090003000198; KEGG->GeneID:5991399; KEGG->UniProt:Q2UM01; UniProt:Q2UM01,False
AO090020000413,AO090020000413,AO090020000413,unchanged/exact identifier,NCBI RefSeq; KEGG; UniProt,all available sources agree,,confirmed,NCBI GeneID:5996821; RefSeq transcript:XM_001824683.3; RefSeq protein:XP_001824735.1; KEGG:aor:AO090020000413; KEGG->GeneID:5996821; KEGG->UniProt:Q2U4B3; UniProt:Q2U4B3,False
AO090001000471,AO090001000471,AO090001000471,unchanged/exact identifier,NCBI RefSeq; KEGG; UniProt,all available sources agree,,confirmed,NCBI GeneID:5990958; RefSeq transcript:XM_001818935.3; RefSeq protein:XP_001818987.1; KEGG:aor:AO090001000471; KEGG->GeneID:5990958; KEGG->UniProt:Q2UN80; UniProt:Q2UN80,False
AO090005001642,AO090005001642,AO090005001642,unchanged/exact identifier,NCBI RefSeq; KEGG; UniProt,all available sources agree,,confirmed,NCBI GeneID:5990489; RefSeq transcript:XM_001818492.3; RefSeq protein:XP_001818544.1; KEGG:aor:AO090005001642; KEGG->GeneID:5990489; KEGG->UniProt:Q2UPH3; UniProt:Q2UPH3,False
AO090120000204,AO090120000204,AO090120000204,unchanged/exact identifier,NCBI RefSeq; KEGG; UniProt,all available sources agree,,confirmed,NCBI GeneID:5996207; RefSeq transcript:XM_023237646.1; RefSeq protein:XP_023092456.1; KEGG:aor:AO090120000204; KEGG->GeneID:5996207; UniProt:Q2U6K0,False
AO090102000511,AO090102000511,AO090102000511,unchanged/exact identifier,NCBI RefSeq; KEGG; UniProt,all available sources agree,,confirmed,NCBI GeneID:5994717; RefSeq transcript:XM_023236785.1; RefSeq protein:XP_023091850.1; KEGG:aor:AO090102000511; KEGG->GeneID:5994717; UniProt:Q2UA76,False
AO090102000107,AO090102000107,AO090102000107,unchanged/exact identifier,NCBI RefSeq; KEGG; UniProt,all available sources agree,,confirmed,NCBI GeneID:5994391; RefSeq transcript:XM_001822294.3; RefSeq protein:XP_001822346.1; KEGG:aor:AO090102000107; KEGG->GeneID:5994391; KEGG->UniProt:Q2UB52; UniProt:Q2UB52,False
AO090012001026,AO090012001026,AO090012001026,unchanged/exact identifier,NCBI RefSeq; KEGG; UniProt,all available sources agree,,confirmed,NCBI GeneID:5988429; RefSeq transcript:XM_001727903.3; RefSeq protein:XP_001727955.1; KEGG:aor:AO090012001026; KEGG->GeneID:5988429; KEGG->UniProt:Q2UBE9; UniProt:Q2UBE9,False
AO090023000802,AO090023000802,AO090023000802,unchanged/exact identifier,NCBI RefSeq; KEGG; UniProt,all available sources agree,,confirmed,NCBI GeneID:5993309; RefSeq transcript:XM_023235767.1; RefSeq protein:XP_023090756.1; KEGG:aor:AO090023000802; KEGG->GeneID:5993309; KEGG->UniProt:Q2UGL0; UniProt:Q2UGL0,False
AO090003001230,AO090003001230,AO090003001230,unchanged/exact identifier,NCBI RefSeq; KEGG; UniProt,all available sources agree,,confirmed,NCBI GeneID:5992288; RefSeq transcript:XM_001820253.3; RefSeq protein:XP_001820305.1; KEGG:aor:AO090003001230; KEGG->GeneID:5992288; KEGG->UniProt:Q2UJG2; UniProt:Q2UJG2,False
AO090009000313,AO090009000313,AO090009000313,unchanged/exact identifier,NCBI RefSeq; KEGG; UniProt,all available sources agree,,confirmed,NCBI GeneID:5988723; RefSeq transcript:XM_001816741.3; RefSeq protein:XP_001816793.1; KEGG:aor:AO090009000313; KEGG->GeneID:5988723; KEGG->UniProt:Q2UUH4; UniProt:Q2UUH4,False
AO090010000480,AO090010000480,AO090010000480,unchanged/exact identifier,NCBI RefSeq; KEGG; UniProt,all available sources agree,,confirmed,NCBI GeneID:5999598; RefSeq transcript:XM_023233633.1; RefSeq protein:XP_023094197.1; KEGG:aor:AO090010000480; KEGG->GeneID:5999598; KEGG->UniProt:Q2TWP2; UniProt:Q2TWP2,False
AO090005001354,AO090005001354,AO090005001354,unchanged/exact identifier,NCBI RefSeq; KEGG; UniProt,all available sources agree,,confirmed,NCBI GeneID:5990228; RefSeq transcript:XM_001818231.3; RefSeq protein:XP_001818283.1; KEGG:aor:AO090005001354; KEGG->GeneID:5990228; KEGG->UniProt:Q2UQ84; UniProt:Q2UQ84,False
AO090120000215,AO090120000215,AO090120000215,unchanged/exact identifier,NCBI RefSeq; KEGG; UniProt,all available sources agree,,confirmed,NCBI GeneID:5996216; RefSeq transcript:XM_001823905.3; RefSeq protein:XP_001823957.3; KEGG:aor:AO090120000215; KEGG->GeneID:5996216; UniProt:Q2U6J1,False
AO090023000811,AO090023000811,AO090023000811,unchanged/exact identifier,NCBI RefSeq; KEGG; UniProt,all available sources agree,,confirmed,NCBI GeneID:5993317; RefSeq transcript:XM_023235771.1; RefSeq protein:XP_023090760.1; KEGG:aor:AO090023000811; KEGG->GeneID:5993317; UniProt:Q2UGK2,False
AO090120000486,AO090120000486,AO090120000486,unchanged/exact identifier,NCBI RefSeq; KEGG; UniProt,all available sources agree,,confirmed,NCBI GeneID:5996445; RefSeq transcript:XM_001824134.3; RefSeq protein:XP_001824186.1; KEGG:aor:AO090120000486; KEGG->GeneID:5996445; KEGG->UniProt:Q2U5W2; UniProt:Q2U5W2,False
AO090103000002,AO090103000002,AO090103000002,unchanged/exact identifier,NCBI RefSeq; KEGG; UniProt,all available sources agree,,confirmed,NCBI GeneID:5998745; RefSeq transcript:XM_001826571.3; RefSeq protein:XP_001826623.1; KEGG:aor:AO090103000002; KEGG->GeneID:5998745; KEGG->UniProt:Q2TZ33; UniProt:Q2TZ33,False
AO090011000475,AO090011000475,AO090011000475,unchanged/exact identifier,NCBI RefSeq; KEGG; UniProt,all available sources agree,,confirmed,NCBI GeneID:5998211; RefSeq transcript:XM_023232970.1; RefSeq protein:XP_023093520.1; KEGG:aor:AO090011000475; KEGG->GeneID:5998211; UniProt:Q2U0E0,False
AO090701000141,AO090701000141,AO090701000141,unchanged/exact identifier,NCBI RefSeq; KEGG; UniProt,all available sources agree,,confirmed,NCBI GeneID:5995079; RefSeq transcript:XM_023237456.1; RefSeq protein:XP_023092009.1; KEGG:aor:AO090701000141; KEGG->GeneID:5995079; UniProt:Q2U976,False
AO090005001276,AO090005001276,AO090005001276,unchanged/exact identifier,NCBI RefSeq; KEGG; UniProt,all available sources agree,,confirmed,NCBI GeneID:5990161; RefSeq transcript:XM_023238296.1; RefSeq protein:XP_023089294.1; KEGG:aor:AO090005001276; KEGG->GeneID:5990161; KEGG->UniProt:Q2UQF1; UniProt:Q2UQF1,False
AO090009000300,AO090009000300,AO090009000300,unchanged/exact identifier,NCBI RefSeq; KEGG; UniProt,all available sources agree,,confirmed,NCBI GeneID:5988711; RefSeq transcript:XM_001816729.3; RefSeq protein:XP_001816781.1; KEGG:aor:AO090009000300; KEGG->GeneID:5988711; KEGG->UniProt:Q2UUI6; UniProt:Q2UUI6,False
AO090005000469,AO090005000469,AO090005000469,unchanged/exact identifier,NCBI RefSeq; KEGG; UniProt,all available sources agree,,confirmed,NCBI GeneID:5989475; RefSeq transcript:XM_023234089.1; RefSeq protein:XP_023088971.1; KEGG:aor:AO090005000469; KEGG->GeneID:5989475; UniProt:Q2USD7,False
AO090701000551,AO090701000551,AO090701000551,unchanged/exact identifier,NCBI RefSeq; KEGG; UniProt,all available sources agree,,confirmed,NCBI GeneID:5995439; RefSeq transcript:XM_023237256.1; RefSeq protein:XP_023092190.1; KEGG:aor:AO090701000551; KEGG->GeneID:5995439; KEGG->UniProt:Q2U866; UniProt:Q2U866,False
AO090701000076,AO090701000076,AO090701000076,unchanged/exact identifier,NCBI RefSeq; KEGG; UniProt,all available sources agree,,confirmed,NCBI GeneID:5995023; RefSeq transcript:XM_001822914.3; RefSeq protein:XP_001822966.1; KEGG:aor:AO090701000076; KEGG->GeneID:5995023; KEGG->UniProt:Q2U9D2; UniProt:Q2U9D2,False
AO090026000548,AO090026000548,AO090026000548,unchanged/exact identifier,NCBI RefSeq; KEGG; UniProt,all available sources agree,,confirmed,NCBI GeneID:5994281; RefSeq transcript:XM_001821928.1; RefSeq protein:XP_001821980.1; KEGG:aor:AO090026000548; KEGG->GeneID:5994281; KEGG->UniProt:Q2UEN7; UniProt:Q2UEN7,False
AO090010000776,AO090010000776,AO090010000776,unchanged/exact identifier,NCBI RefSeq; KEGG; UniProt,all available sources agree,,confirmed,NCBI GeneID:5999860; RefSeq transcript:XM_001827674.1; RefSeq protein:XP_001827726.1; KEGG:aor:AO090010000776; KEGG->GeneID:5999860; KEGG->UniProt:Q2TVY0; UniProt:Q2TVY0,False
AO090003000271,AO090003000271,AO090003000271,unchanged/exact identifier,NCBI RefSeq; KEGG; UniProt,all available sources agree,,confirmed,NCBI GeneID:5991461; RefSeq transcript:XM_023234808.1; RefSeq protein:XP_023089893.1; KEGG:aor:AO090003000271; KEGG->GeneID:5991461; KEGG->UniProt:Q2ULT9; UniProt:Q2ULT9,False
AO090003000589,AO090003000589,AO090003000589,unchanged/exact identifier,NCBI RefSeq; KEGG; UniProt,all available sources agree,,confirmed,NCBI GeneID:5991738; RefSeq transcript:XM_001819703.3; RefSeq protein:XP_001819755.1; KEGG:aor:AO090003000589; KEGG->GeneID:5991738; KEGG->UniProt:Q2UL12; UniProt:Q2UL12,False
AO090011000813,AO090011000813,AO090011000813,unchanged/exact identifier,NCBI RefSeq; KEGG; UniProt,all available sources agree,,confirmed,NCBI GeneID:5998492; RefSeq transcript:XM_001826337.3; RefSeq protein:XP_001826389.1; KEGG:aor:AO090011000813; KEGG->GeneID:5998492; KEGG->UniProt:Q2TZK9; UniProt:Q2TZK9,False
AO090003000467,AO090003000467,AO090003000467,unchanged/exact identifier,NCBI RefSeq; KEGG; UniProt,all available sources agree,,confirmed,NCBI GeneID:5991629; RefSeq transcript:XM_001819594.3; RefSeq protein:XP_001819646.1; KEGG:aor:AO090003000467; KEGG->GeneID:5991629; KEGG->UniProt:Q2ULC1; UniProt:Q2ULC1,False
AO090166000088,AO090166000088,AO090166000088,unchanged/exact identifier,NCBI RefSeq; KEGG; UniProt,all available sources agree,,confirmed,NCBI GeneID:5994925; RefSeq transcript:XM_023237081.1; RefSeq protein:XP_023091948.1; KEGG:aor:AO090166000088; KEGG->GeneID:5994925; KEGG->UniProt:Q2U9M9; UniProt:Q2U9M9,False
AO090011000638,AO090011000638,AO090011000638,unchanged/exact identifier,NCBI RefSeq; KEGG; UniProt,all available sources agree,,confirmed,NCBI GeneID:5998343; RefSeq transcript:XM_023233040.1; RefSeq protein:XP_023093582.1; KEGG:aor:AO090011000638; KEGG->GeneID:5998343; KEGG->UniProt:Q2U008; UniProt:Q2U008,False
AO090005001095,AO090005001095,AO090005001095,unchanged/exact identifier,NCBI RefSeq; KEGG; UniProt,all available sources agree,,confirmed,NCBI GeneID:5990015; RefSeq transcript:XM_001818018.3; RefSeq protein:XP_001818070.1; KEGG:aor:AO090005001095; KEGG->GeneID:5990015; KEGG->UniProt:Q2UQU7; UniProt:Q2UQU7,False
AO090038000276,AO090038000276,AO090038000276,unchanged/exact identifier,NCBI RefSeq; KEGG; UniProt,all available sources agree,,confirmed,NCBI GeneID:5997314; RefSeq transcript:XM_023238362.1; RefSeq protein:XP_023093070.1; KEGG:aor:AO090038000276; KEGG->GeneID:5997314; KEGG->UniProt:Q2U2X9; UniProt:Q2U2X9,False
AO090102000145,AO090102000145,AO090102000145,unchanged/exact identifier,NCBI RefSeq; KEGG; UniProt,all available sources agree,,confirmed,NCBI GeneID:5994422; RefSeq transcript:XM_001822325.3; RefSeq protein:XP_001822377.1; KEGG:aor:AO090102000145; KEGG->GeneID:5994422; KEGG->UniProt:Q2UB21; UniProt:Q2UB21,False
AO090103000412,AO090103000412,AO090103000412,unchanged/exact identifier,NCBI RefSeq; KEGG; UniProt,all available sources agree,,confirmed,NCBI GeneID:5999096; RefSeq transcript:XM_001826922.3; RefSeq protein:XP_001826974.1; KEGG:aor:AO090103000412; KEGG->GeneID:5999096; KEGG->UniProt:Q2TY32; UniProt:Q2TY32,False
AO090012000592,AO090012000592,AO090012000592,unchanged/exact identifier,NCBI RefSeq; KEGG; UniProt,all available sources agree,,confirmed,NCBI GeneID:5988058; RefSeq transcript:XM_001727532.3; RefSeq protein:XP_001727584.1; KEGG:aor:AO090012000592; KEGG->GeneID:5988058; KEGG->UniProt:Q2UCH0; UniProt:Q2UCH0,False
AO090120000220,AO090120000220,AO090120000220,unchanged/exact identifier,NCBI RefSeq; KEGG; UniProt,all available sources agree,,confirmed,NCBI GeneID:5996221; RefSeq transcript:XM_023237651.1; RefSeq protein:XP_023092461.1; KEGG:aor:AO090120000220; KEGG->GeneID:5996221; KEGG->UniProt:Q2U6I6; UniProt:Q2U6I6,False
AO090005000648,AO090005000648,AO090005000648,unchanged/exact identifier,NCBI RefSeq; KEGG; UniProt,all available sources agree,,confirmed,NCBI GeneID:5989633; RefSeq transcript:XM_001817636.3; RefSeq protein:XP_001817688.3; KEGG:aor:AO090005000648; KEGG->GeneID:5989633; KEGG->UniProt:Q2URX9; UniProt:Q2URX9,False
AO090102000650,AO090102000650,AO090102000650,unchanged/exact identifier,NCBI RefSeq; KEGG; UniProt,all available sources agree,,confirmed,NCBI GeneID:5994837; RefSeq transcript:XM_001822740.3; RefSeq protein:XP_001822792.1; KEGG:aor:AO090102000650; KEGG->GeneID:5994837; KEGG->UniProt:Q2U9V6; UniProt:Q2U9V6,False
AO090026000646,AO090026000646,AO090026000646,unchanged/exact identifier,NCBI RefSeq; KEGG; UniProt,all available sources agree,,confirmed,NCBI GeneID:5994097; RefSeq transcript:XM_023235978.1; RefSeq protein:XP_023091109.1; KEGG:aor:AO090026000646; KEGG->GeneID:5994097; KEGG->UniProt:Q2UEE8; UniProt:Q2UEE8,False
AO090003000036,AO090003000036,AO090003000036,unchanged/exact identifier,NCBI RefSeq; KEGG; UniProt,all available sources agree,,confirmed,NCBI GeneID:5991260; RefSeq transcript:XM_023234707.1; RefSeq protein:XP_023089804.1; KEGG:aor:AO090003000036; KEGG->GeneID:5991260; KEGG->UniProt:Q2UME0; UniProt:Q2UME0,False
AO090011000874,AO090011000874,AO090011000874,unchanged/exact identifier,NCBI RefSeq; KEGG; UniProt,all available sources agree,,confirmed,NCBI GeneID:5998549; RefSeq transcript:XM_001826394.3; RefSeq protein:XP_001826446.3; KEGG:aor:AO090011000874; KEGG->GeneID:5998549; KEGG->UniProt:Q2TZF2; UniProt:Q2TZF2,False
AO090005000630,AO090005000630,AO090005000630,unchanged/exact identifier,NCBI RefSeq; KEGG; UniProt,all available sources agree,,confirmed,NCBI GeneID:5989619; RefSeq transcript:XM_001817622.3; RefSeq protein:XP_001817674.1; KEGG:aor:AO090005000630; KEGG->GeneID:5989619; KEGG->UniProt:Q2URZ3; UniProt:Q2URZ3,False
AO090023000834,AO090023000834,AO090023000834,unchanged/exact identifier,NCBI RefSeq; KEGG; UniProt,all available sources agree,,confirmed,NCBI GeneID:5993339; RefSeq transcript:XM_001821285.3; RefSeq protein:XP_001821337.3; KEGG:aor:AO090023000834; KEGG->GeneID:5993339; KEGG->UniProt:Q2UGI0; UniProt:Q2UGI0,False
AO090102000528,AO090102000528,AO090102000528,unchanged/exact identifier,NCBI RefSeq; KEGG; UniProt,all available sources agree,,confirmed,NCBI GeneID:5994731; RefSeq transcript:XM_023236776.1; RefSeq protein:XP_023091859.1; KEGG:aor:AO090102000528; KEGG->GeneID:5994731; KEGG->UniProt:Q2UA62; UniProt:Q2UA62,False
AO090005000162,AO090005000162,AO090005000162,unchanged/exact identifier,NCBI RefSeq; KEGG; UniProt,all available sources agree,,confirmed,NCBI GeneID:5989217; RefSeq transcript:XM_001817220.3; RefSeq protein:XP_001817272.3; KEGG:aor:AO090005000162; KEGG->GeneID:5989217; KEGG->UniProt:Q2UT45; UniProt:Q2UT45,False
AO090038000244,AO090038000244,AO090038000244,unchanged/exact identifier,NCBI RefSeq; KEGG; UniProt,all available sources agree,,confirmed,NCBI GeneID:5997287; RefSeq transcript:XM_001825140.3; RefSeq protein:XP_001825192.1; KEGG:aor:AO090038000244; KEGG->GeneID:5997287; KEGG->UniProt:Q2U306; UniProt:Q2U306,False
AO090701000797,AO090701000797,AO090701000797,unchanged/exact identifier,NCBI RefSeq; KEGG; UniProt,all available sources agree,,confirmed,NCBI GeneID:5995645; RefSeq transcript:XM_001823536.3; RefSeq protein:XP_001823588.1; KEGG:aor:AO090701000797; KEGG->GeneID:5995645; KEGG->UniProt:Q2U7L0; UniProt:Q2U7L0,False
AO090003000808,AO090003000808,AO090003000808,unchanged/exact identifier,NCBI RefSeq; KEGG; UniProt,all available sources agree,,confirmed,NCBI GeneID:5991927; RefSeq transcript:XM_001819892.3; RefSeq protein:XP_001819944.1; KEGG:aor:AO090003000808; KEGG->GeneID:5991927; KEGG->UniProt:Q2UKH3; UniProt:Q2UKH3,False
AO090011000848,AO090011000848,AO090011000848,unchanged/exact identifier,NCBI RefSeq; KEGG; UniProt,all available sources agree,,confirmed,NCBI GeneID:5998524; RefSeq transcript:XM_023233134.1; RefSeq protein:XP_023093668.1; KEGG:aor:AO090011000848; KEGG->GeneID:5998524; UniProt:Q2TZH7,False
AO090026000449,AO090026000449,AO090026000449,unchanged/exact identifier,NCBI RefSeq; KEGG; UniProt,all available sources agree,,confirmed,NCBI GeneID:5993929; RefSeq transcript:XM_001821849.3; RefSeq protein:XP_001821901.1; KEGG:aor:AO090026000449; KEGG->GeneID:5993929; KEGG->UniProt:Q2UEW6; UniProt:Q2UEW6,False
AO090023000477,AO090023000477,AO090023000477,unchanged/exact identifier,NCBI RefSeq; KEGG; UniProt,all available sources agree,,confirmed,NCBI GeneID:5993022; RefSeq transcript:XM_023235617.1; RefSeq protein:XP_023090622.1; KEGG:aor:AO090023000477; KEGG->GeneID:5993022; KEGG->UniProt:Q2UHE7; UniProt:Q2UHE7,False
AO090023000516,AO090023000516,AO090023000516,unchanged/exact identifier,NCBI RefSeq; KEGG; UniProt,all available sources agree,,confirmed,NCBI GeneID:5993058; RefSeq transcript:XM_001821004.3; RefSeq protein:XP_001821056.1; KEGG:aor:AO090023000516; KEGG->GeneID:5993058; KEGG->UniProt:Q2UHB1; UniProt:Q2UHB1,False
AO090103000136,AO090103000136,AO090103000136,unchanged/exact identifier,NCBI RefSeq; KEGG; UniProt,all available sources agree,,confirmed,NCBI GeneID:5998860; RefSeq transcript:XM_023233432.1; RefSeq protein:XP_023093822.1; KEGG:aor:AO090103000136; KEGG->GeneID:5998860; KEGG->UniProt:Q2TYR8; UniProt:Q2TYR8,False
AO090005001515,AO090005001515,AO090005001515,unchanged/exact identifier,NCBI RefSeq; KEGG; UniProt,all available sources agree,,confirmed,NCBI GeneID:5990375; RefSeq transcript:XM_001818378.3; RefSeq protein:XP_001818430.1; KEGG:aor:AO090005001515; KEGG->GeneID:5990375; KEGG->UniProt:Q2UPT7; UniProt:Q2UPT7,False
AO090001000519,AO090001000519,AO090001000519,unchanged/exact identifier,NCBI RefSeq; KEGG; UniProt,all available sources agree,,confirmed,NCBI GeneID:5991001; RefSeq transcript:XM_001818978.3; RefSeq protein:XP_001819030.1; KEGG:aor:AO090001000519; KEGG->GeneID:5991001; KEGG->UniProt:Q2UN37; UniProt:Q2UN37,False
AO090003000395,AO090003000395,AO090003000395,unchanged/exact identifier,NCBI RefSeq; KEGG; UniProt,all available sources agree,,confirmed,NCBI GeneID:5991563; RefSeq transcript:XM_001819528.3; RefSeq protein:XP_001819580.3; KEGG:aor:AO090003000395; KEGG->GeneID:5991563; KEGG->UniProt:Q2ULI7; UniProt:Q2ULI7,False
AO090023000750,AO090023000750,AO090023000750,unchanged/exact identifier,NCBI RefSeq; KEGG; UniProt,all available sources agree,,confirmed,NCBI GeneID:5993259; RefSeq transcript:XM_001821205.3; RefSeq protein:XP_001821257.1; KEGG:aor:AO090023000750; KEGG->GeneID:5993259; KEGG->UniProt:Q2UGR0; UniProt:Q2UGR0,False
AO090010000463,AO090010000463,AO090010000463,unchanged/exact identifier,NCBI RefSeq; KEGG; UniProt,all available sources agree,,confirmed,NCBI GeneID:5999583; RefSeq transcript:XM_001827397.3; RefSeq protein:XP_001827449.1; KEGG:aor:AO090010000463; KEGG->GeneID:5999583; KEGG->UniProt:Q2TWQ7; UniProt:Q2TWQ7,False
AO090009000459,AO090009000459,AO090009000459,unchanged/exact identifier,NCBI RefSeq; KEGG; UniProt,all available sources agree,,confirmed,NCBI GeneID:5988847; RefSeq transcript:XM_001816865.3; RefSeq protein:XP_001816917.1; KEGG:aor:AO090009000459; KEGG->GeneID:5988847; KEGG->UniProt:Q2UU50; UniProt:Q2UU50,False
AO090001000329,AO090001000329,AO090001000329,unchanged/exact identifier,NCBI RefSeq; KEGG; UniProt,all available sources agree,,confirmed,NCBI GeneID:5990835; RefSeq transcript:XM_001818812.3; RefSeq protein:XP_001818864.3; KEGG:aor:AO090001000329; KEGG->GeneID:5990835; KEGG->UniProt:Q2UNK3; UniProt:Q2UNK3,False
AO090026000537,AO090026000537,AO090026000537,unchanged/exact identifier,NCBI RefSeq; KEGG; UniProt,all available sources agree,,confirmed,NCBI GeneID:5993999; RefSeq transcript:XM_001821919.3; RefSeq protein:XP_001821971.1; KEGG:aor:AO090026000537; KEGG->GeneID:5993999; KEGG->UniProt:Q2UEP6; UniProt:Q2UEP6,False
AO090120000299,AO090120000299,AO090120000299,unchanged/exact identifier,NCBI RefSeq; KEGG; UniProt,all available sources agree,,confirmed,NCBI GeneID:5996285; RefSeq transcript:XM_001823974.1; RefSeq protein:XP_001824026.1; KEGG:aor:AO090120000299; KEGG->GeneID:5996285; KEGG->UniProt:Q2U6C2; UniProt:Q2U6C2,False
AO090023000956,AO090023000956,AO090023000956,unchanged/exact identifier,NCBI RefSeq; KEGG; UniProt,all available sources agree,,confirmed,NCBI GeneID:5993449; RefSeq transcript:XM_001821395.3; RefSeq protein:XP_001821447.1; KEGG:aor:AO090023000956; KEGG->GeneID:5993449; KEGG->UniProt:Q2UG70; UniProt:Q2UG70,False
AO090003000688,AO090003000688,AO090003000688,unchanged/exact identifier,NCBI RefSeq; KEGG; UniProt,all available sources agree,,confirmed,NCBI GeneID:5991820; RefSeq transcript:XM_001819785.3; RefSeq protein:XP_001819837.1; KEGG:aor:AO090003000688; KEGG->GeneID:5991820; KEGG->UniProt:Q2UKT0; UniProt:Q2UKT0,False
AO090003000003,AO090003000003,AO090003000003,unchanged/exact identifier,NCBI RefSeq; KEGG; UniProt,all available sources agree,,confirmed,NCBI GeneID:5991228; RefSeq transcript:XM_001819193.3; RefSeq protein:XP_001819245.1; KEGG:aor:AO090003000003; KEGG->GeneID:5991228; KEGG->UniProt:Q2UMH2; UniProt:Q2UMH2,False
AO090001000466,AO090001000466,AO090001000466,unchanged/exact identifier,NCBI RefSeq; KEGG; UniProt,all available sources agree,,confirmed,NCBI GeneID:5990954; RefSeq transcript:XM_023234565.1; RefSeq protein:XP_023089675.1; KEGG:aor:AO090001000466; KEGG->GeneID:5990954; KEGG->UniProt:Q2UN84; UniProt:Q2UN84,False
AO090010000760,AO090010000760,AO090010000760,unchanged/exact identifier,NCBI RefSeq; KEGG; UniProt,all available sources agree,,confirmed,NCBI GeneID:5999844; RefSeq transcript:XM_001827658.3; RefSeq protein:XP_001827710.1; KEGG:aor:AO090010000760; KEGG->GeneID:5999844; KEGG->UniProt:Q2TVZ6; UniProt:Q2TVZ6,False
AO090038000376,AO090038000376,AO090038000376,unchanged/exact identifier,NCBI RefSeq; KEGG; UniProt,all available sources agree,,confirmed,NCBI GeneID:5997400; RefSeq transcript:XM_001825253.3; RefSeq protein:XP_001825305.1; KEGG:aor:AO090038000376; KEGG->GeneID:5997400; KEGG->UniProt:Q2U2P3; UniProt:Q2U2P3,False
AO090012000577,AO090012000577,AO090012000577,unchanged/exact identifier,NCBI RefSeq; KEGG; UniProt,all available sources agree,,confirmed,NCBI GeneID:5988044; RefSeq transcript:XM_001727518.3; RefSeq protein:XP_001727570.1; KEGG:aor:AO090012000577; KEGG->GeneID:5988044; KEGG->UniProt:Q2UCI4; UniProt:Q2UCI4,False
AO090005001259,AO090005001259,AO090005001259,unchanged/exact identifier,NCBI RefSeq; KEGG; UniProt,all available sources agree,,confirmed,NCBI GeneID:5990148; RefSeq transcript:XM_001818151.3; RefSeq protein:XP_001818203.3; KEGG:aor:AO090005001259; KEGG->GeneID:5990148; KEGG->UniProt:Q2UQG4; UniProt:Q2UQG4,False
AO090023000629,AO090023000629,AO090023000629,unchanged/exact identifier,NCBI RefSeq; KEGG; UniProt,all available sources agree,,confirmed,NCBI GeneID:5993154; RefSeq transcript:XM_023235687.1; RefSeq protein:XP_023090687.1; KEGG:aor:AO090023000629; KEGG->GeneID:5993154; KEGG->UniProt:Q2UH15; UniProt:Q2UH15,False
AO090701000376,AO090701000376,AO090701000376,unchanged/exact identifier,NCBI RefSeq; KEGG; UniProt,all available sources agree,,confirmed,NCBI GeneID:5995285; RefSeq transcript:XM_023237344.1; RefSeq protein:XP_023092110.1; KEGG:aor:AO090701000376; KEGG->GeneID:5995285; KEGG->UniProt:Q2U8M0; UniProt:Q2U8M0,False
AO090120000381,AO090120000381,AO090120000381,unchanged/exact identifier,NCBI RefSeq; KEGG; UniProt,all available sources agree,,confirmed,NCBI GeneID:5996358; RefSeq transcript:XM_001824047.3; RefSeq protein:XP_001824099.1; KEGG:aor:AO090120000381; KEGG->GeneID:5996358; KEGG->UniProt:Q2U649; UniProt:Q2U649,False
AO090701000122,AO090701000122,AO090701000122,unchanged/exact identifier,NCBI RefSeq; KEGG; UniProt,all available sources agree,,confirmed,NCBI GeneID:5995061; RefSeq transcript:XM_001822952.1; RefSeq protein:XP_001823004.1; KEGG:aor:AO090701000122; KEGG->GeneID:5995061; KEGG->UniProt:Q2U994; UniProt:Q2U994,False
AO090010000207,AO090010000207,AO090010000207,unchanged/exact identifier,NCBI RefSeq; KEGG; UniProt,all available sources agree,,confirmed,NCBI GeneID:5999372; RefSeq transcript:XM_023233767.1; RefSeq protein:XP_023094078.1; KEGG:aor:AO090010000207; KEGG->GeneID:5999372; UniProt:Q2TXB8,False
AO090001000578,AO090001000578,AO090001000578,unchanged/exact identifier,NCBI RefSeq; KEGG; UniProt,all available sources agree,,confirmed,NCBI GeneID:5991060; RefSeq transcript:XM_023234617.1; RefSeq protein:XP_023089724.1; KEGG:aor:AO090001000578; KEGG->GeneID:5991060; UniProt:Q2UMX8,False
AO090005001582,AO090005001582,AO090005001582,unchanged/exact identifier,NCBI RefSeq; KEGG; UniProt,all available sources agree,,confirmed,NCBI GeneID:5990435; RefSeq transcript:XM_001818438.3; RefSeq protein:XP_001818490.1; KEGG:aor:AO090005001582; KEGG->GeneID:5990435; KEGG->UniProt:Q2UPM7; UniProt:Q2UPM7,False
AO090003001092,AO090003001092,AO090003001092,unchanged/exact identifier,NCBI RefSeq; KEGG; UniProt,all available sources agree,,confirmed,NCBI GeneID:5992173; RefSeq transcript:XM_023235166.1; RefSeq protein:XP_023090210.1; KEGG:aor:AO090003001092; KEGG->GeneID:5992173; UniProt:Q2UJS7,False
AO090020000206,AO090020000206,AO090020000206,unchanged/exact identifier,NCBI RefSeq; KEGG; UniProt,all available sources agree,,confirmed,NCBI GeneID:5996644; RefSeq transcript:XM_023238112.1; RefSeq protein:XP_023092740.1; KEGG:aor:AO090020000206; KEGG->GeneID:5996644; UniProt:Q2U4U0,False
AO090005001186,AO090005001186,AO090005001186,unchanged/exact identifier,NCBI RefSeq; KEGG; UniProt,all available sources agree,,confirmed,NCBI GeneID:5990089; RefSeq transcript:XM_023232845.1; RefSeq protein:XP_023089261.1; KEGG:aor:AO090005001186; KEGG->GeneID:5990089; KEGG->UniProt:Q2UQM3; UniProt:Q2UQM3,False
AO090102000156,AO090102000156,AO090102000156,unchanged/exact identifier,NCBI RefSeq; KEGG; UniProt,all available sources agree,,confirmed,NCBI GeneID:5994433; RefSeq transcript:XM_023236958.1; RefSeq protein:XP_023091694.1; KEGG:aor:AO090102000156; KEGG->GeneID:5994433; KEGG->UniProt:Q2UB10; UniProt:Q2UB10,False
AO090005000093,AO090005000093,AO090005000093,unchanged/exact identifier,NCBI RefSeq; KEGG; UniProt,all available sources agree,,confirmed,NCBI GeneID:5989154; RefSeq transcript:XM_001817157.3; RefSeq protein:XP_001817209.3; KEGG:aor:AO090005000093; KEGG->GeneID:5989154; KEGG->UniProt:Q2UTA8; UniProt:Q2UTA8,False
AO090005001245,AO090005001245,AO090005001245,unchanged/exact identifier,NCBI RefSeq; KEGG; UniProt,all available sources agree,,confirmed,NCBI GeneID:5990138; RefSeq transcript:XM_001818141.1; RefSeq protein:XP_001818193.1; KEGG:aor:AO090005001245; KEGG->GeneID:5990138; KEGG->UniProt:Q2UQH4; UniProt:Q2UQH4,False
AO090124000074,AO090124000074,AO090124000074,unchanged/exact identifier,NCBI RefSeq; KEGG; UniProt,all available sources agree,,confirmed,NCBI GeneID:5995826; RefSeq transcript:XM_023237521.1; RefSeq protein:XP_023092374.1; KEGG:aor:AO090124000074; KEGG->GeneID:5995826; UniProt:Q1XGE2,False
AO090023000840,AO090023000840,AO090023000840,unchanged/exact identifier,NCBI RefSeq; KEGG; UniProt,all available sources agree,,confirmed,NCBI GeneID:5993345; RefSeq transcript:XM_001821291.1; RefSeq protein:XP_001821343.1; KEGG:aor:AO090023000840; KEGG->GeneID:5993345; KEGG->UniProt:Q2UGH4; UniProt:Q2UGH4,False
AO090120000217,AO090120000217,AO090120000217,unchanged/exact identifier,NCBI RefSeq; KEGG; UniProt,all available sources agree,,confirmed,NCBI GeneID:5996218; RefSeq transcript:XM_023237649.1; RefSeq protein:XP_023092459.1; KEGG:aor:AO090120000217; KEGG->GeneID:5996218; UniProt:Q2U6I9,False
AO090003001503,AO090003001503,AO090003001503,unchanged/exact identifier,NCBI RefSeq; KEGG; UniProt,all available sources agree,,confirmed,NCBI GeneID:5992529; RefSeq transcript:XM_001820494.3; RefSeq protein:XP_001820546.3; KEGG:aor:AO090003001503; KEGG->GeneID:5992529; KEGG->UniProt:Q2UIS1; UniProt:Q2UIS1,False
AO090010000615,AO090010000615,AO090010000615,unchanged/exact identifier,NCBI RefSeq; KEGG; UniProt,all available sources agree,,confirmed,NCBI GeneID:5999712; RefSeq transcript:XM_023233574.1; RefSeq protein:XP_023094252.1; KEGG:aor:AO090010000615; KEGG->GeneID:5999712; UniProt:Q2TWC8,False
AO090120000208,AO090120000208,AO090120000208,unchanged/exact identifier,NCBI RefSeq; KEGG; UniProt,all available sources agree,,confirmed,NCBI GeneID:5996211; RefSeq transcript:XM_001823900.3; RefSeq protein:XP_001823952.3; KEGG:aor:AO090120000208; KEGG->GeneID:5996211; KEGG->UniProt:Q2U6J6; UniProt:Q2U6J6,False
AO090005000658,AO090005000658,AO090005000658,unchanged/exact identifier,NCBI RefSeq; KEGG; UniProt,all available sources agree,,confirmed,NCBI GeneID:5989641; RefSeq transcript:XM_001817644.3; RefSeq protein:XP_001817696.1; KEGG:aor:AO090005000658; KEGG->GeneID:5989641; KEGG->UniProt:Q2URX1; UniProt:Q2URX1,False
AO090003000492,AO090003000492,AO090003000492,unchanged/exact identifier,NCBI RefSeq; KEGG; UniProt,all available sources agree,,confirmed,NCBI GeneID:10099376; RefSeq transcript:XM_023234914.1; RefSeq protein:XP_023089985.1; KEGG:aor:AO090003000492; KEGG->GeneID:10099376; KEGG->UniProt:Q2UL99; UniProt:Q2UL99,False
AO090026000593,AO090026000593,AO090026000593,unchanged/exact identifier,NCBI RefSeq; KEGG; UniProt,all available sources agree,,confirmed,NCBI GeneID:5994051; RefSeq transcript:XM_023236001.1; RefSeq protein:XP_023091090.1; KEGG:aor:AO090026000593; KEGG->GeneID:5994051; KEGG->UniProt:Q2UEJ4; UniProt:Q2UEJ4,False
AO090102000620,AO090102000620,AO090102000620,unchanged/exact identifier,NCBI RefSeq; KEGG; UniProt,all available sources agree,,confirmed,NCBI GeneID:5994812; RefSeq transcript:XM_001822715.3; RefSeq protein:XP_001822767.1; KEGG:aor:AO090102000620; KEGG->GeneID:5994812; KEGG->UniProt:Q2U9Y1; UniProt:Q2U9Y1,False
AO090011000764,AO090011000764,AO090011000764,unchanged/exact identifier,NCBI RefSeq; KEGG; UniProt,all available sources agree,,confirmed,NCBI GeneID:5998448; RefSeq transcript:XM_001826293.3; RefSeq protein:XP_001826345.1; KEGG:aor:AO090011000764; KEGG->GeneID:5998448; KEGG->UniProt:Q2TZQ3; UniProt:Q2TZQ3,False
AO090009000400,AO090009000400,AO090009000400,unchanged/exact identifier,NCBI RefSeq; KEGG; UniProt,all available sources agree,,confirmed,NCBI GeneID:5988799; RefSeq transcript:XM_023235099.1; RefSeq protein:XP_023088646.1; KEGG:aor:AO090009000400; KEGG->GeneID:5988799; KEGG->UniProt:Q2UU98; UniProt:Q2UU98,False
AO090020000450,AO090020000450,AO090020000450,unchanged/exact identifier,NCBI RefSeq; KEGG; UniProt,all available sources agree,,confirmed,NCBI GeneID:5997084; RefSeq transcript:XM_023237993.1; RefSeq protein:XP_023092847.1; KEGG:aor:AO090020000450; KEGG->GeneID:5997084; UniProt:Q2U480,False
AO090701000359,AO090701000359,AO090701000359,unchanged/exact identifier,NCBI RefSeq; KEGG; UniProt,all available sources agree,,confirmed,NCBI GeneID:5995271; RefSeq transcript:XM_001823162.3; RefSeq protein:XP_001823214.1; KEGG:aor:AO090701000359; KEGG->GeneID:5995271; KEGG->UniProt:Q2U8N4; UniProt:Q2U8N4,False
AO090005000934,AO090005000934,AO090005000934,unchanged/exact identifier,NCBI RefSeq; KEGG; UniProt,all available sources agree,,confirmed,NCBI GeneID:5989883; RefSeq transcript:XM_001817886.3; RefSeq protein:XP_001817938.1; KEGG:aor:AO090005000934; KEGG->GeneID:5989883; KEGG->UniProt:Q2UR79; UniProt:Q2UR79,False
AO090020000010,AO090020000010,AO090020000010,unchanged/exact identifier,NCBI RefSeq; KEGG; UniProt,all available sources agree,,confirmed,NCBI GeneID:5996479; RefSeq transcript:XM_001824341.3; RefSeq protein:XP_001824393.1; KEGG:aor:AO090020000010; KEGG->GeneID:5996479; KEGG->UniProt:Q2U5A5; UniProt:Q2U5A5,False
AO090003000257,AO090003000257,AO090003000257,unchanged/exact identifier,NCBI RefSeq; KEGG; UniProt,all available sources agree,,confirmed,NCBI GeneID:5991449; RefSeq transcript:XM_001819414.3; RefSeq protein:XP_001819466.1; KEGG:aor:AO090003000257; KEGG->GeneID:5991449; KEGG->UniProt:Q2ULV1; UniProt:Q2ULV1,False
AO090003000735,AO090003000735,AO090003000735,unchanged/exact identifier,NCBI RefSeq; KEGG; UniProt,all available sources agree,,confirmed,NCBI GeneID:5991865; RefSeq transcript:XM_023235010.1; RefSeq protein:XP_023090072.1; KEGG:aor:AO090003000735; KEGG->GeneID:5991865; KEGG->UniProt:Q2UKN5; UniProt:Q2UKN5,False
AO090005001632,AO090005001632,AO090005001632,unchanged/exact identifier,NCBI RefSeq; KEGG; UniProt,all available sources agree,,confirmed,NCBI GeneID:5990481; RefSeq transcript:XM_001818484.3; RefSeq protein:XP_001818536.1; KEGG:aor:AO090005001632; KEGG->GeneID:5990481; KEGG->UniProt:Q2UPI1; UniProt:Q2UPI1,False
AO090009000291,AO090009000291,AO090009000291,unchanged/exact identifier,NCBI RefSeq; KEGG; UniProt,all available sources agree,,confirmed,NCBI GeneID:5988702; RefSeq transcript:XM_001816720.3; RefSeq protein:XP_001816772.1; KEGG:aor:AO090009000291; KEGG->GeneID:5988702; KEGG->UniProt:Q2UUJ5; UniProt:Q2UUJ5,False
AO090010000465,AO090010000465,AO090010000465,unchanged/exact identifier,NCBI RefSeq; KEGG; UniProt,all available sources agree,,confirmed,NCBI GeneID:5999585; RefSeq transcript:XM_001827399.3; RefSeq protein:XP_001827451.1; KEGG:aor:AO090010000465; KEGG->GeneID:5999585; KEGG->UniProt:Q2TWQ5; UniProt:Q2TWQ5,False
AO090011000515,AO090011000515,AO090011000515,unchanged/exact identifier,NCBI RefSeq; KEGG; UniProt,all available sources agree,,confirmed,NCBI GeneID:5998244; RefSeq transcript:XM_023232986.1; RefSeq protein:XP_023093534.1; KEGG:aor:AO090011000515; KEGG->GeneID:5998244; KEGG->UniProt:Q2U0A7; UniProt:Q2U0A7,False
AO090102000391,AO090102000391,AO090102000391,unchanged/exact identifier,NCBI RefSeq; KEGG; UniProt,all available sources agree,,confirmed,NCBI GeneID:5994625; RefSeq transcript:XM_001822528.3; RefSeq protein:XP_001822580.1; KEGG:aor:AO090102000391; KEGG->GeneID:5994625; KEGG->UniProt:Q2UAG8; UniProt:Q2UAG8,False
AO090120000333,AO090120000333,AO090120000333,unchanged/exact identifier,NCBI RefSeq; KEGG; UniProt,all available sources agree,,confirmed,NCBI GeneID:5996316; RefSeq transcript:XM_023237699.1; RefSeq protein:XP_023092502.1; KEGG:aor:AO090120000333; KEGG->GeneID:5996316; KEGG->UniProt:Q2U691; UniProt:Q2U691,False
AO090005001222,AO090005001222,AO090005001222,unchanged/exact identifier,NCBI RefSeq; KEGG; UniProt,all available sources agree,,confirmed,NCBI GeneID:5990118; RefSeq transcript:XM_001818121.1; RefSeq protein:XP_001818173.1; KEGG:aor:AO090005001222; KEGG->GeneID:5990118; KEGG->UniProt:Q2UQJ4; UniProt:Q2UQJ4,False
AO090026000314,AO090026000314,AO090026000314,unchanged/exact identifier,NCBI RefSeq; KEGG; UniProt,all available sources agree,,confirmed,NCBI GeneID:5993816; RefSeq transcript:XM_001821736.3; RefSeq protein:XP_001821788.1; KEGG:aor:AO090026000314; KEGG->GeneID:5993816; KEGG->UniProt:Q2UF79; UniProt:Q2UF79,False
AO090011000320,AO090011000320,AO090011000320,unchanged/exact identifier,NCBI RefSeq; KEGG; UniProt,all available sources agree,,confirmed,NCBI GeneID:5998072; RefSeq transcript:XM_001825917.1; RefSeq protein:XP_001825969.1; KEGG:aor:AO090011000320; KEGG->GeneID:5998072; KEGG->UniProt:Q2U0S9; UniProt:Q2U0S9,False
AO090005000459,AO090005000459,AO090005000459,unchanged/exact identifier,NCBI RefSeq; KEGG; UniProt,all available sources agree,,confirmed,NCBI GeneID:5989469; RefSeq transcript:XM_001817472.3; RefSeq protein:XP_001817524.1; KEGG:aor:AO090005000459; KEGG->GeneID:5989469; KEGG->UniProt:Q2USE3; UniProt:Q2USE3,False
AO090038000608,AO090038000608,AO090038000608,unchanged/exact identifier,NCBI RefSeq; KEGG; UniProt,all available sources agree,,confirmed,NCBI GeneID:5997599; RefSeq transcript:XM_023238214.1; RefSeq protein:XP_023093204.1; KEGG:aor:AO090038000608; KEGG->GeneID:5997599; KEGG->UniProt:Q2U244; UniProt:Q2U244,False
AO090012000403,AO090012000403,AO090012000403,unchanged/exact identifier,NCBI RefSeq; KEGG; UniProt,all available sources agree,,confirmed,NCBI GeneID:5987899; RefSeq transcript:XM_001727373.3; RefSeq protein:XP_001727425.3; KEGG:aor:AO090012000403; KEGG->GeneID:5987899; KEGG->UniProt:Q2UCX9; UniProt:Q2UCX9,False
AO090003001140,AO090003001140,AO090003001140,unchanged/exact identifier,NCBI RefSeq; KEGG; UniProt,all available sources agree,,confirmed,NCBI GeneID:5992216; RefSeq transcript:XM_001820181.3; RefSeq protein:XP_001820233.1; KEGG:aor:AO090003001140; KEGG->GeneID:5992216; KEGG->UniProt:Q2UJN4; UniProt:Q2UJN4,False
AO090003000967,AO090003000967,AO090003000967,unchanged/exact identifier,NCBI RefSeq; KEGG; UniProt,all available sources agree,,confirmed,NCBI GeneID:5992063; RefSeq transcript:XM_023235114.1; RefSeq protein:XP_023090165.1; KEGG:aor:AO090003000967; KEGG->GeneID:5992063; KEGG->UniProt:Q2UK37; UniProt:Q2UK37,False
AO090701000814,AO090701000814,AO090701000814,unchanged/exact identifier,NCBI RefSeq; KEGG; UniProt,all available sources agree,,confirmed,NCBI GeneID:5995660; RefSeq transcript:XM_001823551.3; RefSeq protein:XP_001823603.1; KEGG:aor:AO090701000814; KEGG->GeneID:5995660; KEGG->UniProt:Q2U7J5; UniProt:Q2U7J5,False
AO090003000057,AO090003000057,AO090003000057,unchanged/exact identifier,NCBI RefSeq; KEGG; UniProt,all available sources agree,,confirmed,NCBI GeneID:5991278; RefSeq transcript:XM_001819243.1; RefSeq protein:XP_001819295.1; KEGG:aor:AO090003000057; KEGG->GeneID:5991278; KEGG->UniProt:Q2UMC2; UniProt:Q2UMC2,False
AO090003001225,AO090003001225,AO090003001225,unchanged/exact identifier,NCBI RefSeq; KEGG; UniProt,all available sources agree,,confirmed,NCBI GeneID:5992283; RefSeq transcript:XM_001820248.3; RefSeq protein:XP_001820300.1; KEGG:aor:AO090003001225; KEGG->GeneID:5992283; KEGG->UniProt:Q2UJG7; UniProt:Q2UJG7,False
AO090038000177,AO090038000177,AO090038000177,unchanged/exact identifier,NCBI RefSeq; KEGG; UniProt,all available sources agree,,confirmed,NCBI GeneID:5997235; RefSeq transcript:XM_023238409.1; RefSeq protein:XP_023093026.1; KEGG:aor:AO090038000177; KEGG->GeneID:5997235; KEGG->UniProt:Q2U358; UniProt:Q2U358,False
AO090003000829,AO090003000829,AO090003000829,unchanged/exact identifier,NCBI RefSeq; KEGG; UniProt,all available sources agree,,confirmed,NCBI GeneID:5991945; RefSeq transcript:XM_023235055.1; RefSeq protein:XP_023090112.1; KEGG:aor:AO090003000829; KEGG->GeneID:5991945; KEGG->UniProt:Q2UKF5; UniProt:Q2UKF5,False
AO090011000579,AO090011000579,AO090011000579,unchanged/exact identifier,NCBI RefSeq; KEGG; UniProt,all available sources agree,,confirmed,NCBI GeneID:5998295; RefSeq transcript:XM_001826140.3; RefSeq protein:XP_001826192.1; KEGG:aor:AO090011000579; KEGG->GeneID:5998295; KEGG->UniProt:Q2U056; UniProt:Q2U056,False
AO090009000361,AO090009000361,AO090009000361,unchanged/exact identifier,NCBI RefSeq; KEGG; UniProt,all available sources agree,,confirmed,NCBI GeneID:5988766; RefSeq transcript:XM_023234927.1; RefSeq protein:XP_023088629.1; KEGG:aor:AO090009000361; KEGG->GeneID:5988766; KEGG->UniProt:Q2UUD2; UniProt:Q2UUD2,False
AO090102000101,AO090102000101,AO090102000101,unchanged/exact identifier,NCBI RefSeq; KEGG; UniProt,all available sources agree,,confirmed,NCBI GeneID:5994387; RefSeq transcript:XM_001822290.3; RefSeq protein:XP_001822342.1; KEGG:aor:AO090102000101; KEGG->GeneID:5994387; KEGG->UniProt:Q2UB56; UniProt:Q2UB56,False
AO090009000707,AO090009000707,AO090009000707,unchanged/exact identifier,NCBI RefSeq; KEGG; UniProt,all available sources agree,,confirmed,NCBI GeneID:5989051; RefSeq transcript:XM_001817069.1; RefSeq protein:XP_001817121.1; KEGG:aor:AO090009000707; KEGG->GeneID:5989051; KEGG->UniProt:Q2UTJ6; UniProt:Q2UTJ6,False
AO090701000790,AO090701000790,AO090701000790,unchanged/exact identifier,NCBI RefSeq; KEGG; UniProt,all available sources agree,,confirmed,NCBI GeneID:5995639; RefSeq transcript:XM_023237150.1; RefSeq protein:XP_023092288.1; KEGG:aor:AO090701000790; KEGG->GeneID:5995639; KEGG->UniProt:Q2U7L6; UniProt:Q2U7L6,False
AO090701000148,AO090701000148,AO090701000148,unchanged/exact identifier,NCBI RefSeq; KEGG; UniProt,all available sources agree,,confirmed,NCBI GeneID:5995086; RefSeq transcript:XM_001822977.3; RefSeq protein:XP_001823029.1; KEGG:aor:AO090701000148; KEGG->GeneID:5995086; KEGG->UniProt:Q2U969; UniProt:Q2U969,False
AO090023000762,AO090023000762,AO090023000762,unchanged/exact identifier,NCBI RefSeq; KEGG; UniProt,all available sources agree,,confirmed,NCBI GeneID:5993271; RefSeq transcript:XM_001821217.3; RefSeq protein:XP_001821269.1; KEGG:aor:AO090023000762; KEGG->GeneID:5993271; KEGG->UniProt:Q2UGP8; UniProt:Q2UGP8,False
AO090005000811,AO090005000811,AO090005000811,unchanged/exact identifier,NCBI RefSeq; KEGG; UniProt,all available sources agree,,confirmed,NCBI GeneID:5989774; RefSeq transcript:XM_023233930.1; RefSeq protein:XP_023089109.1; KEGG:aor:AO090005000811; KEGG->GeneID:5989774; KEGG->UniProt:Q2URI8; UniProt:Q2URI8,False
AO090023000485,AO090023000485,AO090023000485,unchanged/exact identifier,NCBI RefSeq; KEGG; UniProt,all available sources agree,,confirmed,NCBI GeneID:5993030; RefSeq transcript:XM_001820976.3; RefSeq protein:XP_001821028.1; KEGG:aor:AO090023000485; KEGG->GeneID:5993030; KEGG->UniProt:Q2UHD9; UniProt:Q2UHD9,False
AO090038000451,AO090038000451,AO090038000451,unchanged/exact identifier,NCBI RefSeq; KEGG; UniProt,all available sources agree,,confirmed,NCBI GeneID:5997465; RefSeq transcript:XM_001825318.3; RefSeq protein:XP_001825370.1; KEGG:aor:AO090038000451; KEGG->GeneID:5997465; KEGG->UniProt:Q2U2H8; UniProt:Q2U2H8,False
AO090009000257,AO090009000257,AO090009000257,unchanged/exact identifier,NCBI RefSeq; KEGG; UniProt,all available sources agree,,confirmed,NCBI GeneID:5988672; RefSeq transcript:XM_023234439.1; RefSeq protein:XP_023088581.1; KEGG:aor:AO090009000257; KEGG->GeneID:5988672; KEGG->UniProt:Q2UUM5; UniProt:Q2UUM5,False
AO090001000698,AO090001000698,AO090001000698,unchanged/exact identifier,NCBI RefSeq; KEGG; UniProt,all available sources agree,,confirmed,NCBI GeneID:5991161; RefSeq transcript:XM_001819138.3; RefSeq protein:XP_001819190.1; KEGG:aor:AO090001000698; KEGG->GeneID:5991161; KEGG->UniProt:Q2UMM7; UniProt:Q2UMM7,False
AO090001000747,AO090001000747,AO090001000747,unchanged/exact identifier,NCBI RefSeq; KEGG; UniProt,all available sources agree,,confirmed,NCBI GeneID:5991208; RefSeq transcript:XM_023234692.1; RefSeq protein:XP_023089791.1; KEGG:aor:AO090001000747; KEGG->GeneID:5991208; KEGG->UniProt:Q2UMI0; UniProt:Q2UMI0,False
AO090166000087,AO090166000087,AO090166000087,unchanged/exact identifier,NCBI RefSeq; KEGG; UniProt,all available sources agree,,confirmed,NCBI GeneID:5994924; RefSeq transcript:XM_023237080.1; RefSeq protein:XP_023091947.1; KEGG:aor:AO090166000087; KEGG->GeneID:5994924; KEGG->UniProt:Q2U9N0; UniProt:Q2U9N0,False
AO090701000218,AO090701000218,AO090701000218,unchanged/exact identifier,NCBI RefSeq; KEGG; UniProt,all available sources agree,,confirmed,NCBI GeneID:5995145; RefSeq transcript:XM_023237422.1; RefSeq protein:XP_023092040.1; KEGG:aor:AO090701000218; KEGG->GeneID:5995145; UniProt:Q2U910,False
AO090001000429,AO090001000429,AO090001000429,unchanged/exact identifier,NCBI RefSeq; KEGG; UniProt,all available sources agree,,confirmed,NCBI GeneID:5990922; RefSeq transcript:XM_023234547.1; RefSeq protein:XP_023089659.1; KEGG:aor:AO090001000429; KEGG->GeneID:5990922; UniProt:Q2UNB6,False
AO090001000733,AO090001000733,AO090001000733,unchanged/exact identifier,NCBI RefSeq; KEGG; UniProt,all available sources agree,,confirmed,NCBI GeneID:5991195; RefSeq transcript:XM_001819172.3; RefSeq protein:XP_001819224.1; KEGG:aor:AO090001000733; KEGG->GeneID:5991195; KEGG->UniProt:Q00248; UniProt:Q00248,False
AO090120000344,AO090120000344,AO090120000344,unchanged/exact identifier,NCBI RefSeq; KEGG; UniProt,all available sources agree,,confirmed,NCBI GeneID:5996326; RefSeq transcript:XM_001824015.3; RefSeq protein:XP_001824067.1; KEGG:aor:AO090120000344; KEGG->GeneID:5996326; KEGG->UniProt:Q2U681; UniProt:Q2U681,False
AO090010000769,AO090010000769,AO090010000769,unchanged/exact identifier,NCBI RefSeq; KEGG; UniProt,all available sources agree,,confirmed,NCBI GeneID:5999853; RefSeq transcript:XM_001827667.1; RefSeq protein:XP_001827719.1; KEGG:aor:AO090010000769; KEGG->GeneID:5999853; KEGG->UniProt:Q2TVY7; UniProt:Q2TVY7,False
AO090003001001,AO090003001001,AO090003001001,unchanged/exact identifier,NCBI RefSeq; KEGG; UniProt,all available sources agree,,confirmed,NCBI GeneID:5992095; RefSeq transcript:XM_001820060.3; RefSeq protein:XP_001820112.1; KEGG:aor:AO090003001001; KEGG->GeneID:5992095; KEGG->UniProt:Q2UK05; UniProt:Q2UK05,False
AO090701000381,AO090701000381,AO090701000381,unchanged/exact identifier,NCBI RefSeq; KEGG; UniProt,all available sources agree,,confirmed,NCBI GeneID:5995290; RefSeq transcript:XM_001823181.3; RefSeq protein:XP_001823233.1; KEGG:aor:AO090701000381; KEGG->GeneID:5995290; KEGG->UniProt:Q2U8L5; UniProt:Q2U8L5,False
AO090001000706,AO090001000706,AO090001000706,unchanged/exact identifier,NCBI RefSeq; KEGG; UniProt,all available sources agree,,confirmed,NCBI GeneID:5991227; RefSeq transcript:XM_001819146.1; RefSeq protein:XP_001819198.1; KEGG:aor:AO090001000706; KEGG->GeneID:5991227; KEGG->UniProt:Q2UML9; UniProt:Q2UML9,False
AO090020000105,AO090020000105,AO090020000105,unchanged/exact identifier,NCBI RefSeq; KEGG; UniProt,all available sources agree,,confirmed,NCBI GeneID:5996558; RefSeq transcript:XM_023238159.1; RefSeq protein:XP_023092698.1; KEGG:aor:AO090020000105; KEGG->GeneID:5996558; UniProt:Q2U526,False
AO090012001021,AO090012001021,AO090012001021,unchanged/exact identifier,NCBI RefSeq; KEGG; UniProt,all available sources agree,,confirmed,NCBI GeneID:5988424; RefSeq transcript:XM_001727898.3; RefSeq protein:XP_001727950.1; KEGG:aor:AO090012001021; KEGG->GeneID:5988424; KEGG->UniProt:Q2UBF4; UniProt:Q2UBF4,False
AO090023000336,AO090023000336,AO090023000336,unchanged/exact identifier,NCBI RefSeq; KEGG; UniProt,all available sources agree,,confirmed,NCBI GeneID:5992899; RefSeq transcript:XM_023235546.1; RefSeq protein:XP_023090558.1; KEGG:aor:AO090023000336; KEGG->GeneID:5992899; UniProt:Q2UHS0,False
AO090005001528,AO090005001528,AO090005001528,unchanged/exact identifier,NCBI RefSeq; KEGG; UniProt,all available sources agree,,confirmed,NCBI GeneID:5990387; RefSeq transcript:XM_001818390.3; RefSeq protein:XP_001818442.1; KEGG:aor:AO090005001528; KEGG->GeneID:5990387; KEGG->UniProt:Q2UPS5; UniProt:Q2UPS5,False
AO090023000824,AO090023000824,AO090023000824,unchanged/exact identifier,NCBI RefSeq; KEGG; UniProt,all available sources agree,,confirmed,NCBI GeneID:5993330; RefSeq transcript:XM_001821276.3; RefSeq protein:XP_001821328.1; KEGG:aor:AO090023000824; KEGG->GeneID:5993330; KEGG->UniProt:Q2UGI9; UniProt:Q2UGI9,False
AO090003000095,AO090003000095,AO090003000095,unchanged/exact identifier,NCBI RefSeq; KEGG; UniProt,all available sources agree,,confirmed,NCBI GeneID:5991311; RefSeq transcript:XM_001819276.3; RefSeq protein:XP_001819328.1; KEGG:aor:AO090003000095; KEGG->GeneID:5991311; KEGG->UniProt:Q2UM89; UniProt:Q2UM89,False
AO090005000157,AO090005000157,AO090005000157,unchanged/exact identifier,NCBI RefSeq; KEGG; UniProt,all available sources agree,,confirmed,NCBI GeneID:5989212; RefSeq transcript:XM_023234241.1; RefSeq protein:XP_023088835.1; KEGG:aor:AO090005000157; KEGG->GeneID:5989212; UniProt:Q2UT50,False
AO090003000016,AO090003000016,AO090003000016,unchanged/exact identifier,NCBI RefSeq; KEGG; UniProt,all available sources agree,,confirmed,NCBI GeneID:5991241; RefSeq transcript:XM_001819206.3; RefSeq protein:XP_001819258.1; KEGG:aor:AO090003000016; KEGG->GeneID:5991241; KEGG->UniProt:Q2UMF9; UniProt:Q2UMF9,False
AO090701000060,AO090701000060,AO090701000060,unchanged/exact identifier,NCBI RefSeq; KEGG; UniProt,all available sources agree,,confirmed,NCBI GeneID:5995010; RefSeq transcript:XM_023237486.1; RefSeq protein:XP_023091983.1; KEGG:aor:AO090701000060; KEGG->GeneID:5995010; UniProt:Q2U9E5,False
AO090102000273,AO090102000273,AO090102000273,unchanged/exact identifier,NCBI RefSeq; KEGG; UniProt,all available sources agree,,confirmed,NCBI GeneID:5994527; RefSeq transcript:XM_023236901.1; RefSeq protein:XP_023091746.1; KEGG:aor:AO090102000273; KEGG->GeneID:5994527; UniProt:Q2UAR6,False
AO090003000015,AO090003000015,AO090003000015,unchanged/exact identifier,NCBI RefSeq; KEGG; UniProt,all available sources agree,,confirmed,NCBI GeneID:5991240; RefSeq transcript:XM_001819205.3; RefSeq protein:XP_001819257.1; KEGG:aor:AO090003000015; KEGG->GeneID:5991240; KEGG->UniProt:Q2UMG0; UniProt:Q2UMG0,False
AO090005000451,AO090005000451,AO090005000451,unchanged/exact identifier,NCBI RefSeq; KEGG; UniProt,all available sources agree,,confirmed,NCBI GeneID:5989462; RefSeq transcript:XM_001817465.3; RefSeq protein:XP_001817517.1; KEGG:aor:AO090005000451; KEGG->GeneID:5989462; KEGG->UniProt:Q2USF0; UniProt:Q2USF0,False
AO090001000574,AO090001000574,AO090001000574,unchanged/exact identifier,NCBI RefSeq; KEGG; UniProt,all available sources agree,,confirmed,NCBI GeneID:5991056; RefSeq transcript:XM_001819033.3; RefSeq protein:XP_001819085.1; KEGG:aor:AO090001000574; KEGG->GeneID:5991056; KEGG->UniProt:Q2UMY2; UniProt:Q2UMY2,False
AO090003001069,AO090003001069,AO090003001069,unchanged/exact identifier,NCBI RefSeq; KEGG; UniProt,all available sources agree,,confirmed,NCBI GeneID:5992155; RefSeq transcript:XM_023235158.1; RefSeq protein:XP_023090203.1; KEGG:aor:AO090003001069; KEGG->GeneID:5992155; UniProt:Q2UJU5,False
AO090005001595,AO090005001595,AO090005001595,unchanged/exact identifier,NCBI RefSeq; KEGG; UniProt,all available sources agree,,confirmed,NCBI GeneID:5990447; RefSeq transcript:XM_001818450.3; RefSeq protein:XP_001818502.3; KEGG:aor:AO090005001595; KEGG->GeneID:5990447; KEGG->UniProt:Q2UPL5; UniProt:Q2UPL5,False
AO090003000295,AO090003000295,AO090003000295,unchanged/exact identifier,NCBI RefSeq; KEGG; UniProt,all available sources agree,,confirmed,NCBI GeneID:5991481; RefSeq transcript:XM_001819446.3; RefSeq protein:XP_001819498.1; KEGG:aor:AO090003000295; KEGG->GeneID:5991481; KEGG->UniProt:Q2ULR9; UniProt:Q2ULR9,False
AO090026000504,AO090026000504,AO090026000504,unchanged/exact identifier,NCBI RefSeq; KEGG; UniProt,all available sources agree,,confirmed,NCBI GeneID:5993972; RefSeq transcript:XM_023236035.1; RefSeq protein:XP_023091060.1; KEGG:aor:AO090026000504; KEGG->GeneID:5993972; UniProt:Q2UES3,False
AO090023000831,AO090023000831,AO090023000831,unchanged/exact identifier,NCBI RefSeq; KEGG; UniProt,all available sources agree,,confirmed,NCBI GeneID:5993336; RefSeq transcript:XM_023235781.1; RefSeq protein:XP_023090769.1; KEGG:aor:AO090023000831; KEGG->GeneID:5993336; UniProt:Q2UGI3,False
AO090009000655,AO090009000655,AO090009000655,unchanged/exact identifier,NCBI RefSeq; KEGG; UniProt,all available sources agree,,confirmed,NCBI GeneID:5989008; RefSeq transcript:XM_023236212.1; RefSeq protein:XP_023088745.1; KEGG:aor:AO090009000655; KEGG->GeneID:5989008; KEGG->UniProt:Q2UTN9; UniProt:Q2UTN9,False
AO090026000726,AO090026000726,AO090026000726,unchanged/exact identifier,NCBI RefSeq; KEGG; UniProt,all available sources agree,,confirmed,NCBI GeneID:5994162; RefSeq transcript:XM_001822082.3; RefSeq protein:XP_001822134.1; KEGG:aor:AO090026000726; KEGG->GeneID:5994162; KEGG->UniProt:Q2UE83; UniProt:Q2UE83,False
AO090011000535,AO090011000535,AO090011000535,unchanged/exact identifier,NCBI RefSeq; KEGG; UniProt,all available sources agree,,confirmed,NCBI GeneID:5998257; RefSeq transcript:XM_001826102.3; RefSeq protein:XP_001826154.1; KEGG:aor:AO090011000535; KEGG->GeneID:5998257; KEGG->UniProt:Q2U094; UniProt:Q2U094,False
AO090003001085,AO090003001085,AO090003001085,unchanged/exact identifier,NCBI RefSeq; KEGG; UniProt,all available sources agree,,confirmed,NCBI GeneID:5992167; RefSeq transcript:XM_001820132.3; RefSeq protein:XP_001820184.1; KEGG:aor:AO090003001085; KEGG->GeneID:5992167; KEGG->UniProt:Q2UJT3; UniProt:Q2UJT3,False
AO090005001114,AO090005001114,AO090005001114,unchanged/exact identifier,NCBI RefSeq; KEGG; UniProt,all available sources agree,,confirmed,NCBI GeneID:5990030; RefSeq transcript:XM_023233161.1; RefSeq protein:XP_023089229.1; KEGG:aor:AO090005001114; KEGG->GeneID:5990030; KEGG->UniProt:Q2UQT2; UniProt:Q2UQT2,False
AO090011000777,AO090011000777,AO090011000777,unchanged/exact identifier,NCBI RefSeq; KEGG; UniProt,all available sources agree,,confirmed,NCBI GeneID:5998459; RefSeq transcript:XM_001826304.3; RefSeq protein:XP_001826356.1; KEGG:aor:AO090011000777; KEGG->GeneID:5998459; KEGG->UniProt:Q2TZP2; UniProt:Q2TZP2,False
AO090001000748,AO090001000748,AO090001000748,unchanged/exact identifier,NCBI RefSeq; KEGG; UniProt,all available sources agree,,confirmed,NCBI GeneID:5991209; RefSeq transcript:XM_001819186.3; RefSeq protein:XP_001819238.3; KEGG:aor:AO090001000748; KEGG->GeneID:5991209; KEGG->UniProt:Q2UMH9; UniProt:Q2UMH9,False
AO090003000071,AO090003000071,AO090003000071,unchanged/exact identifier,NCBI RefSeq; KEGG; UniProt,all available sources agree,,confirmed,NCBI GeneID:5991291; RefSeq transcript:XM_023234718.1; RefSeq protein:XP_023089815.1; KEGG:aor:AO090003000071; KEGG->GeneID:5991291; UniProt:Q2UMA9,False
AO090102000559,AO090102000559,AO090102000559,unchanged/exact identifier,NCBI RefSeq; KEGG; UniProt,all available sources agree,,confirmed,NCBI GeneID:5994756; RefSeq transcript:XM_001822659.3; RefSeq protein:XP_001822711.1; KEGG:aor:AO090102000559; KEGG->GeneID:5994756; KEGG->UniProt:Q2UA37; UniProt:Q2UA37,False
AO090003000947,AO090003000947,AO090003000947,unchanged/exact identifier,NCBI RefSeq; KEGG; UniProt,all available sources agree,,confirmed,NCBI GeneID:5992046; RefSeq transcript:XM_023235106.1; RefSeq protein:XP_023090157.1; KEGG:aor:AO090003000947; KEGG->GeneID:5992046; KEGG->UniProt:Q2UK54; UniProt:Q2UK54,False
AO090120000290,AO090120000290,AO090120000290,unchanged/exact identifier,NCBI RefSeq; KEGG; UniProt,all available sources agree,,confirmed,NCBI GeneID:5996278; RefSeq transcript:XM_001823967.3; RefSeq protein:XP_001824019.1; KEGG:aor:AO090120000290; KEGG->GeneID:5996278; KEGG->UniProt:Q2U6C9; UniProt:Q2U6C9,False
AO090005001381,AO090005001381,AO090005001381,unchanged/exact identifier,NCBI RefSeq; KEGG; UniProt,all available sources agree,,confirmed,NCBI GeneID:5990253; RefSeq transcript:XM_001818256.3; RefSeq protein:XP_001818308.1; KEGG:aor:AO090005001381; KEGG->GeneID:5990253; KEGG->UniProt:Q2UQ59; UniProt:Q2UQ59,False
AO090023000714,AO090023000714,AO090023000714,unchanged/exact identifier,NCBI RefSeq; KEGG; UniProt,all available sources agree,,confirmed,NCBI GeneID:5993229; RefSeq transcript:XM_001821175.3; RefSeq protein:XP_001821227.1; KEGG:aor:AO090023000714; KEGG->GeneID:5993229; KEGG->UniProt:Q2UGU0; UniProt:Q2UGU0,False
AO090020000084,AO090020000084,AO090020000084,unchanged/exact identifier,NCBI RefSeq; KEGG; UniProt,all available sources agree,,confirmed,NCBI GeneID:5996543; RefSeq transcript:XM_023238166.1; RefSeq protein:XP_023092691.1; KEGG:aor:AO090020000084; KEGG->GeneID:5996543; KEGG->UniProt:Q2U541; UniProt:Q2U541,False
AO090020000338,AO090020000338,AO090020000338,unchanged/exact identifier,NCBI RefSeq; KEGG; UniProt,all available sources agree,,confirmed,NCBI GeneID:5996756; RefSeq transcript:XM_001824618.3; RefSeq protein:XP_001824670.1; KEGG:aor:AO090020000338; KEGG->GeneID:5996756; KEGG->UniProt:Q2U4H8; UniProt:Q2U4H8,False
AO090001000417,AO090001000417,AO090001000417,unchanged/exact identifier,NCBI RefSeq; KEGG; UniProt,all available sources agree,,confirmed,NCBI GeneID:5990910; RefSeq transcript:XM_001818887.3; RefSeq protein:XP_001818939.1; KEGG:aor:AO090001000417; KEGG->GeneID:5990910; KEGG->UniProt:Q2UNC8; UniProt:Q2UNC8,False
AO090012001005,AO090012001005,AO090012001005,unchanged/exact identifier,NCBI RefSeq; KEGG; UniProt,all available sources agree,,confirmed,NCBI GeneID:5988409; RefSeq transcript:XM_001727883.3; RefSeq protein:XP_001727935.1; KEGG:aor:AO090012001005; KEGG->GeneID:5988409; KEGG->UniProt:Q2UBG9; UniProt:Q2UBG9,False
AO090003000397,AO090003000397,AO090003000397,unchanged/exact identifier,NCBI RefSeq; KEGG; UniProt,all available sources agree,,confirmed,NCBI GeneID:5991565; RefSeq transcript:XM_023234874.1; RefSeq protein:XP_023089950.1; KEGG:aor:AO090003000397; KEGG->GeneID:5991565; KEGG->UniProt:Q2ULI5; UniProt:Q2ULI5,False
AO090003000679,AO090003000679,AO090003000679,unchanged/exact identifier,NCBI RefSeq; KEGG; UniProt,all available sources agree,,confirmed,NCBI GeneID:5991812; RefSeq transcript:XM_001819777.3; RefSeq protein:XP_001819829.1; KEGG:aor:AO090003000679; KEGG->GeneID:5991812; KEGG->UniProt:Q2UKT8; UniProt:Q2UKT8,False
AO090003000692,AO090003000692,AO090003000692,unchanged/exact identifier,NCBI RefSeq; KEGG; UniProt,all available sources agree,,confirmed,NCBI GeneID:5991824; RefSeq transcript:XM_023234992.1; RefSeq protein:XP_023090056.1; KEGG:aor:AO090003000692; KEGG->GeneID:5991824; UniProt:Q2UKS6,False
AO090003000056,AO090003000056,AO090003000056,unchanged/exact identifier,NCBI RefSeq; KEGG; UniProt,all available sources agree,,confirmed,NCBI GeneID:5991277; RefSeq transcript:XM_001819242.3; RefSeq protein:XP_001819294.1; KEGG:aor:AO090003000056; KEGG->GeneID:5991277; KEGG->UniProt:Q2UMC3; UniProt:Q2UMC3,False
AO090001000434,AO090001000434,AO090001000434,unchanged/exact identifier,NCBI RefSeq; KEGG; UniProt,all available sources agree,,confirmed,NCBI GeneID:5990926; RefSeq transcript:XM_023234550.1; RefSeq protein:XP_023089662.1; KEGG:aor:AO090001000434; KEGG->GeneID:5990926; KEGG->UniProt:Q2UNB2; UniProt:Q2UNB2,False
AO090206000022,AO090206000022,AO090206000022,unchanged/exact identifier,NCBI RefSeq; KEGG; UniProt,all available sources agree,,confirmed,NCBI GeneID:5998647; RefSeq transcript:XM_001826479.3; RefSeq protein:XP_001826531.1; KEGG:aor:AO090206000022; KEGG->GeneID:5998647; KEGG->UniProt:Q2PIX6; UniProt:Q2PIX6,False
AO090005001643,AO090005001643,AO090005001643,unchanged/exact identifier,NCBI RefSeq; KEGG; UniProt,all available sources agree,,confirmed,NCBI GeneID:5990490; RefSeq transcript:XM_023236546.1; RefSeq protein:XP_023089450.1; KEGG:aor:AO090005001643; KEGG->GeneID:5990490; KEGG->UniProt:Q2UPH2; UniProt:Q2UPH2,False
AO090009000668,AO090009000668,AO090009000668,unchanged/exact identifier,NCBI RefSeq; KEGG; UniProt,all available sources agree,,confirmed,NCBI GeneID:5989017; RefSeq transcript:XM_001817035.3; RefSeq protein:XP_001817087.1; KEGG:aor:AO090009000668; KEGG->GeneID:5989017; KEGG->UniProt:Q2UTN0; UniProt:Q2UTN0,False
AO090003000842,AO090003000842,AO090003000842,unchanged/exact identifier,NCBI RefSeq; KEGG; UniProt,all available sources agree,,confirmed,NCBI GeneID:5991956; RefSeq transcript:XM_001819921.3; RefSeq protein:XP_001819973.1; KEGG:aor:AO090003000842; KEGG->GeneID:5991956; KEGG->UniProt:Q877B9; UniProt:Q877B9,False
AO090003000853,AO090003000853,AO090003000853,unchanged/exact identifier,NCBI RefSeq; KEGG; UniProt,all available sources agree,,confirmed,NCBI GeneID:5991965; RefSeq transcript:XM_023235064.1; RefSeq protein:XP_023090119.1; KEGG:aor:AO090003000853; KEGG->GeneID:5991965; KEGG->UniProt:Q2UKD5; UniProt:Q2UKD5,False
AO090038000586,AO090038000586,AO090038000586,unchanged/exact identifier,NCBI RefSeq; KEGG; UniProt,all available sources agree,,confirmed,NCBI GeneID:5997580; RefSeq transcript:XM_023238224.1; RefSeq protein:XP_023093195.1; KEGG:aor:AO090038000586; KEGG->GeneID:5997580; KEGG->UniProt:Q2U263; UniProt:Q2U263,False
AO090003000682,AO090003000682,AO090003000682,unchanged/exact identifier,NCBI RefSeq; KEGG; UniProt,all available sources agree,,confirmed,NCBI GeneID:5991815; RefSeq transcript:XM_023234990.1; RefSeq protein:XP_023090054.1; KEGG:aor:AO090003000682; KEGG->GeneID:5991815; UniProt:Q2UKT5,False
AO090010000460,AO090010000460,AO090010000460,unchanged/exact identifier,NCBI RefSeq; KEGG; UniProt,all available sources agree,,confirmed,NCBI GeneID:5999580; RefSeq transcript:XM_023233638.1; RefSeq protein:XP_023094194.1; KEGG:aor:AO090010000460; KEGG->GeneID:5999580; KEGG->UniProt:Q2TWR0; UniProt:Q2TWR0,False
AO090010000771,AO090010000771,AO090010000771,unchanged/exact identifier,NCBI RefSeq; KEGG; UniProt,all available sources agree,,confirmed,NCBI GeneID:5999855; RefSeq transcript:XM_001827669.1; RefSeq protein:XP_001827721.1; KEGG:aor:AO090010000771; KEGG->GeneID:5999855; KEGG->UniProt:Q2TVY5; UniProt:Q2TVY5,False
AO090012000838,AO090012000838,AO090012000838,unchanged/exact identifier,NCBI RefSeq; KEGG; UniProt,all available sources agree,,confirmed,NCBI GeneID:5988265; RefSeq transcript:XM_001727739.3; RefSeq protein:XP_001727791.1; KEGG:aor:AO090012000838; KEGG->GeneID:5988265; KEGG->UniProt:Q2UBW3; UniProt:Q2UBW3,False
AO090023000986,AO090023000986,AO090023000986,unchanged/exact identifier,NCBI RefSeq; KEGG; UniProt,all available sources agree,,confirmed,NCBI GeneID:5993476; RefSeq transcript:XM_023235858.1; RefSeq protein:XP_023090838.1; KEGG:aor:AO090023000986; KEGG->GeneID:5993476; KEGG->UniProt:Q2UG43; UniProt:Q2UG43,False
AO090003000509,AO090003000509,AO090003000509,unchanged/exact identifier,NCBI RefSeq; KEGG; UniProt,all available sources agree,,confirmed,NCBI GeneID:5991664; RefSeq transcript:XM_001819629.3; RefSeq protein:XP_001819681.1; KEGG:aor:AO090003000509; KEGG->GeneID:5991664; KEGG->UniProt:Q2UL86; UniProt:Q2UL86,False
AO090701000006,AO090701000006,AO090701000006,unchanged/exact identifier,NCBI RefSeq; KEGG; UniProt,all available sources agree,,confirmed,NCBI GeneID:5994960; RefSeq transcript:XM_023237506.1; RefSeq protein:XP_023091966.1; KEGG:aor:AO090701000006; KEGG->GeneID:5994960; KEGG->UniProt:Q2U9J5; UniProt:Q2U9J5,False
AO090701000149,AO090701000149,AO090701000149,unchanged/exact identifier,NCBI RefSeq; KEGG; UniProt,all available sources agree,,confirmed,NCBI GeneID:5995087; RefSeq transcript:XM_001822978.3; RefSeq protein:XP_001823030.1; KEGG:aor:AO090701000149; KEGG->GeneID:5995087; KEGG->UniProt:Q2U968; UniProt:Q2U968,False
AO090026000347,AO090026000347,AO090026000347,unchanged/exact identifier,NCBI RefSeq; KEGG; UniProt,all available sources agree,,confirmed,NCBI GeneID:5993845; RefSeq transcript:XM_001821765.3; RefSeq protein:XP_001821817.1; KEGG:aor:AO090026000347; KEGG->GeneID:5993845; KEGG->UniProt:Q2UF50; UniProt:Q2UF50,False
AO090005000718,AO090005000718,AO090005000718,unchanged/exact identifier,NCBI RefSeq; KEGG; UniProt,all available sources agree,,confirmed,NCBI GeneID:5989697; RefSeq transcript:XM_023233965.1; RefSeq protein:XP_023089079.1; KEGG:aor:AO090005000718; KEGG->GeneID:5989697; KEGG->UniProt:Q2URR5; UniProt:Q2URR5,False
AO090005001666,,,unresolved,,no current-source match,,unresolved,"Identifier absent from fresh NCBI RefSeq, KEGG aor, and UniProt organism-wide records; no sequence-based replacement established",True
AO090026000599,AO090026000599,AO090026000599,unchanged/exact identifier,NCBI RefSeq; KEGG; UniProt,all available sources agree,,confirmed,NCBI GeneID:5994055; RefSeq transcript:XM_001821975.3; RefSeq protein:XP_001822027.1; KEGG:aor:AO090026000599; KEGG->GeneID:5994055; KEGG->UniProt:Q2UEJ0; UniProt:Q2UEJ0,False
AO090701000139,AO090701000139,AO090701000139,unchanged/exact identifier,NCBI RefSeq; KEGG; UniProt,all available sources agree,,confirmed,NCBI GeneID:5995077; RefSeq transcript:XM_023237457.1; RefSeq protein:XP_023092008.1; KEGG:aor:AO090701000139; KEGG->GeneID:5995077; KEGG->UniProt:Q2U978; UniProt:Q2U978,False
AO090005000760,AO090005000760,AO090005000760,unchanged/exact identifier,NCBI RefSeq; KEGG; UniProt,all available sources agree,,confirmed,NCBI GeneID:5989733; RefSeq transcript:XM_001817736.3; RefSeq protein:XP_001817788.1; KEGG:aor:AO090005000760; KEGG->GeneID:5989733; KEGG->UniProt:Q2URM9; UniProt:Q2URM9,False
AO090003000403,AO090003000403,AO090003000403,unchanged/exact identifier,NCBI RefSeq; KEGG; UniProt,all available sources agree,,confirmed,NCBI GeneID:5991570; RefSeq transcript:XM_001819535.3; RefSeq protein:XP_001819587.1; KEGG:aor:AO090003000403; KEGG->GeneID:5991570; KEGG->UniProt:Q2ULI0; UniProt:Q2ULI0,False
AO090038000308,AO090038000308,AO090038000308,unchanged/exact identifier,NCBI RefSeq; KEGG; UniProt,all available sources agree,,confirmed,NCBI GeneID:5997341; RefSeq transcript:XM_001825194.1; RefSeq protein:XP_001825246.1; KEGG:aor:AO090038000308; KEGG->GeneID:5997341; KEGG->UniProt:Q2U2V2; UniProt:Q2U2V2,False
AO090011000577,AO090011000577,AO090011000577,unchanged/exact identifier,NCBI RefSeq; KEGG; UniProt,all available sources agree,,confirmed,NCBI GeneID:5998293; RefSeq transcript:XM_001826138.1; RefSeq protein:XP_001826190.1; KEGG:aor:AO090011000577; KEGG->GeneID:5998293; KEGG->UniProt:Q2U058; UniProt:Q2U058,False
AO090012000556,AO090012000556,AO090012000556,unchanged/exact identifier,NCBI RefSeq; KEGG; UniProt,all available sources agree,,confirmed,NCBI GeneID:5988029; RefSeq transcript:XM_001727503.3; RefSeq protein:XP_001727555.3; KEGG:aor:AO090012000556; KEGG->GeneID:5988029; KEGG->UniProt:Q2UCJ9; UniProt:Q2UCJ9,False
AO090003000913,AO090003000913,AO090003000913,unchanged/exact identifier,NCBI RefSeq; KEGG; UniProt,all available sources agree,,confirmed,NCBI GeneID:5992015; RefSeq transcript:XM_001819980.3; RefSeq protein:XP_001820032.3; KEGG:aor:AO090003000913; KEGG->GeneID:5992015; KEGG->UniProt:Q2UK85; UniProt:Q2UK85,False
AO090026000337,AO090026000337,AO090026000337,unchanged/exact identifier,NCBI RefSeq; KEGG; UniProt,all available sources agree,,confirmed,NCBI GeneID:5993835; RefSeq transcript:XM_023236103.1; RefSeq protein:XP_023091002.1; KEGG:aor:AO090026000337; KEGG->GeneID:5993835; UniProt:Q2UF60,False
AO090206000003,AO090206000003,AO090206000003,unchanged/exact identifier,NCBI RefSeq; KEGG; UniProt,all available sources agree,,confirmed,NCBI GeneID:5998632; RefSeq transcript:XM_001826464.3; RefSeq protein:XP_001826516.1; KEGG:aor:AO090206000003; KEGG->GeneID:5998632; KEGG->UniProt:Q2PIZ1; UniProt:Q2PIZ1,False
AO090012000630,AO090012000630,AO090012000630,unchanged/exact identifier,NCBI RefSeq; KEGG; UniProt,all available sources agree,,confirmed,NCBI GeneID:5988088; RefSeq transcript:XM_023236562.1; RefSeq protein:XP_023091477.1; KEGG:aor:AO090012000630; KEGG->GeneID:5988088; KEGG->UniProt:Q2UCE0; UniProt:Q2UCE0,False
AO090003001162,AO090003001162,AO090003001162,unchanged/exact identifier,NCBI RefSeq; KEGG; UniProt,all available sources agree,,confirmed,NCBI GeneID:5992235; RefSeq transcript:XM_001820200.1; RefSeq protein:XP_001820252.1; KEGG:aor:AO090003001162; KEGG->GeneID:5992235; KEGG->UniProt:Q2UJL5; UniProt:Q2UJL5,False
AO090701000730,AO090701000730,AO090701000730,unchanged/exact identifier,NCBI RefSeq; KEGG; UniProt,all available sources agree,,confirmed,NCBI GeneID:5995588; RefSeq transcript:XM_001823479.3; RefSeq protein:XP_001823531.1; KEGG:aor:AO090701000730; KEGG->GeneID:5995588; KEGG->UniProt:Q2U7R7; UniProt:Q2U7R7,False
AO090026000361,AO090026000361,AO090026000361,unchanged/exact identifier,NCBI RefSeq; KEGG; UniProt,all available sources agree,,confirmed,NCBI GeneID:5993855; RefSeq transcript:XM_023236097.1; RefSeq protein:XP_023091007.1; KEGG:aor:AO090026000361; KEGG->GeneID:5993855; KEGG->UniProt:Q2UF40; UniProt:Q2UF40,False
AO090005001238,AO090005001238,AO090005001238,unchanged/exact identifier,NCBI RefSeq; KEGG; UniProt,all available sources agree,,confirmed,NCBI GeneID:5990131; RefSeq transcript:XM_001818134.3; RefSeq protein:XP_001818186.1; KEGG:aor:AO090005001238; KEGG->GeneID:5990131; KEGG->UniProt:Q2UQI1; UniProt:Q2UQI1,False
AO090005000120,AO090005000120,AO090005000120,unchanged/exact identifier,NCBI RefSeq; KEGG; UniProt,all available sources agree,,confirmed,NCBI GeneID:5989179; RefSeq transcript:XM_023234263.1; RefSeq protein:XP_023088814.1; KEGG:aor:AO090005000120; KEGG->GeneID:5989179; KEGG->UniProt:Q2UT83; UniProt:Q2UT83,False
AO090103000044,AO090103000044,AO090103000044,unchanged/exact identifier,NCBI RefSeq; KEGG; UniProt,all available sources agree,,confirmed,NCBI GeneID:5999182; RefSeq transcript:XM_001826609.3; RefSeq protein:XP_001826661.1; KEGG:aor:AO090103000044; KEGG->GeneID:5999182; KEGG->UniProt:Q2TYZ5; UniProt:Q2TYZ5,False
AO090005000435,AO090005000435,AO090005000435,unchanged/exact identifier,NCBI RefSeq; KEGG; UniProt,all available sources agree,,confirmed,NCBI GeneID:5989446; RefSeq transcript:XM_023234102.1; RefSeq protein:XP_023088960.1; KEGG:aor:AO090005000435; KEGG->GeneID:5989446; KEGG->UniProt:Q2USG6; UniProt:Q2USG6,False
AO090701000291,AO090701000291,AO090701000291,unchanged/exact identifier,NCBI RefSeq; KEGG; UniProt,all available sources agree,,confirmed,NCBI GeneID:5995212; RefSeq transcript:XM_001823103.1; RefSeq protein:XP_001823155.1; KEGG:aor:AO090701000291; KEGG->GeneID:5995212; KEGG->UniProt:Q2U8U3; UniProt:Q2U8U3,False
AO090701000290,AO090701000290,AO090701000290,unchanged/exact identifier,NCBI RefSeq; KEGG; UniProt,all available sources agree,,confirmed,NCBI GeneID:5995211; RefSeq transcript:XM_001823102.3; RefSeq protein:XP_001823154.1; KEGG:aor:AO090701000290; KEGG->GeneID:5995211; KEGG->UniProt:Q2U8U4; UniProt:Q2U8U4,False
AO090701000719,AO090701000719,AO090701000719,unchanged/exact identifier,NCBI RefSeq; KEGG; UniProt,all available sources agree,,confirmed,NCBI GeneID:5995757; RefSeq transcript:XM_001823470.1; RefSeq protein:XP_001823522.1; KEGG:aor:AO090701000719; KEGG->GeneID:5995757; KEGG->UniProt:Q2U7S6; UniProt:Q2U7S6,False
AO090020000134,AO090020000134,AO090020000134,unchanged/exact identifier,NCBI RefSeq; KEGG; UniProt,all available sources agree,,confirmed,NCBI GeneID:5996582; RefSeq transcript:XM_001824444.3; RefSeq protein:XP_001824496.1; KEGG:aor:AO090020000134; KEGG->GeneID:5996582; KEGG->UniProt:Q2U502; UniProt:Q2U502,False
AO090001000326,AO090001000326,AO090001000326,unchanged/exact identifier,NCBI RefSeq; KEGG; UniProt,all available sources agree,,confirmed,NCBI GeneID:5990832; RefSeq transcript:XM_023234502.1; RefSeq protein:XP_023089621.1; KEGG:aor:AO090001000326; KEGG->GeneID:5990832; UniProt:Q2UNK6,False
AO090005001279,AO090005001279,AO090005001279,unchanged/exact identifier,NCBI RefSeq; KEGG; UniProt,all available sources agree,,confirmed,NCBI GeneID:5990164; RefSeq transcript:XM_001818167.1; RefSeq protein:XP_001818219.1; KEGG:aor:AO090005001279; KEGG->GeneID:5990164; KEGG->UniProt:Q2UQE8; UniProt:Q2UQE8,False
AO090038000454,AO090038000454,AO090038000454,unchanged/exact identifier,NCBI RefSeq; KEGG; UniProt,all available sources agree,,confirmed,NCBI GeneID:5997468; RefSeq transcript:XM_023238287.1; RefSeq protein:XP_023093138.1; KEGG:aor:AO090038000454; KEGG->GeneID:5997468; KEGG->UniProt:Q2U2H5; UniProt:Q2U2H5,False
AO090003001273,AO090003001273,AO090003001273,unchanged/exact identifier,NCBI RefSeq; KEGG; UniProt,all available sources agree,,confirmed,NCBI GeneID:5992323; RefSeq transcript:XM_001820288.3; RefSeq protein:XP_001820340.1; KEGG:aor:AO090003001273; KEGG->GeneID:5992323; KEGG->UniProt:Q2UJC7; UniProt:Q2UJC7,False
AO090003000363,AO090003000363,AO090003000363,unchanged/exact identifier,NCBI RefSeq; KEGG; UniProt,all available sources agree,,confirmed,NCBI GeneID:5991535; RefSeq transcript:XM_001819500.3; RefSeq protein:XP_001819552.3; KEGG:aor:AO090003000363; KEGG->GeneID:5991535; KEGG->UniProt:Q2ULL5; UniProt:Q2ULL5,False
AO090020000087,AO090020000087,AO090020000087,unchanged/exact identifier,NCBI RefSeq; KEGG; UniProt,all available sources agree,,confirmed,NCBI GeneID:5996546; RefSeq transcript:XM_023238165.1; RefSeq protein:XP_023092692.1; KEGG:aor:AO090020000087; KEGG->GeneID:5996546; KEGG->UniProt:Q2U538; UniProt:Q2U538,False
AO090011000843,AO090011000843,AO090011000843,unchanged/exact identifier,NCBI RefSeq; KEGG; UniProt,all available sources agree,,confirmed,NCBI GeneID:5998519; RefSeq transcript:XM_001826364.3; RefSeq protein:XP_001826416.1; KEGG:aor:AO090011000843; KEGG->GeneID:5998519; KEGG->UniProt:Q2TZI2; UniProt:Q2TZI2,False
AO090009000199,AO090009000199,AO090009000199,unchanged/exact identifier,NCBI RefSeq; KEGG; UniProt,all available sources agree,,confirmed,NCBI GeneID:5988625; RefSeq transcript:XM_001816643.3; RefSeq protein:XP_001816695.1; KEGG:aor:AO090009000199; KEGG->GeneID:5988625; KEGG->UniProt:Q2UUS2; UniProt:Q2UUS2,False
AO090701000606,AO090701000606,AO090701000606,unchanged/exact identifier,NCBI RefSeq; KEGG; UniProt,all available sources agree,,confirmed,NCBI GeneID:5995487; RefSeq transcript:XM_001823378.1; RefSeq protein:XP_001823430.1; KEGG:aor:AO090701000606; KEGG->GeneID:5995487; KEGG->UniProt:Q2U818; UniProt:Q2U818,False
AO090009000654,AO090009000654,AO090009000654,unchanged/exact identifier,NCBI RefSeq; KEGG; UniProt,all available sources agree,,confirmed,NCBI GeneID:5989007; RefSeq transcript:XM_023236206.1; RefSeq protein:XP_023088744.1; KEGG:aor:AO090009000654; KEGG->GeneID:5989007; KEGG->UniProt:Q2UTP0; UniProt:Q2UTP0,False
AO090012000430,AO090012000430,AO090012000430,unchanged/exact identifier,NCBI RefSeq; KEGG; UniProt,all available sources agree,,confirmed,NCBI GeneID:5987921; RefSeq transcript:XM_023236474.1; RefSeq protein:XP_023091397.1; KEGG:aor:AO090012000430; KEGG->GeneID:5987921; KEGG->UniProt:Q2UCV7; UniProt:Q2UCV7,False
AO090023000164,AO090023000164,AO090023000164,unchanged/exact identifier,NCBI RefSeq; KEGG; UniProt,all available sources agree,,confirmed,NCBI GeneID:5992744; RefSeq transcript:XM_001820690.1; RefSeq protein:XP_001820742.1; KEGG:aor:AO090023000164; KEGG->GeneID:5992744; KEGG->UniProt:Q2UI75; UniProt:Q2UI75,False
AO090005000615,AO090005000615,AO090005000615,unchanged/exact identifier,NCBI RefSeq; KEGG; UniProt,all available sources agree,,confirmed,NCBI GeneID:5989604; RefSeq transcript:XM_001817607.3; RefSeq protein:XP_001817659.1; KEGG:aor:AO090005000615; KEGG->GeneID:5989604; KEGG->UniProt:Q2US08; UniProt:Q2US08,False
AO090102000523,AO090102000523,AO090102000523,unchanged/exact identifier,NCBI RefSeq; KEGG; UniProt,all available sources agree,,confirmed,NCBI GeneID:5994728; RefSeq transcript:XM_001822631.3; RefSeq protein:XP_001822683.1; KEGG:aor:AO090102000523; KEGG->GeneID:5994728; KEGG->UniProt:Q2UA65; UniProt:Q2UA65,False
AO090012000773,AO090012000773,AO090012000773,unchanged/exact identifier,NCBI RefSeq; KEGG; UniProt,all available sources agree,,confirmed,NCBI GeneID:5988205; RefSeq transcript:XM_023236623.1; RefSeq protein:XP_023091532.1; KEGG:aor:AO090012000773; KEGG->GeneID:5988205; KEGG->UniProt:Q2UC23; UniProt:Q2UC23,False
AO090005000980,AO090005000980,AO090005000980,unchanged/exact identifier,NCBI RefSeq; KEGG; UniProt,all available sources agree,,confirmed,NCBI GeneID:5989920; RefSeq transcript:XM_023233779.1; RefSeq protein:XP_023089179.1; KEGG:aor:AO090005000980; KEGG->GeneID:5989920; KEGG->UniProt:Q2UR42; UniProt:Q2UR42,False
AO090701000163,AO090701000163,AO090701000163,unchanged/exact identifier,NCBI RefSeq; KEGG; UniProt,all available sources agree,,confirmed,NCBI GeneID:5995744; RefSeq transcript:XM_023237444.1; RefSeq protein:XP_023092020.1; KEGG:aor:AO090701000163; KEGG->GeneID:5995744; KEGG->UniProt:Q2U958; UniProt:Q2U958,False
AO090011000933,AO090011000933,AO090011000933,unchanged/exact identifier,NCBI RefSeq; KEGG; UniProt,all available sources agree,,confirmed,NCBI GeneID:5998595; RefSeq transcript:XM_001826440.3; RefSeq protein:XP_001826492.1; KEGG:aor:AO090011000933; KEGG->GeneID:5998595; KEGG->UniProt:Q2TZA6; UniProt:Q2TZA6,False
AO090011000469,AO090011000469,AO090011000469,unchanged/exact identifier,NCBI RefSeq; KEGG; UniProt,all available sources agree,,confirmed,NCBI GeneID:5998205; RefSeq transcript:XM_001826050.3; RefSeq protein:XP_001826102.1; KEGG:aor:AO090011000469; KEGG->GeneID:5998205; KEGG->UniProt:Q2U0E6; UniProt:Q2U0E6,False
AO090120000351,AO090120000351,AO090120000351,unchanged/exact identifier,NCBI RefSeq; KEGG; UniProt,all available sources agree,,confirmed,NCBI GeneID:5996332; RefSeq transcript:XM_001824021.1; RefSeq protein:XP_001824073.1; KEGG:aor:AO090120000351; KEGG->GeneID:5996332; KEGG->UniProt:Q2U675; UniProt:Q2U675,False
AO090102000593,AO090102000593,AO090102000593,unchanged/exact identifier,NCBI RefSeq; KEGG; UniProt,all available sources agree,,confirmed,NCBI GeneID:5994788; RefSeq transcript:XM_001822691.1; RefSeq protein:XP_001822743.1; KEGG:aor:AO090102000593; KEGG->GeneID:5994788; KEGG->UniProt:Q2UA05; UniProt:Q2UA05,False
AO090003000956,AO090003000956,AO090003000956,unchanged/exact identifier,NCBI RefSeq; KEGG; UniProt,all available sources agree,,confirmed,NCBI GeneID:5992054; RefSeq transcript:XM_023235109.1; RefSeq protein:XP_023090160.1; KEGG:aor:AO090003000956; KEGG->GeneID:5992054; KEGG->UniProt:Q2UK46; UniProt:Q2UK46,False
AO090003001205,AO090003001205,AO090003001205,unchanged/exact identifier,NCBI RefSeq; KEGG; UniProt,all available sources agree,,confirmed,NCBI GeneID:5992270; RefSeq transcript:XM_001820235.3; RefSeq protein:XP_001820287.1; KEGG:aor:AO090003001205; KEGG->GeneID:5992270; KEGG->UniProt:Q2UJI0; UniProt:Q2UJI0,False
AO090012000995,AO090012000995,AO090012000995,unchanged/exact identifier,NCBI RefSeq; KEGG; UniProt,all available sources agree,,confirmed,NCBI GeneID:5988401; RefSeq transcript:XM_001727875.3; RefSeq protein:XP_001727927.1; KEGG:aor:AO090012000995; KEGG->GeneID:5988401; KEGG->UniProt:Q2UBH7; UniProt:Q2UBH7,False
AO090011000513,AO090011000513,AO090011000513,unchanged/exact identifier,NCBI RefSeq; KEGG; UniProt,all available sources agree,,confirmed,NCBI GeneID:5998242; RefSeq transcript:XM_001826087.3; RefSeq protein:XP_001826139.1; KEGG:aor:AO090011000513; KEGG->GeneID:5998242; KEGG->UniProt:Q2U0A9; UniProt:Q2U0A9,False
AO090103000007,AO090103000007,AO090103000007,unchanged/exact identifier,NCBI RefSeq; KEGG; UniProt,all available sources agree,,confirmed,NCBI GeneID:5998750; RefSeq transcript:XM_001826576.3; RefSeq protein:XP_001826628.1; KEGG:aor:AO090103000007; KEGG->GeneID:5998750; KEGG->UniProt:Q2TZ28; UniProt:Q2TZ28,False
AO090113000129,AO090113000129,AO090113000129,unchanged/exact identifier,NCBI RefSeq; KEGG; UniProt,all available sources agree,,confirmed,NCBI GeneID:5995959; RefSeq transcript:XM_001824260.3; RefSeq protein:XP_001824312.1; KEGG:aor:AO090113000129; KEGG->GeneID:5995959; KEGG->UniProt:Q2U5I6; UniProt:Q2U5I6,False
AO090010000311,AO090010000311,AO090010000311,unchanged/exact identifier,NCBI RefSeq; KEGG; UniProt,all available sources agree,,confirmed,NCBI GeneID:5999461; RefSeq transcript:XM_001827275.3; RefSeq protein:XP_001827327.3; KEGG:aor:AO090010000311; KEGG->GeneID:5999461; KEGG->UniProt:Q2TX29; UniProt:Q2TX29,False
AO090005001482,AO090005001482,AO090005001482,unchanged/exact identifier,NCBI RefSeq; KEGG; UniProt,all available sources agree,,confirmed,NCBI GeneID:5990348; RefSeq transcript:XM_001818351.3; RefSeq protein:XP_001818403.3; KEGG:aor:AO090005001482; KEGG->GeneID:5990348; KEGG->UniProt:Q2UPW4; UniProt:Q2UPW4,False
AO090038000562,AO090038000562,AO090038000562,unchanged/exact identifier,NCBI RefSeq; KEGG; UniProt,all available sources agree,,confirmed,NCBI GeneID:5997558; RefSeq transcript:XM_001825411.3; RefSeq protein:XP_001825463.1; KEGG:aor:AO090038000562; KEGG->GeneID:5997558; KEGG->UniProt:Q2U285; UniProt:Q2U285,False
AO090103000069,AO090103000069,AO090103000069,unchanged/exact identifier,NCBI RefSeq; KEGG; UniProt,all available sources agree,,confirmed,NCBI GeneID:5998803; RefSeq transcript:XM_023233462.1; RefSeq protein:XP_023093796.1; KEGG:aor:AO090103000069; KEGG->GeneID:5998803; KEGG->UniProt:Q2TYX5; UniProt:Q2TYX5,False
AO090003000421,AO090003000421,AO090003000421,unchanged/exact identifier,NCBI RefSeq; KEGG; UniProt,all available sources agree,,confirmed,NCBI GeneID:5991586; RefSeq transcript:XM_001819551.3; RefSeq protein:XP_001819603.1; KEGG:aor:AO090003000421; KEGG->GeneID:5991586; KEGG->UniProt:Q2ULG4; UniProt:Q2ULG4,False
AO090020000592,AO090020000592,AO090020000592,unchanged/exact identifier,NCBI RefSeq; KEGG; UniProt,all available sources agree,,confirmed,NCBI GeneID:5996971; RefSeq transcript:XM_023237926.1; RefSeq protein:XP_023092907.1; KEGG:aor:AO090020000592; KEGG->GeneID:5996971; KEGG->UniProt:Q2U3W3; UniProt:Q2U3W3,False
AO090023000690,AO090023000690,AO090023000690,unchanged/exact identifier,NCBI RefSeq; KEGG; UniProt,all available sources agree,,confirmed,NCBI GeneID:5993210; RefSeq transcript:XM_023235717.1; RefSeq protein:XP_023090713.1; KEGG:aor:AO090023000690; KEGG->GeneID:5993210; KEGG->UniProt:Q2UGV9; UniProt:Q2UGV9,False
AO090012000240,AO090012000240,AO090012000240,unchanged/exact identifier,NCBI RefSeq; KEGG; UniProt,all available sources agree,,confirmed,NCBI GeneID:5987764; RefSeq transcript:XM_001727238.3; RefSeq protein:XP_001727290.1; KEGG:aor:AO090012000240; KEGG->GeneID:5987764; KEGG->UniProt:Q2UDB4; UniProt:Q2UDB4,False
AO090038000561,AO090038000561,AO090038000561,unchanged/exact identifier,NCBI RefSeq; KEGG; UniProt,all available sources agree,,confirmed,NCBI GeneID:5997557; RefSeq transcript:XM_001825410.1; RefSeq protein:XP_001825462.1; KEGG:aor:AO090038000561; KEGG->GeneID:5997557; KEGG->UniProt:Q2U286; UniProt:Q2U286,False
AO090120000250,AO090120000250,AO090120000250,unchanged/exact identifier,NCBI RefSeq; KEGG; UniProt,all available sources agree,,confirmed,NCBI GeneID:5996246; RefSeq transcript:XM_023237665.1; RefSeq protein:XP_023092473.1; KEGG:aor:AO090120000250; KEGG->GeneID:5996246; KEGG->UniProt:Q2U6G1; UniProt:Q2U6G1,False
AO090102000487,AO090102000487,AO090102000487,unchanged/exact identifier,NCBI RefSeq; KEGG; UniProt,all available sources agree,,confirmed,NCBI GeneID:5994698; RefSeq transcript:XM_001822601.1; RefSeq protein:XP_001822653.1; KEGG:aor:AO090102000487; KEGG->GeneID:5994698; KEGG->UniProt:Q2UA95; UniProt:Q2UA95,False
AO090003001228,AO090003001228,AO090003001228,unchanged/exact identifier,NCBI RefSeq; KEGG; UniProt,all available sources agree,,confirmed,NCBI GeneID:5992286; RefSeq transcript:XM_001820251.3; RefSeq protein:XP_001820303.1; KEGG:aor:AO090003001228; KEGG->GeneID:5992286; KEGG->UniProt:Q2UJG4; UniProt:Q2UJG4,False
AO090023000078,AO090023000078,AO090023000078,unchanged/exact identifier,NCBI RefSeq; KEGG; UniProt,all available sources agree,,confirmed,NCBI GeneID:5992668; RefSeq transcript:XM_001820614.3; RefSeq protein:XP_001820666.3; KEGG:aor:AO090023000078; KEGG->GeneID:5992668; KEGG->UniProt:Q2UIF1; UniProt:Q2UIF1,False
AO090012000873,AO090012000873,AO090012000873,unchanged/exact identifier,NCBI RefSeq; KEGG; UniProt,all available sources agree,,confirmed,NCBI GeneID:5988294; RefSeq transcript:XM_023236670.1; RefSeq protein:XP_023091574.1; KEGG:aor:AO090012000873; KEGG->GeneID:5988294; KEGG->UniProt:Q2UBT4; UniProt:Q2UBT4,False
AO090701000055,AO090701000055,AO090701000055,unchanged/exact identifier,NCBI RefSeq; KEGG; UniProt,all available sources agree,,confirmed,NCBI GeneID:5995005; RefSeq transcript:XM_001822896.3; RefSeq protein:XP_001822948.1; KEGG:aor:AO090701000055; KEGG->GeneID:5995005; KEGG->UniProt:Q2U9F0; UniProt:Q2U9F0,False
AO090011000833,AO090011000833,AO090011000833,unchanged/exact identifier,NCBI RefSeq; KEGG; UniProt,all available sources agree,,confirmed,NCBI GeneID:5998510; RefSeq transcript:XM_001826355.1; RefSeq protein:XP_001826407.1; KEGG:aor:AO090011000833; KEGG->GeneID:5998510; KEGG->UniProt:Q2TZJ1; UniProt:Q2TZJ1,False
AO090120000403,AO090120000403,AO090120000403,unchanged/exact identifier,NCBI RefSeq; KEGG; UniProt,all available sources agree,,confirmed,NCBI GeneID:5996377; RefSeq transcript:XM_001824066.1; RefSeq protein:XP_001824118.1; KEGG:aor:AO090120000403; KEGG->GeneID:5996377; KEGG->UniProt:Q2U630; UniProt:Q2U630,False
AO090701000012,AO090701000012,AO090701000012,unchanged/exact identifier,NCBI RefSeq; KEGG; UniProt,all available sources agree,,confirmed,NCBI GeneID:5994965; RefSeq transcript:XM_001822856.3; RefSeq protein:XP_001822908.1; KEGG:aor:AO090701000012; KEGG->GeneID:5994965; KEGG->UniProt:Q2U9J0; UniProt:Q2U9J0,False
AO090005001065,AO090005001065,AO090005001065,unchanged/exact identifier,NCBI RefSeq; KEGG; UniProt,all available sources agree,,confirmed,NCBI GeneID:5989989; RefSeq transcript:XM_001817992.3; RefSeq protein:XP_001818044.1; KEGG:aor:AO090005001065; KEGG->GeneID:5989989; KEGG->UniProt:Q2UQX3; UniProt:Q2UQX3,False
AO090009000281,AO090009000281,AO090009000281,unchanged/exact identifier,NCBI RefSeq; KEGG; UniProt,all available sources agree,,confirmed,NCBI GeneID:5988693; RefSeq transcript:XM_001816711.3; RefSeq protein:XP_001816763.1; KEGG:aor:AO090009000281; KEGG->GeneID:5988693; KEGG->UniProt:Q2UUK4; UniProt:Q2UUK4,False
AO090005000840,AO090005000840,AO090005000840,unchanged/exact identifier,NCBI RefSeq; KEGG; UniProt,all available sources agree,,confirmed,NCBI GeneID:5989799; RefSeq transcript:XM_001817802.3; RefSeq protein:XP_001817854.1; KEGG:aor:AO090005000840; KEGG->GeneID:5989799; KEGG->UniProt:Q2URG3; UniProt:Q2URG3,False
AO090009000287,AO090009000287,AO090009000287,unchanged/exact identifier,NCBI RefSeq; KEGG; UniProt,all available sources agree,,confirmed,NCBI GeneID:5988698; RefSeq transcript:XM_023234590.1; RefSeq protein:XP_023088595.1; KEGG:aor:AO090009000287; KEGG->GeneID:5988698; UniProt:Q2UUJ9,False
AO090012000248,AO090012000248,AO090012000248,unchanged/exact identifier,NCBI RefSeq; KEGG; UniProt,all available sources agree,,confirmed,NCBI GeneID:5987770; RefSeq transcript:XM_001727244.3; RefSeq protein:XP_001727296.3; KEGG:aor:AO090012000248; KEGG->GeneID:5987770; UniProt:Q2UDA8,False
AO090701000588,AO090701000588,AO090701000588,unchanged/exact identifier,NCBI RefSeq; KEGG; UniProt,all available sources agree,,confirmed,NCBI GeneID:5995470; RefSeq transcript:XM_001823361.1; RefSeq protein:XP_001823413.1; KEGG:aor:AO090701000588; KEGG->GeneID:5995470; KEGG->UniProt:Q2U835; UniProt:Q2U835,False
AO090102000609,AO090102000609,AO090102000609,unchanged/exact identifier,NCBI RefSeq; KEGG; UniProt,all available sources agree,,confirmed,NCBI GeneID:5994802; RefSeq transcript:XM_001822705.1; RefSeq protein:XP_001822757.1; KEGG:aor:AO090102000609; KEGG->GeneID:5994802; KEGG->UniProt:Q2U9Z1; UniProt:Q2U9Z1,False
AO090103000399,AO090103000399,AO090103000399,unchanged/exact identifier,NCBI RefSeq; KEGG; UniProt,all available sources agree,,confirmed,NCBI GeneID:5999085; RefSeq transcript:XM_023233293.1; RefSeq protein:XP_023093950.1; KEGG:aor:AO090103000399; KEGG->GeneID:5999085; KEGG->UniProt:Q2TY43; UniProt:Q2TY43,False
AO090102000527,AO090102000527,AO090102000527,unchanged/exact identifier,NCBI RefSeq; KEGG; UniProt,all available sources agree,,confirmed,NCBI GeneID:5994730; RefSeq transcript:XM_023236777.1; RefSeq protein:XP_023091858.1; KEGG:aor:AO090102000527; KEGG->GeneID:5994730; KEGG->UniProt:Q2UA63; UniProt:Q2UA63,False
AO090011000379,AO090011000379,AO090011000379,unchanged/exact identifier,NCBI RefSeq; KEGG; UniProt,all available sources agree,,confirmed,NCBI GeneID:5998126; RefSeq transcript:XM_023232915.1; RefSeq protein:XP_023093474.1; KEGG:aor:AO090011000379; KEGG->GeneID:5998126; KEGG->UniProt:Q2U0M5; UniProt:Q2U0M5,False
AO090005000853,AO090005000853,AO090005000853,unchanged/exact identifier,NCBI RefSeq; KEGG; UniProt,all available sources agree,,confirmed,NCBI GeneID:5989810; RefSeq transcript:XM_001817813.3; RefSeq protein:XP_001817865.1; KEGG:aor:AO090005000853; KEGG->GeneID:5989810; KEGG->UniProt:Q2URF2; UniProt:Q2URF2,False
AO090023000839,AO090023000839,AO090023000839,unchanged/exact identifier,NCBI RefSeq; KEGG; UniProt,all available sources agree,,confirmed,NCBI GeneID:5993344; RefSeq transcript:XM_023235788.1; RefSeq protein:XP_023090775.1; KEGG:aor:AO090023000839; KEGG->GeneID:5993344; KEGG->UniProt:Q2UGH5; UniProt:Q2UGH5,False
AO090011000678,AO090011000678,AO090011000678,unchanged/exact identifier,NCBI RefSeq; KEGG; UniProt,all available sources agree,,confirmed,NCBI GeneID:5998375; RefSeq transcript:XM_001826220.3; RefSeq protein:XP_001826272.3; KEGG:aor:AO090011000678; KEGG->GeneID:5998375; KEGG->UniProt:Q2TZX6; UniProt:Q2TZX6,False
AO090038000558,AO090038000558,AO090038000558,unchanged/exact identifier,NCBI RefSeq; KEGG; UniProt,all available sources agree,,confirmed,NCBI GeneID:5997556; RefSeq transcript:XM_023238235.1; RefSeq protein:XP_023093185.1; KEGG:aor:AO090038000558; KEGG->GeneID:5997556; UniProt:Q2U287,False
AO090026000428,AO090026000428,AO090026000428,unchanged/exact identifier,NCBI RefSeq; KEGG; UniProt,all available sources agree,,confirmed,NCBI GeneID:5993910; RefSeq transcript:XM_023236067.1; RefSeq protein:XP_023091032.1; KEGG:aor:AO090026000428; KEGG->GeneID:5993910; KEGG->UniProt:Q2UEY5; UniProt:Q2UEY5,False
AO090012000504,AO090012000504,AO090012000504,unchanged/exact identifier,NCBI RefSeq; KEGG; UniProt,all available sources agree,,confirmed,NCBI GeneID:5987984; RefSeq transcript:XM_023236512.1; RefSeq protein:XP_023091431.1; KEGG:aor:AO090012000504; KEGG->GeneID:5987984; KEGG->UniProt:Q2UCP4; UniProt:Q2UCP4,False
AO090113000014,AO090113000014,AO090113000014,unchanged/exact identifier,NCBI RefSeq; KEGG; UniProt,all available sources agree,,confirmed,NCBI GeneID:5995860; RefSeq transcript:XM_001824161.3; RefSeq protein:XP_001824213.1; KEGG:aor:AO090113000014; KEGG->GeneID:5995860; KEGG->UniProt:Q2U5T5; UniProt:Q2U5T5,False
AO090023000864,AO090023000864,AO090023000864,unchanged/exact identifier,NCBI RefSeq; KEGG; UniProt,all available sources agree,,confirmed,NCBI GeneID:5993367; RefSeq transcript:XM_001821313.3; RefSeq protein:XP_001821365.1; KEGG:aor:AO090023000864; KEGG->GeneID:5993367; KEGG->UniProt:Q2UGF2; UniProt:Q2UGF2,False
AO090026000605,AO090026000605,AO090026000605,unchanged/exact identifier,NCBI RefSeq; KEGG; UniProt,all available sources agree,,confirmed,NCBI GeneID:5994061; RefSeq transcript:XM_023235995.1; RefSeq protein:XP_023091094.1; KEGG:aor:AO090026000605; KEGG->GeneID:5994061; KEGG->UniProt:Q2UEI4; UniProt:Q2UEI4,False
AO090011000398,AO090011000398,AO090011000398,unchanged/exact identifier,NCBI RefSeq; KEGG; UniProt,all available sources agree,,confirmed,NCBI GeneID:5998141; RefSeq transcript:XM_023232930.1; RefSeq protein:XP_023093487.1; KEGG:aor:AO090011000398; KEGG->GeneID:5998141; KEGG->UniProt:Q2U0L0; UniProt:Q2U0L0,False
AO090102000348,AO090102000348,AO090102000348,unchanged/exact identifier,NCBI RefSeq; KEGG; UniProt,all available sources agree,,confirmed,NCBI GeneID:5994587; RefSeq transcript:XM_001822490.3; RefSeq protein:XP_001822542.3; KEGG:aor:AO090102000348; KEGG->GeneID:5994587; KEGG->UniProt:Q2UAK6; UniProt:Q2UAK6,False
AO090113000006,AO090113000006,AO090113000006,unchanged/exact identifier,NCBI RefSeq; KEGG; UniProt,all available sources agree,,confirmed,NCBI GeneID:5995853; RefSeq transcript:XM_001824154.3; RefSeq protein:XP_001824206.1; KEGG:aor:AO090113000006; KEGG->GeneID:5995853; KEGG->UniProt:Q2U5U2; UniProt:Q2U5U2,False
AO090701000263,AO090701000263,AO090701000263,unchanged/exact identifier,NCBI RefSeq; KEGG; UniProt,all available sources agree,,confirmed,NCBI GeneID:5995186; RefSeq transcript:XM_001823077.1; RefSeq protein:XP_001823129.1; KEGG:aor:AO090701000263; KEGG->GeneID:5995186; KEGG->UniProt:Q2U8W9; UniProt:Q2U8W9,False
AO090023000765,AO090023000765,AO090023000765,unchanged/exact identifier,NCBI RefSeq; KEGG; UniProt,all available sources agree,,confirmed,NCBI GeneID:5993274; RefSeq transcript:XM_023235749.1; RefSeq protein:XP_023090741.1; KEGG:aor:AO090023000765; KEGG->GeneID:5993274; KEGG->UniProt:Q2UGP5; UniProt:Q2UGP5,False
AO090012000925,AO090012000925,AO090012000925,unchanged/exact identifier,NCBI RefSeq; KEGG; UniProt,all available sources agree,,confirmed,NCBI GeneID:5988339; RefSeq transcript:XM_023236691.1; RefSeq protein:XP_023091594.1; KEGG:aor:AO090012000925; KEGG->GeneID:5988339; KEGG->UniProt:Q2UBN9; UniProt:Q2UBN9,False
AO090026000225,AO090026000225,AO090026000225,unchanged/exact identifier,NCBI RefSeq; KEGG; UniProt,all available sources agree,,confirmed,NCBI GeneID:5993737; RefSeq transcript:XM_001821657.3; RefSeq protein:XP_001821709.1; KEGG:aor:AO090026000225; KEGG->GeneID:5993737; KEGG->UniProt:Q2UFF8; UniProt:Q2UFF8,False
AO090003000586,AO090003000586,AO090003000586,unchanged/exact identifier,NCBI RefSeq; KEGG; UniProt,all available sources agree,,confirmed,NCBI GeneID:5991735; RefSeq transcript:XM_001819700.1; RefSeq protein:XP_001819752.1; KEGG:aor:AO090003000586; KEGG->GeneID:5991735; KEGG->UniProt:Q2UL15; UniProt:Q2UL15,False
AO090005001298,AO090005001298,AO090005001298,unchanged/exact identifier,NCBI RefSeq; KEGG; UniProt,all available sources agree,,confirmed,NCBI GeneID:5990180; RefSeq transcript:XM_023238188.1; RefSeq protein:XP_023089305.1; KEGG:aor:AO090005001298; KEGG->GeneID:5990180; KEGG->UniProt:Q2UQD2; UniProt:Q2UQD2,False
AO090003000675,AO090003000675,AO090003000675,unchanged/exact identifier,NCBI RefSeq; KEGG; UniProt,all available sources agree,,confirmed,NCBI GeneID:5991808; RefSeq transcript:XM_001819773.1; RefSeq protein:XP_001819825.1; KEGG:aor:AO090003000675; KEGG->GeneID:5991808; KEGG->UniProt:Q2UKU2; UniProt:Q2UKU2,False
AO090701000053,AO090701000053,AO090701000053,unchanged/exact identifier,NCBI RefSeq; KEGG; UniProt,all available sources agree,,confirmed,NCBI GeneID:5995003; RefSeq transcript:XM_001822894.1; RefSeq protein:XP_001822946.1; KEGG:aor:AO090701000053; KEGG->GeneID:5995003; KEGG->UniProt:Q2U9F2; UniProt:Q2U9F2,False
AO090009000311,AO090009000311,AO090009000311,unchanged/exact identifier,NCBI RefSeq; KEGG; UniProt,all available sources agree,,confirmed,NCBI GeneID:5988721; RefSeq transcript:XM_023234700.1; RefSeq protein:XP_023088604.1; KEGG:aor:AO090009000311; KEGG->GeneID:5988721; KEGG->UniProt:Q2UUH6; UniProt:Q2UUH6,False
AO090003000939,AO090003000939,AO090003000939,unchanged/exact identifier,NCBI RefSeq; KEGG; UniProt,all available sources agree,,confirmed,NCBI GeneID:5992038; RefSeq transcript:XM_001820003.3; RefSeq protein:XP_001820055.1; KEGG:aor:AO090003000939; KEGG->GeneID:5992038; KEGG->UniProt:Q2UK62; UniProt:Q2UK62,False
AO090003000609,AO090003000609,AO090003000609,unchanged/exact identifier,NCBI RefSeq; KEGG; UniProt,all available sources agree,,confirmed,NCBI GeneID:5991756; RefSeq transcript:XM_001819721.3; RefSeq protein:XP_001819773.1; KEGG:aor:AO090003000609; KEGG->GeneID:5991756; KEGG->UniProt:Q2UKZ4; UniProt:Q2UKZ4,False
AO090003000972,AO090003000972,AO090003000972,unchanged/exact identifier,NCBI RefSeq; KEGG; UniProt,all available sources agree,,confirmed,NCBI GeneID:5992067; RefSeq transcript:XM_001820032.3; RefSeq protein:XP_001820084.3; KEGG:aor:AO090003000972; KEGG->GeneID:5992067; KEGG->UniProt:Q2UK33; UniProt:Q2UK33,False
AO090009000688,AO090009000688,AO090009000688,unchanged/exact identifier,NCBI RefSeq; KEGG; UniProt,all available sources agree,,confirmed,NCBI GeneID:5989036; RefSeq transcript:XM_001817054.3; RefSeq protein:XP_001817106.3; KEGG:aor:AO090009000688; KEGG->GeneID:5989036; KEGG->UniProt:Q2UTL1; UniProt:Q2UTL1,False
AO090012000979,AO090012000979,AO090012000979,unchanged/exact identifier,NCBI RefSeq; KEGG; UniProt,all available sources agree,,confirmed,NCBI GeneID:5988389; RefSeq transcript:XM_001727863.3; RefSeq protein:XP_001727915.3; KEGG:aor:AO090012000979; KEGG->GeneID:5988389; KEGG->UniProt:Q2UBI9; UniProt:Q2UBI9,False
AO090011000795,AO090011000795,AO090011000795,unchanged/exact identifier,NCBI RefSeq; KEGG; UniProt,all available sources agree,UniProt:Q9Y8E3 (AO090011000795-A; legacy suffixed name),confirmed,NCBI GeneID:5998476; RefSeq transcript:XM_023233110.1; RefSeq protein:XP_023093645.1; KEGG:aor:AO090011000795; KEGG->GeneID:5998476; UniProt:Q2TZM5; PROPOSED CORRECTION: existing ambiguous classification -> confirmed unchanged locus,False
AO090003001144,AO090003001144,AO090003001144,unchanged/exact identifier,NCBI RefSeq; KEGG; UniProt,all available sources agree,,confirmed,NCBI GeneID:5992220; RefSeq transcript:XM_001820185.3; RefSeq protein:XP_001820237.1; KEGG:aor:AO090003001144; KEGG->GeneID:5992220; KEGG->UniProt:Q2UJN0; UniProt:Q2UJN0,False
AO090020000468,AO090020000468,AO090020000468,unchanged/exact identifier,NCBI RefSeq; KEGG; UniProt,all available sources agree,,confirmed,NCBI GeneID:5997085; RefSeq transcript:XM_001824728.1; RefSeq protein:XP_001824780.1; KEGG:aor:AO090020000468; KEGG->GeneID:5997085; KEGG->UniProt:Q2U468; UniProt:Q2U468,False
AO090003000068,AO090003000068,AO090003000068,unchanged/exact identifier,NCBI RefSeq; KEGG; UniProt,all available sources agree,,confirmed,NCBI GeneID:5991288; RefSeq transcript:XM_001819253.3; RefSeq protein:XP_001819305.1; KEGG:aor:AO090003000068; KEGG->GeneID:5991288; KEGG->UniProt:Q2UMB2; UniProt:Q2UMB2,False
AO090003000801,AO090003000801,AO090003000801,unchanged/exact identifier,NCBI RefSeq; KEGG; UniProt,all available sources agree,,confirmed,NCBI GeneID:5991920; RefSeq transcript:XM_001819885.3; RefSeq protein:XP_001819937.1; KEGG:aor:AO090003000801; KEGG->GeneID:5991920; KEGG->UniProt:Q2UKI0; UniProt:Q2UKI0,False
AO090003000506,AO090003000506,AO090003000506,unchanged/exact identifier,NCBI RefSeq; KEGG; UniProt,all available sources agree,,confirmed,NCBI GeneID:5991662; RefSeq transcript:XM_001819627.3; RefSeq protein:XP_001819679.1; KEGG:aor:AO090003000506; KEGG->GeneID:5991662; KEGG->UniProt:Q2UL88; UniProt:Q2UL88,False
AO090701000164,AO090701000164,AO090701000164,unchanged/exact identifier,NCBI RefSeq; KEGG; UniProt,all available sources agree,,confirmed,NCBI GeneID:5995098; RefSeq transcript:XM_001822989.3; RefSeq protein:XP_001823041.1; KEGG:aor:AO090701000164; KEGG->GeneID:5995098; KEGG->UniProt:Q2U957; UniProt:Q2U957,False
AO090003000038,AO090003000038,AO090003000038,unchanged/exact identifier,NCBI RefSeq; KEGG; UniProt,all available sources agree,,confirmed,NCBI GeneID:5991261; RefSeq transcript:XM_001819226.3; RefSeq protein:XP_001819278.1; KEGG:aor:AO090003000038; KEGG->GeneID:5991261; KEGG->UniProt:Q2UMD9; UniProt:Q2UMD9,False
AO090023000584,AO090023000584,AO090023000584,unchanged/exact identifier,NCBI RefSeq; KEGG; UniProt,all available sources agree,,confirmed,NCBI GeneID:5993120; RefSeq transcript:XM_023235671.1; RefSeq protein:XP_023090671.1; KEGG:aor:AO090023000584; KEGG->GeneID:5993120; KEGG->UniProt:Q2UH49; UniProt:Q2UH49,False
AO090009000178,AO090009000178,AO090009000178,unchanged/exact identifier,NCBI RefSeq; KEGG; UniProt,all available sources agree,,confirmed,NCBI GeneID:5988606; RefSeq transcript:XM_001816624.3; RefSeq protein:XP_001816676.3; KEGG:aor:AO090009000178; KEGG->GeneID:5988606; KEGG->UniProt:Q2UUU1; UniProt:Q2UUU1,False
AO090005000158,AO090005000158,AO090005000158,unchanged/exact identifier,NCBI RefSeq; KEGG; UniProt,all available sources agree,,confirmed,NCBI GeneID:5989213; RefSeq transcript:XM_001817216.3; RefSeq protein:XP_001817268.1; KEGG:aor:AO090005000158; KEGG->GeneID:5989213; KEGG->UniProt:Q2UT49; UniProt:Q2UT49,False
AO090011000717,AO090011000717,AO090011000717,unchanged/exact identifier,NCBI RefSeq; KEGG; UniProt,all available sources agree,,confirmed,NCBI GeneID:5998406; RefSeq transcript:XM_001826251.3; RefSeq protein:XP_001826303.1; KEGG:aor:AO090011000717; KEGG->GeneID:5998406; KEGG->UniProt:Q2TZU5; UniProt:Q2TZU5,False
AO090023000334,AO090023000334,AO090023000334,unchanged/exact identifier,NCBI RefSeq; KEGG; UniProt,all available sources agree,,confirmed,NCBI GeneID:5992897; RefSeq transcript:XM_001820843.1; RefSeq protein:XP_001820895.1; KEGG:aor:AO090023000334; KEGG->GeneID:5992897; KEGG->UniProt:Q2UHS2; UniProt:Q2UHS2,False
AO090102000638,AO090102000638,AO090102000638,unchanged/exact identifier,NCBI RefSeq; KEGG; UniProt,all available sources agree,,confirmed,NCBI GeneID:5994828; RefSeq transcript:XM_023236739.1; RefSeq protein:XP_023091893.1; KEGG:aor:AO090102000638; KEGG->GeneID:5994828; KEGG->UniProt:Q2U9W5; UniProt:Q2U9W5,False
AO090005000880,AO090005000880,AO090005000880,unchanged/exact identifier,NCBI RefSeq; KEGG; UniProt,all available sources agree,,confirmed,NCBI GeneID:5989834; RefSeq transcript:XM_023233901.1; RefSeq protein:XP_023089136.1; KEGG:aor:AO090005000880; KEGG->GeneID:5989834; KEGG->UniProt:Q2URC8; UniProt:Q2URC8,False
AO090003000619,AO090003000619,AO090003000619,unchanged/exact identifier,NCBI RefSeq; KEGG; UniProt,all available sources agree,,confirmed,NCBI GeneID:5991766; RefSeq transcript:XM_001819731.3; RefSeq protein:XP_001819783.1; KEGG:aor:AO090003000619; KEGG->GeneID:5991766; KEGG->UniProt:Q2UKY4; UniProt:Q2UKY4,False
AO090012000273,AO090012000273,AO090012000273,unchanged/exact identifier,NCBI RefSeq; KEGG; UniProt,all available sources agree,,confirmed,NCBI GeneID:5987790; RefSeq transcript:XM_001727264.3; RefSeq protein:XP_001727316.1; KEGG:aor:AO090012000273; KEGG->GeneID:5987790; KEGG->UniProt:Q2UD88; UniProt:Q2UD88,False
AO090120000329,AO090120000329,AO090120000329,unchanged/exact identifier,NCBI RefSeq; KEGG; UniProt,all available sources agree,,confirmed,NCBI GeneID:5996313; RefSeq transcript:XM_001824002.3; RefSeq protein:XP_001824054.1; KEGG:aor:AO090120000329; KEGG->GeneID:5996313; KEGG->UniProt:Q2U694; UniProt:Q2U694,False
AO090005000965,AO090005000965,AO090005000965,unchanged/exact identifier,NCBI RefSeq; KEGG; UniProt,all available sources agree,,confirmed,NCBI GeneID:5989908; RefSeq transcript:XM_023233842.1; RefSeq protein:XP_023089176.1; KEGG:aor:AO090005000965; KEGG->GeneID:5989908; KEGG->UniProt:Q2UR54; UniProt:Q2UR54,False
AO090011000292,AO090011000292,AO090011000292,unchanged/exact identifier,NCBI RefSeq; KEGG; UniProt,all available sources agree,,confirmed,NCBI GeneID:5998048; RefSeq transcript:XM_001825893.3; RefSeq protein:XP_001825945.1; KEGG:aor:AO090011000292; KEGG->GeneID:5998048; KEGG->UniProt:Q2U0V3; UniProt:Q2U0V3,False
