record_id,ao_locus_tag,liu_ao_locus_tag,liu_source_raw,liu_table_row,gene_name,function,record_type,subsystem,subsystem_source,subsystem_confidence,subsystem_rationale,pathway_order,compartment,compartment_source,compartment_confidence,glycosylation_role,glycosylation_role_source,glycosylation_role_confidence,sig_all_three,direction_all_three,record_origin,evidence_source,yeast_ortholog,citation,mapping_status,mapping_method,manual_review_required,uniprot_accession,kegg_gene_id,kegg_ko,ncbi_gene_id
AOR00001,AO090701000065,AO090701000065,||Oliveira et al 2010-A. niger|,S1:3,,Actin ActA: cell polarity,machinery_component,,unassigned,low,Available evidence does not distinguish a primary subsystem.,,cytosol,uniprot,high,none,,,False,,liu2014,aspergillus_homolog,ACT1,10.1186/1752-0509-8-73,exact,direct AO090 locus-tag match,False,Q2U9E1,aor:AO090701000065,ko:K10355,
AOR00002,AO090003001087,AO090003001087,||Oliveira et al 2010-A. niger|,S1:4,,Co-chaperone: activator of Hsp82,machinery_component,folding,liu2014_description,medium,Specific function stated in Liu 2014 description.,40.0,ER,subsystem_inference,medium,none,,,False,,liu2014,aspergillus_homolog,AHA1,10.1186/1752-0509-8-73,exact,direct AO090 locus-tag match,False,Q2UJT1,aor:AO090003001087,ko:K26216,5992169
AOR00003,AO090011000927,AO090011000927,||Oliveira et al 2010-A. niger|,S1:5,akr1,Palmitoyl transferase,machinery_component,,unassigned,low,Available evidence does not distinguish a primary subsystem.,,unknown,uniprot_conflict,low,none,,,False,,liu2014,aspergillus_homolog,AKR1,10.1186/1752-0509-8-73,exact,direct AO090 locus-tag match,False,Q7Z8U2,,ko:K20032,
AOR00004,AO090103000403,AO090103000403,inparanoid+besthit|||,S1:6,,Dolichol pathway,machinery_component,dolichol_pathway,liu2014,high,Verified Liu 2014 Table S1 subsystem.,20.0,unknown,uniprot_conflict,low,n_glycan_assembly,liu2014,high,False,,liu2014,yeast_inference,ALG1,10.1186/1752-0509-8-73,exact,direct AO090 locus-tag match,False,Q2TY39,aor:AO090103000403,ko:K03842,5999089
AOR00005,AO090001000490,AO090001000490,inparanoid+besthit|wang et al 2010-AO||,S1:7,,"Dolichol pathway; Glycosylation/modification , Required for asparagine-linked glycosylation ",machinery_component,dolichol_pathway,liu2014,high,Verified Liu 2014 Table S1 subsystem.,20.0,unknown,uniprot_conflict,low,n_glycan_assembly,liu2014,high,False,,liu2014,yeast_inference,ALG11,10.1186/1752-0509-8-73,exact,direct AO090 locus-tag match,False,Q2UN63,aor:AO090001000490,ko:K03844,5990975
AOR00006,AO090009000318,AO090009000318,inparanoid+besthit|||,S1:8,,Dolichol pathway,machinery_component,dolichol_pathway,liu2014,high,Verified Liu 2014 Table S1 subsystem.,20.0,unknown,uniprot_conflict,low,n_glycan_assembly,liu2014,high,False,,liu2014,yeast_inference,ALG12,10.1186/1752-0509-8-73,exact,direct AO090 locus-tag match,False,Q2UUG9,aor:AO090009000318,ko:K03847,5988728
AOR00007,AO090009000234,AO090009000234,inparanoid+besthit|||,S1:9,ALG13,Dolichol pathway,machinery_component,dolichol_pathway,liu2014_description,medium,Specific function stated in Liu 2014 description.,20.0,ER,uniprot,high,n_glycan_assembly,liu2014_description,medium,False,,liu2014,yeast_inference,ALG13,10.1186/1752-0509-8-73,exact,direct AO090 locus-tag match,False,Q2UUP4,aor:AO090009000234,ko:K07432,5988653
AOR00008,AO090120000461,AO090120000461,inparanoid+besthit|wang et al 2010-AO||,S1:10,,"Dolichol pathway; Glycosylation/modification, mannosyltransferase ",machinery_component,dolichol_pathway,liu2014,high,Verified Liu 2014 Table S1 subsystem.,20.0,unknown,uniprot_conflict,low,n_glycan_assembly,liu2014,high,True,up,liu2014,yeast_inference,ALG2,10.1186/1752-0509-8-73,exact,direct AO090 locus-tag match,False,Q2U5Y1,aor:AO090120000461,ko:K03843,5996426
AOR00009,AO090120000319,AO090120000319,inparanoid+besthit|||Kuratsu et al 2007-AO SNARE,S1:11,alg3,Dolichol pathway,machinery_component,dolichol_pathway,liu2014,high,Verified Liu 2014 Table S1 subsystem.,20.0,unknown,uniprot_conflict,low,n_glycan_assembly,liu2014,high,False,,liu2014,yeast_inference,ALG3,10.1186/1752-0509-8-73,exact,direct AO090 locus-tag match,False,Q2U6A4,aor:AO090120000319,ko:K03845,5996303
AOR00010,AO090701000739,AO090701000739,inparanoid+besthit|wang et al 2010-AO||,S1:12,,"Dolichol pathway; Glycosylation/modification , dolichyl-phosphate glucosyltransferase ",machinery_component,dolichol_pathway,liu2014,high,Verified Liu 2014 Table S1 subsystem.,20.0,unknown,uniprot_conflict,low,n_glycan_assembly,liu2014,high,True,up,liu2014,yeast_inference,ALG5,10.1186/1752-0509-8-73,exact,direct AO090 locus-tag match,False,Q2U7Q9,aor:AO090701000739,ko:K00729,5995596
AOR00011,AO090020000410,AO090020000410,inparanoid+besthit|wang et al 2010-AO||,S1:13,,"Dolichol pathway; Glycosylation/modification , glucosyltransferase ",machinery_component,dolichol_pathway,liu2014,high,Verified Liu 2014 Table S1 subsystem.,20.0,unknown,uniprot_conflict,low,n_glycan_assembly,liu2014,high,False,,liu2014,yeast_inference,ALG6,10.1186/1752-0509-8-73,exact,direct AO090 locus-tag match,False,Q2U4B6,aor:AO090020000410,ko:K03848,5996818
AOR00012,AO090026000526,AO090026000526,inparanoid+besthit|wang et al 2010-AO||,S1:14,,"Dolichol pathway; Glycosylation/modification ,  N-acetyl-glucosaminephosphotransferase ",machinery_component,dolichol_pathway,liu2014,high,Verified Liu 2014 Table S1 subsystem.,20.0,unknown,uniprot_conflict,low,n_glycan_assembly,liu2014,high,True,up,liu2014,yeast_inference,ALG7,10.1186/1752-0509-8-73,exact,direct AO090 locus-tag match,False,Q2UEQ3,aor:AO090026000526,ko:K01001,5993992
AOR00013,AO090102000146,AO090102000146,inparanoid+besthit|||,S1:15,alg8,Dolichol pathway,machinery_component,dolichol_pathway,liu2014,high,Verified Liu 2014 Table S1 subsystem.,20.0,unknown,uniprot_conflict,low,n_glycan_assembly,liu2014,high,False,,liu2014,yeast_inference,ALG8,10.1186/1752-0509-8-73,exact,direct AO090 locus-tag match,False,Q2UB20,aor:AO090102000146,ko:K03849,5994423
AOR00014,AO090012000489,AO090012000489,inparanoid+besthit|wang et al 2010-AO||,S1:16,,"Dolichol pathway; Glycosylation/modification , mannosyltransferase ",machinery_component,dolichol_pathway,liu2014_description,medium,Specific function stated in Liu 2014 description.,20.0,unknown,uniprot_conflict,low,n_glycan_assembly,liu2014_description,medium,False,,liu2014,yeast_inference,ALG9,10.1186/1752-0509-8-73,exact,direct AO090 locus-tag match,False,Q2UCQ6,aor:AO090012000489,ko:K03846,5987972
AOR00015,AO090005001458,AO090005001458,|wang et al 2010-AO||,S1:17,,"CPY; Vacuolar protein sorting ,  vacuolar α-mannosidase",machinery_component,cpy_pathway,liu2014_description,medium,Specific function stated in Liu 2014 description.,120.0,vacuole,subsystem_inference,medium,n_glycan_trimming,liu_description_or_current_annotation,medium,False,,liu2014,unknown,AMS1,10.1186/1752-0509-8-73,exact,direct AO090 locus-tag match,False,Q2UPY6,aor:AO090005001458,ko:K01191,
AOR00016,AO090023000901,AO090023000901,||Oliveira et al (2010)|,S1:18,,MTC complex subunit,machinery_component,golgi_processing,yeast_scaffold,medium,Unique match in the original yeast secretory-system scaffold.,90.0,unknown,uniprot_conflict,low,none,,,False,,liu2014,aspergillus_homolog,ANP1,10.1186/1752-0509-8-73,exact,direct AO090 locus-tag match,False,Q2UGB7,aor:AO090023000901,,5993402
AOR00017,AO090012000213,AO090012000213,inparanoid+besthit|||,S1:19,,Golgi processing/ERADC,machinery_component,golgi_processing,liu2014,high,Verified Liu 2014 Table S1 subsystem.,90.0,unknown,uniprot_conflict,low,golgi_mannosylation,kegg_ko,medium,False,,liu2014,yeast_inference,ANP1/VAN1,10.1186/1752-0509-8-73,exact,direct AO090 locus-tag match,False,Q2UDD7,aor:AO090012000213,ko:K05533,5987741
AOR00018,AO090005001357,AO090005001357,inparanoid+besthit|||,S1:20,,"CPY pathway, HDSV",machinery_component,,unassigned,low,Available evidence does not distinguish a primary subsystem.,,membrane,uniprot,high,none,,,False,,liu2014,yeast_inference,APL2,10.1186/1752-0509-8-73,exact,direct AO090 locus-tag match,True,Q2UQ81,aor:AO090005001357,ko:K12392,5990231
AOR00019,AO090206000061,AO090206000061,|wang et al 2010-AO||,S1:21,,"ALPpathway; Cellular export and secretion , vesicle coat complex AP-2, alpha subunit",machinery_component,,unassigned,low,Available evidence does not distinguish a primary subsystem.,,unknown,uniprot_conflict,low,none,,,False,,liu2014,unknown,APL3,10.1186/1752-0509-8-73,exact,direct AO090 locus-tag match,False,Q2PIU2,aor:AO090206000061,ko:K11824,5998681
AOR00020,AO090009000481,AO090009000481,inparanoid+besthit|||Kuratsu et al 2007-AO SNARE,S1:22,,"CPY pathway, HDSV",machinery_component,,unassigned,low,Available evidence does not distinguish a primary subsystem.,,unknown,uniprot_conflict,low,none,,,False,,liu2014,yeast_inference,APL4,10.1186/1752-0509-8-73,exact,direct AO090 locus-tag match,True,Q2UU30,aor:AO090009000481,ko:K12391,5988867
AOR00021,AO090673000002,AO090673000002,inparanoid+besthit|||,S1:23,,ALPpathway,machinery_component,alp_pathway,yeast_scaffold,medium,Unique match in the original yeast secretory-system scaffold.,130.0,vacuole,subsystem_inference,medium,none,,,False,,liu2014,yeast_inference,APL5,10.1186/1752-0509-8-73,exact,direct AO090 locus-tag match,False,,,ko:K12396,
AOR00022,AO090026000703,AO090026000703,inparanoid+besthit|||,S1:24,,ALPpathway,machinery_component,alp_pathway,yeast_scaffold,medium,Unique match in the original yeast secretory-system scaffold.,130.0,membrane,uniprot,high,none,,,False,,liu2014,yeast_inference,APL6,10.1186/1752-0509-8-73,exact,direct AO090 locus-tag match,False,Q2UEA1,aor:AO090026000703,ko:K12397,5994144
AOR00023,AO090020000601,AO090020000601,inparanoid+besthit|||,S1:25,,"CPY pathway, HDSV",machinery_component,,unassigned,low,Available evidence does not distinguish a primary subsystem.,,membrane,uniprot,high,none,,,False,,liu2014,yeast_inference,APM1,10.1186/1752-0509-8-73,exact,direct AO090 locus-tag match,True,Q2U3V6,aor:AO090020000601,ko:K12393,5996978
AOR00024,AO090009000223,AO090009000223,bhits|||,S1:26,,ALPpathway,machinery_component,alp_pathway,yeast_scaffold,medium,Unique match in the original yeast secretory-system scaffold.,130.0,vacuole,subsystem_inference,medium,none,,,False,,liu2014,unknown,APM3,10.1186/1752-0509-8-73,exact,direct AO090 locus-tag match,False,Q2UUQ3,aor:AO090009000223,ko:K12398,5988644
AOR00025,AO090003000425,AO090003000425,inparanoid+besthit|||,S1:27,,ALPpathway,machinery_component,alp_pathway,yeast_scaffold,medium,Unique match in the original yeast secretory-system scaffold.,130.0,membrane,uniprot,high,none,,,False,,liu2014,yeast_inference,APS3,10.1186/1752-0509-8-73,exact,direct AO090 locus-tag match,False,Q2ULG0,aor:AO090003000425,ko:K12399,5991590
AOR00026,AO090003001338,AO090003001338,||Oliveira et al 2010-A. niger|,S1:28,,"Structural, ARP2/3 complex",machinery_component,,unassigned,low,Available evidence does not distinguish a primary subsystem.,,cytosol,uniprot,high,none,,,False,,liu2014,aspergillus_homolog,ARC18,10.1186/1752-0509-8-73,exact,direct AO090 locus-tag match,False,Q2UJ67,aor:AO090003001338,ko:K05756,5992383
AOR00027,AO090005000825,AO090005000825,||Oliveira et al 2010-A. niger|,S1:29,,"Structural, ARP2/3 complex",machinery_component,,unassigned,low,Available evidence does not distinguish a primary subsystem.,,cytosol,uniprot,high,none,,,False,,liu2014,aspergillus_homolog,ARC35,10.1186/1752-0509-8-73,exact,direct AO090 locus-tag match,False,Q2URH6,aor:AO090005000825,ko:K05758,5989786
AOR00028,AO090038000254,AO090038000254,inparanoid+besthit|wang et al 2010-AO|Oliveira et al 2010-A. niger|,S1:30,,"ARF GTPase; Vesicular transport of proteins between ER and Golgi, ADP-ribosylation factor ",machinery_component,copii,liu2014,high,Verified Liu 2014 Table S1 subsystem.,70.0,Golgi,uniprot,high,none,,,False,,liu2014,aspergillus_homolog,ARF2/ARF1,10.1186/1752-0509-8-73,exact,direct AO090 locus-tag match,False,Q2U2Z8,aor:AO090038000254,ko:K07937,
AOR00029,AO090005000978,AO090005000978,|wang et al 2010-AO||,S1:31,,"COPI; Cellular export and secretion , ADP-ribosylation factor-like protein, ras ",machinery_component,copi,liu2014,high,Verified Liu 2014 Table S1 subsystem.,80.0,vesicle,subsystem_inference,medium,none,,,False,,liu2014,unknown,ARL3 ,10.1186/1752-0509-8-73,exact,direct AO090 locus-tag match,False,Q2UR43,aor:AO090005000978,ko:K07952,5989919
AOR00030,AO090012000548,AO090012000548,||Oliveira et al 2010-A. niger|,S1:32,,Arp2/3 complex,machinery_component,,unassigned,low,Available evidence does not distinguish a primary subsystem.,,cytosol,uniprot,high,none,,,False,,liu2014,aspergillus_homolog,ARP2,10.1186/1752-0509-8-73,exact,direct AO090 locus-tag match,False,Q2UCK6,aor:AO090012000548,ko:K17260,5988022
AOR00031,AO090026000672,AO090026000672,||Oliveira et al 2010-A. niger|,S1:33,,Arp2/3 complex,machinery_component,,unassigned,low,Available evidence does not distinguish a primary subsystem.,,cytosol,uniprot,high,none,,,False,,liu2014,aspergillus_homolog,ARP3,10.1186/1752-0509-8-73,exact,direct AO090 locus-tag match,False,Q2UEC7,aor:AO090026000672,ko:K18584,5994118
AOR00032,AO090005001206,AO090005001206,bhits|||,S1:34,,Autophagy,machinery_component,,unassigned,low,Available evidence does not distinguish a primary subsystem.,,unknown,uniprot_conflict,low,none,,,False,,liu2014,unknown,ATG27,10.1186/1752-0509-8-73,exact,direct AO090 locus-tag match,False,Q2UQK8,aor:AO090005001206,ko:K21141,5990517
AOR00033,AO090012000993,AO090012000993,inparanoid+besthit|||,S1:35,,COPII,machinery_component,copii,liu2014,high,Verified Liu 2014 Table S1 subsystem.,70.0,unknown,uniprot_conflict,low,none,,,False,,liu2014,yeast_inference,BET1,10.1186/1752-0509-8-73,exact,direct AO090 locus-tag match,False,Q2UBH9,aor:AO090012000993,ko:K08504,5988399
AOR00034,AO090038000605,AO090038000605,inparanoid+besthit|||,S1:36,,COPII,machinery_component,copii,liu2014_description,medium,Specific function stated in Liu 2014 description.,70.0,unknown,uniprot_conflict,low,none,,,False,,liu2014,yeast_inference,BET3,10.1186/1752-0509-8-73,exact,direct AO090 locus-tag match,False,Q2U247,aor:AO090038000605,ko:K20302,5997596
AOR00035,AO090003001153,AO090003001153,|wang et al 2010-AO||,S1:37,,"Vesicular transport of proteins between ER and Golgi, geranylgeranyltransferase, α SU ",machinery_component,,unassigned,low,Available evidence does not distinguish a primary subsystem.,,unknown,unassigned,low,none,,,False,,liu2014,unknown,BET4 ,10.1186/1752-0509-8-73,exact,direct AO090 locus-tag match,False,Q2UJM2,aor:AO090003001153,ko:K14050,5992228
AOR00036,AO090009000664,AO090009000664,inparanoid+besthit|||,S1:38,,COPII,machinery_component,copii,liu2014_description,medium,Specific function stated in Liu 2014 description.,70.0,unknown,uniprot_conflict,low,none,,,False,,liu2014,yeast_inference,BET5,10.1186/1752-0509-8-73,exact,direct AO090 locus-tag match,False,Q2UTN3,aor:AO090009000664,ko:K20300,5989014
AOR00037,AO090003000749,AO090003000749,bhits|||,S1:39,,Structural: cortical microtubule capture,machinery_component,,unassigned,low,Available evidence does not distinguish a primary subsystem.,,cytosol,uniprot,high,none,,,False,,liu2014,unknown,BIM1,10.1186/1752-0509-8-73,exact,direct AO090 locus-tag match,False,Q2UKM5,aor:AO090003000749,ko:K10436,
AOR00038,AO090003001091,AO090003001091,||Oliveira et al 2010-A. niger|,S1:40,,Proteasome regulator,machinery_component,,unassigned,low,Available evidence does not distinguish a primary subsystem.,,cytosol,uniprot,high,none,,,False,,liu2014,aspergillus_homolog,BLM10,10.1186/1752-0509-8-73,exact,direct AO090 locus-tag match,False,Q2UJS8,aor:AO090003001091,ko:K06699,5992172
AOR00039,AO090120000257,AO090120000257,||Oliveira et al 2010-A. niger|,S1:41,,Similar to ArtA: exocytosis,machinery_component,,unassigned,low,Available evidence does not distinguish a primary subsystem.,,unknown,unassigned,low,none,,,False,,liu2014,aspergillus_homolog,BMH1,10.1186/1752-0509-8-73,exact,direct AO090 locus-tag match,False,Q2U6F5,aor:AO090120000257,ko:K06630,
AOR00040,AO090003000053,AO090003000053,||Oliveira et al 2010-A. niger|,S1:42,,Similar to ArtA: exocytosis,machinery_component,,unassigned,low,Available evidence does not distinguish a primary subsystem.,,unknown,unassigned,low,none,,,False,,liu2014,aspergillus_homolog,BMH2,10.1186/1752-0509-8-73,exact,direct AO090 locus-tag match,False,Q2UMC6,aor:AO090003000053,ko:K06630,5991274
AOR00041,AO090005000437,AO090005000437,inparanoid+besthit|||,S1:43,,"COPII,Qb-SNARE",machinery_component,copii,liu2014,high,Verified Liu 2014 Table S1 subsystem.,70.0,unknown,uniprot_conflict,low,none,,,False,,liu2014,yeast_inference,BOS1,10.1186/1752-0509-8-73,exact,direct AO090 locus-tag match,False,Q2USG4,aor:AO090005000437,ko:K08496,5989448
AOR00042,AO090102000619,AO090102000619,||Oliveira et al 2010-A. niger|,S1:44,,Ras-GTPase-activating protein,machinery_component,,unassigned,low,Available evidence does not distinguish a primary subsystem.,,unknown,unassigned,low,none,,,False,,liu2014,aspergillus_homolog,BRE5,10.1186/1752-0509-8-73,exact,direct AO090 locus-tag match,False,Q2U9Y2,aor:AO090102000619,ko:K24983,5994811
AOR00043,AO090005000419,AO090005000419,inparanoid+besthit|||,S1:45,bst1,GPI biosynthesis,machinery_component,gpi_biosynthesis,yeast_scaffold,medium,Unique match in the original yeast secretory-system scaffold.,50.0,unknown,uniprot_conflict,low,gpi_anchor,yeast_scaffold,medium,False,,liu2014,yeast_inference,BST1,10.1186/1752-0509-8-73,exact,direct AO090 locus-tag match,False,Q2USI0,,ko:K05294,
AOR00044,AO090012000842,AO090012000842,|wang et al 2010-AO|Oliveira et al 2010-A. niger|,S1:46,,"Golgi cargo export; Cell wall biogenesis , Strong similarity to Chs6p FMP50 ",machinery_component,,unassigned,low,Available evidence does not distinguish a primary subsystem.,,unknown,unassigned,low,none,,,False,,liu2014,aspergillus_homolog,BUD7/FMP50 ,10.1186/1752-0509-8-73,exact,direct AO090 locus-tag match,False,Q2UBV9,aor:AO090012000842,ko:K19881,5988269
AOR00045,AO090012000172,AO090012000172,bhits|||,S1:47,,COPII,machinery_component,copii,liu2014_description,medium,Specific function stated in Liu 2014 description.,70.0,unknown,uniprot_conflict,low,none,,,False,,liu2014,unknown,BUG1,10.1186/1752-0509-8-73,exact,direct AO090 locus-tag match,False,Q2UDH3,aor:AO090012000172,,5987705
AOR00046,AO090003000198,AO090003000198,bhits|||,S1:48,,Cct ring complex subunit β,machinery_component,,unassigned,low,Available evidence does not distinguish a primary subsystem.,,cytosol,uniprot,high,none,,,False,,liu2014,unknown,CCT2,10.1186/1752-0509-8-73,exact,direct AO090 locus-tag match,False,Q2UM01,aor:AO090003000198,ko:K09497,5991399
AOR00047,AO090020000413,AO090020000413,||Oliveira et al 2010-A. niger|,S1:49,,Cct ring complex subunit δ,machinery_component,,unassigned,low,Available evidence does not distinguish a primary subsystem.,,cytosol,uniprot,high,none,,,False,,liu2014,aspergillus_homolog,CCT4,10.1186/1752-0509-8-73,exact,direct AO090 locus-tag match,False,Q2U4B3,aor:AO090020000413,ko:K09496,5996821
AOR00048,AO090001000471,AO090001000471,||Oliveira et al 2010-A. niger|,S1:50,,Cct ring complex subunit η,machinery_component,,unassigned,low,Available evidence does not distinguish a primary subsystem.,,cytosol,uniprot,high,none,,,False,,liu2014,aspergillus_homolog,CCT7,10.1186/1752-0509-8-73,exact,direct AO090 locus-tag match,False,Q2UN80,aor:AO090001000471,ko:K09499,5990958
AOR00049,AO090005001642,AO090005001642,||Oliveira et al 2010-A. niger|,S1:51,,Septin family protein AspD,machinery_component,,unassigned,low,Available evidence does not distinguish a primary subsystem.,,unknown,unassigned,low,none,,,False,,liu2014,aspergillus_homolog,CDC10,10.1186/1752-0509-8-73,exact,direct AO090 locus-tag match,False,Q2UPH3,aor:AO090005001642,ko:K16938,
AOR00050,AO090120000204,AO090120000204,||Oliveira et al 2010-A. niger|,S1:52,,Septin ring protein AspA,machinery_component,,unassigned,low,Available evidence does not distinguish a primary subsystem.,,unknown,unassigned,low,none,,,False,,liu2014,aspergillus_homolog,CDC11,10.1186/1752-0509-8-73,exact,direct AO090 locus-tag match,False,Q2U6K0,aor:AO090120000204,ko:K16945,
AOR00051,AO090102000511,AO090102000511,||Oliveira et al 2010-A. niger|,S1:53,,Septin ring protein,machinery_component,septin,liu2014,high,Verified Liu 2014 Table S1 subsystem.,150.0,cytosol,subsystem_inference,medium,none,,,False,,liu2014,aspergillus_homolog,CDC12,10.1186/1752-0509-8-73,exact,direct AO090 locus-tag match,False,Q2UA76,aor:AO090102000511,ko:K16948,
AOR00052,AO090102000107,AO090102000107,inparanoid+besthit|||,S1:54,,ERADL,machinery_component,erad,yeast_scaffold,medium,Unique match in the original yeast secretory-system scaffold.,60.0,cytosol,uniprot,high,none,,,False,,liu2014,yeast_inference,CDC48,10.1186/1752-0509-8-73,exact,direct AO090 locus-tag match,False,Q2UB52,aor:AO090102000107,ko:K13525,
AOR00053,AO090012001026,AO090012001026,||Oliveira et al 2010-A. niger|,S1:55,,Endosomal protein: actin patch,machinery_component,,unassigned,low,Available evidence does not distinguish a primary subsystem.,,membrane,uniprot,high,none,,,False,,liu2014,aspergillus_homolog,CDC50,10.1186/1752-0509-8-73,exact,direct AO090 locus-tag match,False,Q2UBE9,aor:AO090012001026,ko:K26935,5988429
AOR00054,AO090023000802,AO090023000802,inparanoid+besthit|||,S1:56,,CPY pathway,machinery_component,cpy_pathway,liu2014_description,medium,Specific function stated in Liu 2014 description.,120.0,unknown,uniprot_conflict,low,none,,,False,,liu2014,yeast_inference,CHC1,10.1186/1752-0509-8-73,exact,direct AO090 locus-tag match,False,Q2UGL0,aor:AO090023000802,ko:K04646,5993309
AOR00055,AO090003001230,AO090003001230,inparanoid+besthit|||,S1:57,,CPY pathway,machinery_component,cpy_pathway,liu2014,high,Verified Liu 2014 Table S1 subsystem.,120.0,unknown,uniprot_conflict,low,none,,,False,,liu2014,yeast_inference,CLC1,10.1186/1752-0509-8-73,exact,direct AO090 locus-tag match,False,Q2UJG2,aor:AO090003001230,,5992288
AOR00056,AO090009000313,AO090009000313,|wang et al 2010-AO|Oliveira et al 2010-A. niger|,S1:58,,"Glycoprotein chaperone ClxA, protein folding; Trimming and quality control of N-glycosylated folded proteins, Calnexin—chaperone, folding clxA ",machinery_component,folding,liu2014,high,Verified Liu 2014 Table S1 subsystem.,40.0,unknown,uniprot_conflict,low,n_glycan_trimming,liu_description_or_current_annotation,medium,True,up,liu2014,aspergillus_homolog,CNE1,10.1186/1752-0509-8-73,exact,direct AO090 locus-tag match,False,Q2UUH4,aor:AO090009000313,ko:K08054,
AOR00057,AO090010000480,AO090010000480,||Oliveira et al 2010-A. niger|,S1:59,,Cofilin: actin filament depolarization,machinery_component,,unassigned,low,Available evidence does not distinguish a primary subsystem.,,unknown,unassigned,low,none,,,False,,liu2014,aspergillus_homolog,COF1,10.1186/1752-0509-8-73,exact,direct AO090 locus-tag match,False,Q2TWP2,aor:AO090010000480,ko:K05765,5999598
AOR00058,AO090005001354,AO090005001354,inparanoid+besthit|wang et al 2010-AO||,S1:60,,"COPI; Vesicular transport of proteins between ER and Golgi, COPI complex, α SU ",machinery_component,copi,liu2014_description,medium,Specific function stated in Liu 2014 description.,80.0,unknown,uniprot_conflict,low,none,,,False,,liu2014,yeast_inference,COP1,10.1186/1752-0509-8-73,exact,direct AO090 locus-tag match,False,Q2UQ84,aor:AO090005001354,ko:K05236,5990228
AOR00059,AO090120000215,AO090120000215,||Oliveira et al 2010-A. niger|,S1:61,,PPIase cyclophilin CypA,machinery_component,folding,current_annotation,medium,Specific current database function annotation.,40.0,ER,subsystem_inference,medium,none,,,False,,liu2014,aspergillus_homolog,CPR1,10.1186/1752-0509-8-73,exact,direct AO090 locus-tag match,False,Q2U6J1,aor:AO090120000215,ko:K01802,
AOR00060,AO090023000811,AO090023000811,|wang et al 2010-AO|Oliveira et al (2010)|Kuratsu et al 2007-AO SNARE,S1:62,cpr2,"Protein folding/UPR , Peptidyl-prolyl cis-trans isomerase ",machinery_component,folding,liu2014,high,Verified Liu 2014 Table S1 subsystem.,40.0,ER,uniprot,high,none,,,True,up,liu2014,aspergillus_homolog,"CPR1, CPR2, CPR5 ",10.1186/1752-0509-8-73,exact,direct AO090 locus-tag match,False,Q2UGK2,,ko:K03768,
AOR00061,AO090120000486,AO090120000486,|wang et al 2010-AO||,S1:63,,"Protein folding/UPR , cyclophilin type peptidyl-prolyl cis-trans isomerase",machinery_component,folding,liu2014,high,Verified Liu 2014 Table S1 subsystem.,40.0,ER,subsystem_inference,medium,none,,,True,down,liu2014,unknown,"CPR1, CPR3 ",10.1186/1752-0509-8-73,exact,direct AO090 locus-tag match,False,Q2U5W2,aor:AO090120000486,ko:K01802,5996445
AOR00062,AO090103000002,AO090103000002,|wang et al 2010-AO||Kuratsu et al 2007-AO SNARE,S1:64,cyp3,"Protein folding/UPR , Peptidyl-prolyl cis-trans isomerase precursor ",machinery_component,folding,liu2014,high,Verified Liu 2014 Table S1 subsystem.,40.0,ER,subsystem_inference,medium,none,,,False,,liu2014,unknown,"CPR4, CPR8",10.1186/1752-0509-8-73,exact,direct AO090 locus-tag match,False,Q2TZ33,aor:AO090103000002,ko:K09567,5998745
AOR00063,AO090011000475,AO090011000475,|wang et al 2010-AO|Oliveira et al 2010-A. niger|,S1:65,cpr6,"PPIase cyclophilin CypD; Protein folding/UPR , peptidyl-prolyl isomerase D (cyclophilin D)",machinery_component,folding,liu2014_description,medium,Specific function stated in Liu 2014 description.,40.0,cytosol,uniprot,high,none,,,False,,liu2014,aspergillus_homolog,"CPR6, CPR7 ",10.1186/1752-0509-8-73,exact,direct AO090 locus-tag match,False,Q2U0E0,,ko:K05864,
AOR00064,AO090701000141,AO090701000141,inparanoid+besthit|wang et al 2010-AO||,S1:66,,"protein folding; Trimming and quality control of N-glycosylated folded proteins, alpha glucosidase I ",machinery_component,er_glycosylation,liu2014_description+uniprot+kegg_ko,high,Glucosidase I trims the first glucose from N-glycans in the ER; folding and ER-processing memberships are secondary context.,30.0,unknown,uniprot_conflict,low,n_glycan_trimming,curated_multi_source_evidence,high,False,,liu2014,yeast_inference,CWH41,10.1186/1752-0509-8-73,exact,direct AO090 locus-tag match,False,Q2U976,aor:AO090701000141,ko:K01228,
AOR00065,AO090005001276,AO090005001276,bhits|||,S1:67,,Addition of ceramides to GPI,machinery_component,gpi_biosynthesis,kegg_pathway,low,"Single mapped KEGG pathway; broad, low-confidence placement.",50.0,ER,subsystem_inference,medium,gpi_anchor,kegg_pathway,medium,False,,liu2014,unknown,CWH43,10.1186/1752-0509-8-73,exact,direct AO090 locus-tag match,False,Q2UQF1,aor:AO090005001276,ko:K27881,5990161
AOR00066,AO090009000300,AO090009000300,||Oliveira et al 2010-A. niger|,S1:68,,Phosphoesterase: UPR downregulation,machinery_component,,unassigned,low,Available evidence does not distinguish a primary subsystem.,,unknown,unassigned,low,none,,,False,,liu2014,aspergillus_homolog,DCR2,10.1186/1752-0509-8-73,exact,direct AO090 locus-tag match,False,Q2UUI6,aor:AO090009000300,,5988711
AOR00067,AO090005000469,AO090005000469,||Oliveira et al 2010-A. niger|,S1:69,ddi1,Ub-dependent protein catabolism,machinery_component,,unassigned,low,Available evidence does not distinguish a primary subsystem.,,cytosol,uniprot,high,none,,,False,,liu2014,aspergillus_homolog,DDI1,10.1186/1752-0509-8-73,exact,direct AO090 locus-tag match,False,Q2USD7,,ko:K11885,
AOR00068,AO090701000551,AO090701000551,bhits|||,S1:70,,ERADM,machinery_component,,unassigned,low,Available evidence does not distinguish a primary subsystem.,,unknown,unassigned,low,none,,,False,,liu2014,unknown,DER1,10.1186/1752-0509-8-73,exact,direct AO090 locus-tag match,False,Q2U866,aor:AO090701000551,,5995439
AOR00069,AO090701000076,AO090701000076,bhits|wang et al 2010-AO||,S1:71,,"Protein degradation , ER associated protein degradation ",machinery_component,erad,liu2014,high,Verified Liu 2014 Table S1 subsystem.,60.0,unknown,uniprot_conflict,low,none,,,True,up,liu2014,unknown,DER1/DFM1,10.1186/1752-0509-8-73,exact,direct AO090 locus-tag match,False,Q2U9D2,aor:AO090701000076,ko:K13989,
AOR00070,AO090026000548,AO090026000548,inparanoid+besthit|||,S1:72,,Dolichol pathway,machinery_component,dolichol_pathway,liu2014,high,Verified Liu 2014 Table S1 subsystem.,20.0,unknown,uniprot_conflict,low,n_glycan_assembly,liu2014,high,False,,liu2014,yeast_inference,DIE2,10.1186/1752-0509-8-73,exact,direct AO090 locus-tag match,False,Q2UEN7,aor:AO090026000548,ko:K03850,
AOR00071,AO090010000776,AO090010000776,bhits||Oliveira et al 2010-A. niger|,S1:73,,"Dynamin GTPase, HDSV",machinery_component,hdsv,liu2014_description,medium,Specific function stated in Liu 2014 description.,110.0,membrane,uniprot,high,none,,,False,,liu2014,aspergillus_homolog,DNM1/VPS1,10.1186/1752-0509-8-73,exact,direct AO090 locus-tag match,False,Q2TVY0,aor:AO090010000776,ko:K17065,5999860
AOR00072,AO090003000271,AO090003000271,|wang et al 2010-AO||,S1:74,,"Protein degradation , Ubiquitin-specific protease ",machinery_component,,unassigned,low,Available evidence does not distinguish a primary subsystem.,,unknown,unassigned,low,none,,,False,,liu2014,unknown,DOA4 ,10.1186/1752-0509-8-73,exact,direct AO090 locus-tag match,False,Q2ULT9,aor:AO090003000271,ko:K11839,5991461
AOR00073,AO090003000589,AO090003000589,inparanoid+besthit|wang et al 2010-AO||Kuratsu et al 2007-AO SNARE,S1:75,,"Dolichol pathway; Glycosylation/modification , dolichol phosphate mannose synthase ",machinery_component,dolichol_pathway,liu2014,high,Verified Liu 2014 Table S1 subsystem.,20.0,ER,uniprot,high,n_glycan_assembly,liu2014,high,True,up,liu2014,yeast_inference,DPM1,10.1186/1752-0509-8-73,exact,direct AO090 locus-tag match,False,Q2UL12,aor:AO090003000589,ko:K00721,5991738
AOR00074,AO090011000813,AO090011000813,||Oliveira et al 2010-A. niger|,S1:76,,Flippase,machinery_component,,unassigned,low,Available evidence does not distinguish a primary subsystem.,,unknown,uniprot_conflict,low,none,,,False,,liu2014,aspergillus_homolog,DRS2,10.1186/1752-0509-8-73,exact,direct AO090 locus-tag match,False,Q2TZK9,aor:AO090011000813,ko:K14802,5998492
AOR00075,AO090003000467,AO090003000467,inparanoid+besthit|||,S1:77,,ERADL,machinery_component,erad,yeast_scaffold,medium,Unique match in the original yeast secretory-system scaffold.,60.0,unknown,unassigned,low,none,,,False,,liu2014,yeast_inference,DSK2,10.1186/1752-0509-8-73,exact,direct AO090 locus-tag match,False,Q2ULC1,aor:AO090003000467,ko:K04523,5991629
AOR00076,AO090166000088,AO090166000088,||Oliveira et al 2010-A. niger|,S1:78,,Unknown ER DnaK protein,machinery_component,,unassigned,low,Available evidence does not distinguish a primary subsystem.,,unknown,unassigned,low,none,,,False,,liu2014,aspergillus_homolog,ECM10,10.1186/1752-0509-8-73,exact,direct AO090 locus-tag match,False,Q2U9M9,aor:AO090166000088,,5994925
AOR00077,AO090011000638,AO090011000638,|wang et al 2010-AO||Kuratsu et al 2007-AO SNARE,S1:79,,"Protein folding/UPR , Heat shock protein, 70 kDa ",machinery_component,folding,liu2014_description,medium,Specific function stated in Liu 2014 description.,40.0,ER,subsystem_inference,medium,none,,,False,,liu2014,unknown,ECM10 ,10.1186/1752-0509-8-73,exact,direct AO090 locus-tag match,False,Q2U008,aor:AO090011000638,ko:K04043,5998343
AOR00078,AO090005001095,AO090005001095,|wang et al 2010-AO||,S1:80,,"Cell wall biogenesis , Involved in cell wall biogenesis, architecture ",machinery_component,,unassigned,low,Available evidence does not distinguish a primary subsystem.,,membrane,uniprot,high,none,,,False,,liu2014,unknown,ECM3 ,10.1186/1752-0509-8-73,exact,direct AO090 locus-tag match,False,Q2UQU7,aor:AO090005001095,ko:K24139,5990015
AOR00079,AO090038000276,AO090038000276,bhits|wang et al 2010-AO||,S1:81,,"COPII; Vesicular transport of proteins between ER and Golgi, COPII vesicle membrane component ",machinery_component,copii,liu2014,high,Verified Liu 2014 Table S1 subsystem.,70.0,membrane,uniprot,high,none,,,False,,liu2014,unknown,EMP24,10.1186/1752-0509-8-73,exact,direct AO090 locus-tag match,False,Q2U2X9,aor:AO090038000276,ko:K20347,5997314
AOR00080,AO090102000145,AO090102000145,|wang et al 2010-AO|Oliveira et al 2010-A. niger|,S1:82,,"Vesicular transport of proteins between ER and Golgi, COPII vesicle membrane component ",machinery_component,copii,liu2014,high,Verified Liu 2014 Table S1 subsystem.,70.0,membrane,uniprot,high,none,,,True,up,liu2014,aspergillus_homolog,EMP47,10.1186/1752-0509-8-73,exact,direct AO090 locus-tag match,False,Q2UB21,aor:AO090102000145,ko:K10080,5994422
AOR00081,AO090103000412,AO090103000412,|wang et al 2010-AO||,S1:83,,"COPII; Vesicular transport of proteins between ER and Golgi, endosomal membrane proteins, EMP70",machinery_component,copii,liu2014_description,medium,Specific function stated in Liu 2014 description.,70.0,membrane,uniprot,high,none,,,False,,liu2014,unknown,EMP70,10.1186/1752-0509-8-73,exact,direct AO090 locus-tag match,False,Q2TY32,aor:AO090103000412,ko:K17086,5999096
AOR00082,AO090012000592,AO090012000592,|wang et al 2010-AO||,S1:84,end3,"Vacuolar protein sorting , VPS plasma membrane to endosome ",machinery_component,cpy_pathway,liu2014_description,medium,Specific function stated in Liu 2014 description.,120.0,unknown,uniprot_conflict,low,none,,,False,,liu2014,unknown,END3 ,10.1186/1752-0509-8-73,exact,direct AO090 locus-tag match,False,Q2UCH0,aor:AO090012000592,ko:K20048,5988058
AOR00083,AO090120000220,AO090120000220,||Oliveira et al 2010-A. niger|,S1:85,,Epsin-like domain protein,machinery_component,,unassigned,low,Available evidence does not distinguish a primary subsystem.,,unknown,unassigned,low,none,,,False,,liu2014,aspergillus_homolog,ENT3,10.1186/1752-0509-8-73,exact,direct AO090 locus-tag match,False,Q2U6I6,aor:AO090120000220,ko:K12471,5996221
AOR00084,AO090005000648,AO090005000648,|wang et al 2010-AO||,S1:86,,"Lipid/inositol metabolism , sn-1,2-Diacylglycerol ethanolamine ",machinery_component,,unassigned,low,Available evidence does not distinguish a primary subsystem.,,membrane,uniprot,high,none,,,False,,liu2014,unknown,EPT1 ,10.1186/1752-0509-8-73,exact,direct AO090 locus-tag match,False,Q2URX9,aor:AO090005000648,ko:K00993,5989633
AOR00085,AO090102000650,AO090102000650,inparanoid+besthit|||,S1:87,,COPI,machinery_component,copi,liu2014,high,Verified Liu 2014 Table S1 subsystem.,80.0,unknown,uniprot_conflict,low,none,,,True,up,liu2014,yeast_inference,ERD2,10.1186/1752-0509-8-73,exact,direct AO090 locus-tag match,False,Q2U9V6,aor:AO090102000650,ko:K10949,5994837
AOR00086,AO090026000646,AO090026000646,|wang et al 2010-AO||,S1:88,,"Vesicular transport of proteins between ER and Golgi, ER retention HDEL-receptor ",machinery_component,copi,yeast_scaffold,medium,Unique match in the original yeast secretory-system scaffold.,80.0,unknown,uniprot_conflict,low,none,,,False,,liu2014,unknown,ERD2 ,10.1186/1752-0509-8-73,exact,direct AO090 locus-tag match,False,Q2UEE8,aor:AO090026000646,,5994097
AOR00087,AO090003000036,AO090003000036,||Oliveira et al 2010-A. niger|,S1:89,,DnaJ-domain protein,machinery_component,folding,liu2014,high,Verified Liu 2014 Table S1 subsystem.,40.0,membrane,uniprot,high,none,,,True,up,liu2014,aspergillus_homolog,ERJ5,10.1186/1752-0509-8-73,exact,direct AO090 locus-tag match,False,Q2UME0,aor:AO090003000036,,5991260
AOR00088,AO090011000874,AO090011000874,inparanoid+besthit|wang et al 2010-AO||,S1:90,,"Protein folding/UPR , ER located DNA-J protein ",machinery_component,folding,liu2014,high,Verified Liu 2014 Table S1 subsystem.,40.0,ER,subsystem_inference,medium,none,,,True,up,liu2014,yeast_inference,ERJ5/SCJ1,10.1186/1752-0509-8-73,exact,direct AO090 locus-tag match,False,Q2TZF2,aor:AO090011000874,ko:K14002,5998549
AOR00089,AO090005000630,AO090005000630,inparanoid+besthit|wang et al 2010-AO||,S1:91,,protein folding,machinery_component,folding,liu2014,high,Verified Liu 2014 Table S1 subsystem.,40.0,unknown,uniprot_conflict,low,none,,,True,up,liu2014,yeast_inference,ERO1,10.1186/1752-0509-8-73,exact,direct AO090 locus-tag match,False,Q2URZ3,aor:AO090005000630,ko:K10976,5989619
AOR00090,AO090023000834,AO090023000834,|wang et al 2010-AO||,S1:92,,COPII,machinery_component,copii,liu2014_description,medium,Specific function stated in Liu 2014 description.,70.0,membrane,uniprot,high,none,,,False,,liu2014,unknown,"ERP1, ERP5, ERP6, ERV25",10.1186/1752-0509-8-73,exact,direct AO090 locus-tag match,False,Q2UGI0,aor:AO090023000834,ko:K20346,5993339
AOR00091,AO090102000528,AO090102000528,|wang et al 2010-AO||,S1:93,,COPII,machinery_component,copii,liu2014,high,Verified Liu 2014 Table S1 subsystem.,70.0,membrane,uniprot,high,none,,,True,up,liu2014,unknown,"ERP2, ERP3, ERP4",10.1186/1752-0509-8-73,exact,direct AO090 locus-tag match,False,Q2UA62,aor:AO090102000528,,5994731
AOR00092,AO090005000162,AO090005000162,inparanoid+besthit|||,S1:94,,protein folding,machinery_component,folding,liu2014,high,Verified Liu 2014 Table S1 subsystem.,40.0,ER,subsystem_inference,medium,none,,,False,,liu2014,yeast_inference,ERV2,10.1186/1752-0509-8-73,exact,direct AO090 locus-tag match,False,Q2UT45,aor:AO090005000162,,5989217
AOR00093,AO090038000244,AO090038000244,inparanoid+besthit|wang et al 2010-AO||,S1:95,,"COPII; Vesicular transport of proteins between ER and Golgi, glycoprotein cargo receptor ",machinery_component,copii,liu2014,high,Verified Liu 2014 Table S1 subsystem.,70.0,membrane,uniprot,high,none,,,True,up,liu2014,yeast_inference,ERV29,10.1186/1752-0509-8-73,exact,direct AO090 locus-tag match,False,Q2U306,aor:AO090038000244,ko:K20369,5997287
AOR00094,AO090701000797,AO090701000797,|wang et al 2010-AO||,S1:96,,"COPII; Vesicular transport of proteins between ER and Golgi, COPII vesicle fusion ",machinery_component,copii,liu2014,high,Verified Liu 2014 Table S1 subsystem.,70.0,unknown,uniprot_conflict,low,none,,,True,up,liu2014,unknown,ERV41,10.1186/1752-0509-8-73,exact,direct AO090 locus-tag match,False,Q2U7L0,aor:AO090701000797,ko:K20366,5995645
AOR00095,AO090003000808,AO090003000808,|wang et al 2010-AO|Oliveira et al 2010-A. niger|,S1:97,,"Erv41/46 complex; Vesicular transport of proteins between ER and Golgi, COPII vesicle fusion ",machinery_component,copii,liu2014,high,Verified Liu 2014 Table S1 subsystem.,70.0,unknown,uniprot_conflict,low,none,,,True,up,liu2014,aspergillus_homolog,ERV46,10.1186/1752-0509-8-73,exact,direct AO090 locus-tag match,False,Q2UKH3,aor:AO090003000808,ko:K20367,5991927
AOR00096,AO090011000848,AO090011000848,|wang et al 2010-AO||Kuratsu et al 2007-AO SNARE,S1:98,,"Protein folding/UPR , peptidyl-prolyl cis-trans isomerase NIMA-interacting 1",machinery_component,folding,liu2014_description,medium,Specific function stated in Liu 2014 description.,40.0,ER,subsystem_inference,medium,none,,,False,,liu2014,unknown,ESS1,10.1186/1752-0509-8-73,exact,direct AO090 locus-tag match,False,Q2TZH7,aor:AO090011000848,ko:K09578,
AOR00097,AO090026000449,AO090026000449,inparanoid+besthit|wang et al 2010-AO||,S1:99,,"LDSV; Cellular export and secretion , exocyst complex SU",machinery_component,ldsv,liu2014,high,Verified Liu 2014 Table S1 subsystem.,100.0,vesicle,subsystem_inference,medium,none,,,True,up,liu2014,yeast_inference,EXO70,10.1186/1752-0509-8-73,exact,direct AO090 locus-tag match,False,Q2UEW6,aor:AO090026000449,ko:K07195,5993929
AOR00098,AO090023000477,AO090023000477,inparanoid+besthit|||,S1:100,,LDSV,machinery_component,ldsv,liu2014_description,medium,Specific function stated in Liu 2014 description.,100.0,unknown,uniprot_conflict,low,none,,,False,,liu2014,yeast_inference,EXO84,10.1186/1752-0509-8-73,exact,direct AO090 locus-tag match,False,Q2UHE7,aor:AO090023000477,ko:K19986,5993022
AOR00099,AO090023000516,AO090023000516,|wang et al 2010-AO||,S1:101,,"Protein folding/UPR , FAD synthase ",machinery_component,folding,liu2014_description,medium,Specific function stated in Liu 2014 description.,40.0,ER,subsystem_inference,medium,none,,,False,,liu2014,unknown,FAD1,10.1186/1752-0509-8-73,exact,direct AO090 locus-tag match,False,Q2UHB1,aor:AO090023000516,ko:K00953,5993058
AOR00100,AO090103000136,AO090103000136,|wang et al 2010-AO||Kuratsu et al 2007-AO SNARE,S1:102,,"Protein folding/UPR , PPlase, FK506-binding protein ",machinery_component,folding,liu2014_description,medium,Specific function stated in Liu 2014 description.,40.0,ER,subsystem_inference,medium,none,,,False,,liu2014,unknown,FPR1 ,10.1186/1752-0509-8-73,exact,direct AO090 locus-tag match,False,Q2TYR8,aor:AO090103000136,ko:K09568,5998860
AOR00101,AO090005001515,AO090005001515,|wang et al 2010-AO|Oliveira et al 2010-A. niger|,S1:103,fpr2,"PPIase FK506 binding protein; Protein folding/UPR , FK506/rapamycin-binding protein of the ER ",machinery_component,folding,liu2014,high,Verified Liu 2014 Table S1 subsystem.,40.0,ER,uniprot,high,none,,,True,up,liu2014,aspergillus_homolog,FPR2,10.1186/1752-0509-8-73,exact,direct AO090 locus-tag match,False,Q2UPT7,aor:AO090005001515,ko:K09569,
AOR00102,AO090001000519,AO090001000519,|wang et al 2010-AO||Kuratsu et al 2007-AO SNARE,S1:104,fpr4,"Protein folding/UPR , Proline cis-trans isomerase; Protein folding/UPR , Nucleolar peptidyl-prolyl cis-trans isomerase ",machinery_component,folding,liu2014_description,medium,Specific function stated in Liu 2014 description.,40.0,ER,subsystem_inference,medium,none,,,False,,liu2014,unknown,"FPR3,FPR4 ",10.1186/1752-0509-8-73,exact,direct AO090 locus-tag match,False,Q2UN37,aor:AO090001000519,ko:K14826,5991001
AOR00103,AO090003000395,AO090003000395,inparanoid+besthit|||,S1:105,,GPI biosynthesis,machinery_component,gpi_biosynthesis,yeast_scaffold,medium,Unique match in the original yeast secretory-system scaffold.,50.0,ER,subsystem_inference,medium,gpi_anchor,yeast_scaffold,medium,False,,liu2014,yeast_inference,GAA1,10.1186/1752-0509-8-73,exact,direct AO090 locus-tag match,False,Q2ULI7,aor:AO090003000395,ko:K05289,5991563
AOR00104,AO090023000750,AO090023000750,inparanoid+besthit|||,S1:106,,GPI biosynthesis,machinery_component,gpi_biosynthesis,liu2014,high,Verified Liu 2014 Table S1 subsystem.,50.0,unknown,uniprot_conflict,low,gpi_anchor,liu2014,high,True,up,liu2014,yeast_inference,GAB1,10.1186/1752-0509-8-73,exact,direct AO090 locus-tag match,False,Q2UGR0,aor:AO090023000750,ko:K05293,5993259
AOR00105,AO090010000463,AO090010000463,||Oliveira et al 2010-A. niger|,S1:107,,UDP-Glc 4-epimerase,machinery_component,,unassigned,low,Available evidence does not distinguish a primary subsystem.,,unknown,unassigned,low,none,,,False,,liu2014,aspergillus_homolog,GAL10,10.1186/1752-0509-8-73,exact,direct AO090 locus-tag match,False,Q2TWQ7,aor:AO090010000463,ko:K01784,5999583
AOR00106,AO090009000459,AO090009000459,|wang et al 2010-AO||,S1:108,,"Protein folding/UPR , bZIP transcription factor ",machinery_component,folding,liu2014_description,medium,Specific function stated in Liu 2014 description.,40.0,ER,subsystem_inference,medium,none,,,False,,liu2014,unknown,GCN4 ,10.1186/1752-0509-8-73,exact,direct AO090 locus-tag match,False,Q2UU50,aor:AO090009000459,,
AOR00107,AO090001000329,AO090001000329,|wang et al 2010-AO|Oliveira et al 2010-A. niger|,S1:109,,"Guanosine-diphosphatase; Glycosylation/modification ,  guanosine diphosphatase ",machinery_component,,unassigned,low,Available evidence does not distinguish a primary subsystem.,,unknown,unassigned,low,none,,,False,,liu2014,aspergillus_homolog,GDA1,10.1186/1752-0509-8-73,exact,direct AO090 locus-tag match,False,Q2UNK3,aor:AO090001000329,ko:K01526,5990835
AOR00108,AO090026000537,AO090026000537,|wang et al 2010-AO|Oliveira et al 2010-A. niger|,S1:110,,"GDP dissociation inhibitor; Cellular export and secretion , Secretory pathway GDP-dissociation inhibitor ",machinery_component,,unassigned,low,Available evidence does not distinguish a primary subsystem.,,unknown,unassigned,low,none,,,False,,liu2014,aspergillus_homolog,GDI1,10.1186/1752-0509-8-73,exact,direct AO090 locus-tag match,False,Q2UEP6,aor:AO090026000537,ko:K17255,5993999
AOR00109,AO090120000299,AO090120000299,|wang et al 2010-AO|Oliveira et al 2010-A. niger|,S1:111,,"GEF for ARFs; Vesicular transport of proteins between ER and Golgi, guanine nucleotide exchange factor on ARF ",machinery_component,,unassigned,low,Available evidence does not distinguish a primary subsystem.,,unknown,unassigned,low,none,,,False,,liu2014,aspergillus_homolog,GEA2,10.1186/1752-0509-8-73,exact,direct AO090 locus-tag match,False,Q2U6C2,aor:AO090120000299,ko:K18443,5996285
AOR00110,AO090023000956,AO090023000956,||Oliveira et al 2010-A. niger|,S1:112,get1,GET subunit,machinery_component,tc,kegg_pathway,low,"Single mapped KEGG pathway; broad, low-confidence placement.",10.0,unknown,uniprot_conflict,low,none,,,False,,liu2014,aspergillus_homolog,GET1,10.1186/1752-0509-8-73,exact,direct AO090 locus-tag match,False,Q2UG70,aor:AO090023000956,ko:K22384,5993449
AOR00111,AO090003000688,AO090003000688,||Oliveira et al 2010-A. niger|,S1:113,get3,GET subunit,machinery_component,tc,kegg_pathway,low,"Single mapped KEGG pathway; broad, low-confidence placement.",10.0,unknown,uniprot_conflict,low,none,,,False,,liu2014,aspergillus_homolog,GET3,10.1186/1752-0509-8-73,exact,direct AO090 locus-tag match,False,Q2UKT0,aor:AO090003000688,ko:K01551,5991820
AOR00112,AO090003000003,AO090003000003,||Oliveira et al 2010-A. niger|,S1:114,,Gln-Fru-6-P amidotransferase,machinery_component,,unassigned,low,Available evidence does not distinguish a primary subsystem.,,unknown,unassigned,low,none,,,False,,liu2014,aspergillus_homolog,GFA1,10.1186/1752-0509-8-73,exact,direct AO090 locus-tag match,False,Q2UMH2,aor:AO090003000003,ko:K00820,
AOR00113,AO090001000466,AO090001000466,inparanoid+besthit|||,S1:115,,CPY,machinery_component,,unassigned,low,Available evidence does not distinguish a primary subsystem.,,Golgi,uniprot,high,none,,,False,,liu2014,yeast_inference,"GGA1, GGA2",10.1186/1752-0509-8-73,exact,direct AO090 locus-tag match,False,Q2UN84,aor:AO090001000466,ko:K12404,5990954
AOR00114,AO090010000760,AO090010000760,bhits|||,S1:116,,GlcNAc-transferase,machinery_component,,unassigned,low,Available evidence does not distinguish a primary subsystem.,,unknown,unassigned,low,none,,,False,,liu2014,unknown,GNT1,10.1186/1752-0509-8-73,exact,direct AO090 locus-tag match,False,Q2TVZ6,aor:AO090010000760,,5999844
AOR00115,AO090038000376,AO090038000376,||Oliveira et al 2010-A. niger|,S1:117,,Qb.II type SNARE,machinery_component,snare,liu2014_description,medium,Specific function stated in Liu 2014 description.,140.0,unknown,uniprot_conflict,low,none,,,False,,liu2014,aspergillus_homolog,GOS1,10.1186/1752-0509-8-73,exact,direct AO090 locus-tag match,False,Q2U2P3,aor:AO090038000376,ko:K08495,5997400
AOR00116,AO090012000577,AO090012000577,||Oliveira et al 2010-A. niger|,S1:118,,FadA: proliferation,machinery_component,,unassigned,low,Available evidence does not distinguish a primary subsystem.,,unknown,unassigned,low,none,,,False,,liu2014,aspergillus_homolog,GPA2,10.1186/1752-0509-8-73,exact,direct AO090 locus-tag match,False,Q2UCI4,aor:AO090012000577,ko:K04630,
AOR00117,AO090005001259,AO090005001259,inparanoid+besthit|||,S1:119,,GPI biosynthesis,machinery_component,gpi_biosynthesis,yeast_scaffold,medium,Unique match in the original yeast secretory-system scaffold.,50.0,ER,subsystem_inference,medium,gpi_anchor,yeast_scaffold,medium,False,,liu2014,yeast_inference,GPI1,10.1186/1752-0509-8-73,exact,direct AO090 locus-tag match,False,Q2UQG4,aor:AO090005001259,ko:K03860,5990148
AOR00118,AO090023000629,AO090023000629,inparanoid+besthit|||,S1:120,gpi10,GPI biosynthesis,machinery_component,gpi_biosynthesis,liu2014,high,Verified Liu 2014 Table S1 subsystem.,50.0,unknown,uniprot_conflict,low,gpi_anchor,liu2014,high,False,,liu2014,yeast_inference,GPI10,10.1186/1752-0509-8-73,exact,direct AO090 locus-tag match,False,Q2UH15,,ko:K05286,5993154
AOR00119,AO090701000376,AO090701000376,||Oliveira et al 2010-A. niger|,S1:121,,Man-EthNH P-transferase,machinery_component,gpi_biosynthesis,kegg_pathway,low,"Single mapped KEGG pathway; broad, low-confidence placement.",50.0,unknown,uniprot_conflict,low,gpi_anchor,kegg_pathway,medium,False,,liu2014,aspergillus_homolog,GPI11,10.1186/1752-0509-8-73,exact,direct AO090 locus-tag match,False,Q2U8M0,aor:AO090701000376,ko:K05287,5995285
AOR00120,AO090120000381,AO090120000381,inparanoid+besthit|||,S1:122,,GPI biosynthesis,machinery_component,gpi_biosynthesis,yeast_scaffold,medium,Unique match in the original yeast secretory-system scaffold.,50.0,ER,subsystem_inference,medium,gpi_anchor,yeast_scaffold,medium,False,,liu2014,yeast_inference,GPI12,10.1186/1752-0509-8-73,exact,direct AO090 locus-tag match,False,Q2U649,aor:AO090120000381,ko:K03434,5996358
AOR00121,AO090701000122,AO090701000122,inparanoid+besthit|||,S1:123,,GPI biosynthesis,machinery_component,gpi_biosynthesis,yeast_scaffold,medium,Unique match in the original yeast secretory-system scaffold.,50.0,unknown,uniprot_conflict,low,gpi_anchor,yeast_scaffold,medium,False,,liu2014,yeast_inference,GPI13,10.1186/1752-0509-8-73,exact,direct AO090 locus-tag match,False,Q2U994,aor:AO090701000122,ko:K05288,5995061
AOR00122,AO090010000207,AO090010000207,inparanoid+besthit|||,S1:124,gpi14,GPI biosynthesis,machinery_component,gpi_biosynthesis,yeast_scaffold,medium,Unique match in the original yeast secretory-system scaffold.,50.0,unknown,uniprot_conflict,low,gpi_anchor,yeast_scaffold,medium,False,,liu2014,yeast_inference,GPI14,10.1186/1752-0509-8-73,exact,direct AO090 locus-tag match,False,Q2TXB8,,ko:K05284,
AOR00123,AO090001000578,AO090001000578,inparanoid+besthit|||,S1:125,,GPI biosynthesis,machinery_component,gpi_biosynthesis,yeast_scaffold,medium,Unique match in the original yeast secretory-system scaffold.,50.0,ER,subsystem_inference,medium,gpi_anchor,yeast_scaffold,medium,False,,liu2014,yeast_inference,GPI16,10.1186/1752-0509-8-73,exact,direct AO090 locus-tag match,False,Q2UMX8,aor:AO090001000578,ko:K05292,
AOR00124,AO090005001582,AO090005001582,inparanoid+besthit|||,S1:126,,GPI biosynthesis,machinery_component,gpi_biosynthesis,liu2014,high,Verified Liu 2014 Table S1 subsystem.,50.0,unknown,uniprot_conflict,low,gpi_anchor,liu2014,high,False,,liu2014,yeast_inference,GPI17,10.1186/1752-0509-8-73,exact,direct AO090 locus-tag match,False,Q2UPM7,aor:AO090005001582,ko:K05291,
AOR00125,AO090003001092,AO090003001092,inparanoid+besthit|||,S1:127,gpi18,GPI biosynthesis,machinery_component,gpi_biosynthesis,yeast_scaffold,medium,Unique match in the original yeast secretory-system scaffold.,50.0,unknown,uniprot_conflict,low,gpi_anchor,yeast_scaffold,medium,False,,liu2014,yeast_inference,GPI18,10.1186/1752-0509-8-73,exact,direct AO090 locus-tag match,False,Q2UJS7,,ko:K07542,
AOR00126,AO090020000206,AO090020000206,inparanoid+besthit|||,S1:128,,GPI biosynthesis,machinery_component,gpi_biosynthesis,yeast_scaffold,medium,Unique match in the original yeast secretory-system scaffold.,50.0,membrane,uniprot,high,gpi_anchor,yeast_scaffold,medium,False,,liu2014,yeast_inference,GPI2,10.1186/1752-0509-8-73,exact,direct AO090 locus-tag match,False,Q2U4U0,aor:AO090020000206,ko:K03859,
AOR00127,AO090005001186,AO090005001186,inparanoid+besthit|||,S1:129,,GPI biosynthesis,machinery_component,gpi_biosynthesis,liu2014,high,Verified Liu 2014 Table S1 subsystem.,50.0,ER,subsystem_inference,medium,gpi_anchor,liu2014,high,False,,liu2014,yeast_inference,GPI8,10.1186/1752-0509-8-73,exact,direct AO090 locus-tag match,False,Q2UQM3,aor:AO090005001186,ko:K05290,5990089
AOR00128,AO090102000156,AO090102000156,|wang et al 2010-AO||,S1:130,,"Vesicular transport of proteins between ER and Golgi, TRAPP complex SU ",machinery_component,,unassigned,low,Available evidence does not distinguish a primary subsystem.,,unknown,unassigned,low,none,,,False,,liu2014,unknown,GSG1 ,10.1186/1752-0509-8-73,exact,direct AO090 locus-tag match,False,Q2UB10,aor:AO090102000156,ko:K20305,5994433
AOR00129,AO090005000093,AO090005000093,|wang et al 2010-AO|Oliveira et al 2010-A. niger|,S1:131,,"Glucosidase II β subunit; Trimming and quality control of N-glycosylated folded proteins, glucosidase II, βSU ",machinery_component,folding,kegg_pathway,low,"Single mapped KEGG pathway; broad, low-confidence placement.",40.0,ER,subsystem_inference,medium,n_glycan_trimming,liu_description_or_current_annotation,medium,False,,liu2014,aspergillus_homolog,GTB1,10.1186/1752-0509-8-73,exact,direct AO090 locus-tag match,False,Q2UTA8,aor:AO090005000093,ko:K08288,5989154
AOR00130,AO090005001245,AO090005001245,inparanoid+besthit|||,S1:132,gwt1,GPI biosynthesis,machinery_component,gpi_biosynthesis,liu2014,high,Verified Liu 2014 Table S1 subsystem.,50.0,unknown,uniprot_conflict,low,gpi_anchor,liu2014,high,False,,liu2014,yeast_inference,GWT1,10.1186/1752-0509-8-73,exact,direct AO090 locus-tag match,False,Q2UQH4,aor:AO090005001245,ko:K05283,5990138
AOR00131,AO090124000074,AO090124000074,|wang et al 2010-AO||,S1:133,hacA,"Protein folding/UPR , UPR transcription factor hacA ",machinery_component,folding,liu2014_description,medium,Specific function stated in Liu 2014 description.,40.0,ER,subsystem_inference,medium,none,,,False,,liu2014,unknown,HAC1 ,10.1186/1752-0509-8-73,exact,direct AO090 locus-tag match,False,Q1XGE2,,ko:K16230,
AOR00132,AO090023000840,AO090023000840,|wang et al 2010-AO||,S1:134,,"ERADL; Protein degradation , DnaJ co-chaperone ",machinery_component,erad,liu2014,high,Verified Liu 2014 Table S1 subsystem.,60.0,unknown,uniprot_conflict,low,none,,,False,,liu2014,unknown,HLJ1,10.1186/1752-0509-8-73,exact,direct AO090 locus-tag match,False,Q2UGH4,aor:AO090023000840,ko:K09518,5993345
AOR00133,AO090120000217,AO090120000217,|wang et al 2010-AO||,S1:135,,"Lipid/inositol metabolism , 3-Hydroxy-3-methylglutaryl-coenzyme A reductase 2 ",machinery_component,,unassigned,low,Available evidence does not distinguish a primary subsystem.,,unknown,uniprot_conflict,low,none,,,False,,liu2014,unknown,HMG2 ,10.1186/1752-0509-8-73,exact,direct AO090 locus-tag match,False,Q2U6I9,aor:AO090120000217,ko:K00021,
AOR00134,AO090003001503,AO090003001503,bhits|||,S1:136,,"α-1,6-Mannosyltransferase",machinery_component,golgi_processing,yeast_scaffold,medium,Unique match in the original yeast secretory-system scaffold.,90.0,Golgi,subsystem_inference,medium,golgi_mannosylation,liu_description_or_current_annotation,medium,False,,liu2014,unknown,HOC1,10.1186/1752-0509-8-73,exact,direct AO090 locus-tag match,False,Q2UIS1,aor:AO090003001503,,5992529
AOR00135,AO090010000615,AO090010000615,||Oliveira et al (2010)|,S1:137,,"α-1,6-Mannosyltransferase",machinery_component,golgi_processing,yeast_scaffold,medium,Unique match in the original yeast secretory-system scaffold.,90.0,Golgi,subsystem_inference,medium,golgi_mannosylation,liu_description_or_current_annotation,medium,False,,liu2014,aspergillus_homolog,HOC1,10.1186/1752-0509-8-73,exact,direct AO090 locus-tag match,False,Q2TWC8,aor:AO090010000615,,
AOR00136,AO090120000208,AO090120000208,inparanoid+besthit|wang et al 2010-AO||,S1:138,,"Golgi processing; Glycosylation/modification , α-1,6-mannosyltransferase ",machinery_component,golgi_processing,liu2014_description,medium,Specific function stated in Liu 2014 description.,90.0,unknown,uniprot_conflict,low,golgi_mannosylation,liu_description_or_current_annotation,medium,False,,liu2014,yeast_inference,HOC1/OCH1,10.1186/1752-0509-8-73,exact,direct AO090 locus-tag match,False,Q2U6J6,aor:AO090120000208,ko:K05528,5996211
AOR00137,AO090005000658,AO090005000658,inparanoid+besthit|wang et al 2010-AO||,S1:139,,"ERADL; Protein degradation , Zinc finger for ER degradation E3 ",machinery_component,erad,liu2014,high,Verified Liu 2014 Table S1 subsystem.,60.0,unknown,uniprot_conflict,low,none,,,False,,liu2014,yeast_inference,HRD1,10.1186/1752-0509-8-73,exact,direct AO090 locus-tag match,False,Q2URX1,aor:AO090005000658,ko:K10601,
AOR00138,AO090003000492,AO090003000492,inparanoid+besthit|wang et al 2010-AO||,S1:140,,"ERADL; Protein degradation , HMG-CoAg reductase degradation ",machinery_component,erad,yeast_scaffold,medium,Unique match in the original yeast secretory-system scaffold.,60.0,unknown,unassigned,low,none,,,False,,liu2014,yeast_inference,HRD3,10.1186/1752-0509-8-73,exact,direct AO090 locus-tag match,False,Q2UL99,aor:AO090003000492,ko:K14026,10099376
AOR00139,AO090026000593,AO090026000593,||Oliveira et al 2010-A. niger|,S1:141,,Ser/Thr kinase,machinery_component,,unassigned,low,Available evidence does not distinguish a primary subsystem.,,unknown,unassigned,low,none,,,False,,liu2014,aspergillus_homolog,HRR25,10.1186/1752-0509-8-73,exact,direct AO090 locus-tag match,False,Q2UEJ4,aor:AO090026000593,ko:K14758,5994051
AOR00140,AO090102000620,AO090102000620,||Oliveira et al 2010-A. niger|,S1:142,,Hsp90 chaperone SspB,machinery_component,folding,liu2014_description,medium,Specific function stated in Liu 2014 description.,40.0,cytosol,uniprot,high,none,,,False,,liu2014,aspergillus_homolog,HSC82,10.1186/1752-0509-8-73,exact,direct AO090 locus-tag match,False,Q2U9Y1,aor:AO090102000620,ko:K04079,
AOR00141,AO090011000764,AO090011000764,|wang et al 2010-AO||,S1:143,,"Protein folding/UPR , Heat shock protein, 60 kDa ",machinery_component,folding,liu2014_description,medium,Specific function stated in Liu 2014 description.,40.0,ER,subsystem_inference,medium,none,,,False,,liu2014,unknown,HSP60 ,10.1186/1752-0509-8-73,exact,direct AO090 locus-tag match,False,Q2TZQ3,aor:AO090011000764,ko:K04077,
AOR00142,AO090009000400,AO090009000400,|wang et al 2010-AO||,S1:144,,"protein folding; Protein folding/UPR , UDP-galactose transporter ",machinery_component,folding,liu2014,high,Verified Liu 2014 Table S1 subsystem.,40.0,unknown,uniprot_conflict,low,none,,,True,up,liu2014,unknown,HUT1,10.1186/1752-0509-8-73,exact,direct AO090 locus-tag match,False,Q2UU98,aor:AO090009000400,ko:K15275,5988799
AOR00143,AO090020000450,AO090020000450,||Oliveira et al 2010-A. niger|,S1:145,,HexA protein: Woronin body,machinery_component,translation,liu2014,high,Verified Liu 2014 Table S1 subsystem.,170.0,cytosol,subsystem_inference,medium,none,,,False,,liu2014,aspergillus_homolog,HYP2,10.1186/1752-0509-8-73,exact,direct AO090 locus-tag match,False,Q2U480,aor:AO090020000450,,
AOR00144,AO090701000359,AO090701000359,|wang et al 2010-AO||,S1:146,,"Cellular export and secretion , Putative myo-inositol-1-phosphate synthase ",machinery_component,,unassigned,low,Available evidence does not distinguish a primary subsystem.,,cytosol,uniprot,high,none,,,False,,liu2014,unknown,INO1 ,10.1186/1752-0509-8-73,exact,direct AO090 locus-tag match,False,Q2U8N4,aor:AO090701000359,ko:K01858,5995271
AOR00145,AO090005000934,AO090005000934,|wang et al 2010-AO||Kuratsu et al 2007-AO SNARE,S1:147,,"Protein folding/UPR , Serine/threonine protein kinase UPR ",machinery_component,folding,liu2014_description,medium,Specific function stated in Liu 2014 description.,40.0,membrane,uniprot,high,none,,,False,,liu2014,unknown,IRE1 ,10.1186/1752-0509-8-73,exact,direct AO090 locus-tag match,False,Q2UR79,aor:AO090005000934,ko:K08852,
AOR00146,AO090020000010,AO090020000010,bhits|||,S1:148,,protein folding,machinery_component,folding,liu2014,high,Verified Liu 2014 Table S1 subsystem.,40.0,ER,uniprot,high,none,,,True,up,liu2014,unknown,JEM1,10.1186/1752-0509-8-73,exact,direct AO090 locus-tag match,False,Q2U5A5,aor:AO090020000010,ko:K09523,5996479
AOR00147,AO090003000257,AO090003000257,inparanoid+besthit|wang et al 2010-AO||,S1:149,,"ERADL; Protein folding/UPR , ER chaperone bipA ",machinery_component,folding,curated_liu_composite,high,KAR2/BiP is the primary ER Hsp70 folding chaperone; its ERAD contribution is secondary quality-control context.,40.0,ER,uniprot,high,none,,,True,up,liu2014,yeast_inference,KAR2,10.1186/1752-0509-8-73,exact,direct AO090 locus-tag match,False,Q2ULV1,aor:AO090003000257,ko:K09490,
AOR00148,AO090003000735,AO090003000735,||Oliveira et al 2010-A. niger|,S1:150,,Oxysterol binding protein,machinery_component,,unassigned,low,Available evidence does not distinguish a primary subsystem.,,unknown,unassigned,low,none,,,False,,liu2014,aspergillus_homolog,KES1,10.1186/1752-0509-8-73,exact,direct AO090 locus-tag match,False,Q2UKN5,aor:AO090003000735,ko:K20465,5991865
AOR00149,AO090005001632,AO090005001632,inparanoid+besthit|||,S1:151,kex1,Golgi processing,machinery_component,golgi_processing,yeast_scaffold,medium,Unique match in the original yeast secretory-system scaffold.,90.0,unknown,uniprot_conflict,low,none,,,False,,liu2014,yeast_inference,KEX1,10.1186/1752-0509-8-73,exact,direct AO090 locus-tag match,False,Q2UPI1,aor:AO090005001632,ko:K01288,
AOR00150,AO090009000291,AO090009000291,inparanoid+besthit|||,S1:152,,Golgi processing,machinery_component,golgi_processing,liu2014,high,Verified Liu 2014 Table S1 subsystem.,90.0,membrane,uniprot,high,none,,,False,,liu2014,yeast_inference,KEX2,10.1186/1752-0509-8-73,exact,direct AO090 locus-tag match,False,Q2UUJ5,aor:AO090009000291,ko:K01341,
AOR00151,AO090010000465,AO090010000465,inparanoid+besthit|||,S1:153,,Golgi processing,machinery_component,golgi_processing,yeast_scaffold,medium,Unique match in the original yeast secretory-system scaffold.,90.0,Golgi,subsystem_inference,medium,golgi_mannosylation,liu_description_or_current_annotation,medium,False,,liu2014,yeast_inference,"KRE2, KTR1, KTR3",10.1186/1752-0509-8-73,exact,direct AO090 locus-tag match,False,Q2TWQ5,aor:AO090010000465,ko:K10967,5999585
AOR00152,AO090011000515,AO090011000515,||Oliveira et al 2010-A. niger|,S1:154,,UDP-Glc glucosyltransferase,machinery_component,beta_1_6_glucan_biosynthesis,liu2014,high,Verified Liu 2014 Table S1 subsystem.,160.0,ER,uniprot,high,none,,,True,up,liu2014,aspergillus_homolog,KRE5,10.1186/1752-0509-8-73,exact,direct AO090 locus-tag match,False,Q2U0A7,aor:AO090011000515,ko:K11718,5998244
AOR00153,AO090102000391,AO090102000391,||Oliveira et al (2010)|,S1:155,,"α-1,2-Mannosyltransferase",machinery_component,golgi_processing,yeast_scaffold,medium,Unique match in the original yeast secretory-system scaffold.,90.0,Golgi,subsystem_inference,medium,golgi_mannosylation,liu_description_or_current_annotation,medium,False,,liu2014,aspergillus_homolog,KTR1,10.1186/1752-0509-8-73,exact,direct AO090 locus-tag match,False,Q2UAG8,aor:AO090102000391,ko:K03854,5994625
AOR00154,AO090120000333,AO090120000333,||Oliveira et al 2010-A. niger|,S1:156,,"α-1,2-Mannosyltransferase",machinery_component,,unassigned,low,Available evidence does not distinguish a primary subsystem.,,unknown,unassigned,low,golgi_mannosylation,liu_description_or_current_annotation,medium,False,,liu2014,aspergillus_homolog,KTR5,10.1186/1752-0509-8-73,exact,direct AO090 locus-tag match,False,Q2U691,aor:AO090120000333,ko:K03854,5996316
AOR00155,AO090005001222,AO090005001222,inparanoid+besthit|wang et al 2010-AO||,S1:157,,"protein folding; Protein folding/UPR , ER lumen Hsp70 chaperone ",machinery_component,folding,liu2014,high,Verified Liu 2014 Table S1 subsystem.,40.0,ER,uniprot,high,none,,,True,up,liu2014,yeast_inference,LHS1,10.1186/1752-0509-8-73,exact,direct AO090 locus-tag match,False,Q2UQJ4,aor:AO090005001222,ko:K09486,5990118
AOR00156,AO090026000314,AO090026000314,||Oliveira et al 2010-A. niger|,S1:158,,PtdIns 4-kinase: actin polymerization,machinery_component,,unassigned,low,Available evidence does not distinguish a primary subsystem.,,unknown,uniprot_conflict,low,none,,,False,,liu2014,aspergillus_homolog,LSB6,10.1186/1752-0509-8-73,exact,direct AO090 locus-tag match,False,Q2UF79,aor:AO090026000314,ko:K13711,5993816
AOR00157,AO090011000320,AO090011000320,inparanoid+besthit|||,S1:159,mcd4,GPI biosynthesis,machinery_component,gpi_biosynthesis,yeast_scaffold,medium,Unique match in the original yeast secretory-system scaffold.,50.0,unknown,uniprot_conflict,low,gpi_anchor,yeast_scaffold,medium,False,,liu2014,yeast_inference,MCD4,10.1186/1752-0509-8-73,exact,direct AO090 locus-tag match,False,Q2U0S9,aor:AO090011000320,ko:K05285,5998072
AOR00158,AO090005000459,AO090005000459,||Oliveira et al 2010-A. niger|,S1:160,,Myosin light chain,machinery_component,,unassigned,low,Available evidence does not distinguish a primary subsystem.,,unknown,unassigned,low,none,,,False,,liu2014,aspergillus_homolog,MLC1,10.1186/1752-0509-8-73,exact,direct AO090 locus-tag match,False,Q2USE3,aor:AO090005000459,,5989469
AOR00159,AO090038000608,AO090038000608,inparanoid+besthit|||,S1:161,,ERADL,machinery_component,erad,yeast_scaffold,medium,Unique match in the original yeast secretory-system scaffold.,60.0,unknown,uniprot_conflict,low,none,,,False,,liu2014,yeast_inference,MNL1,10.1186/1752-0509-8-73,exact,direct AO090 locus-tag match,False,Q2U244,aor:AO090038000608,,5997599
AOR00160,AO090012000403,AO090012000403,inparanoid+besthit|||,S1:162,,Golgi processing,machinery_component,golgi_processing,yeast_scaffold,medium,Unique match in the original yeast secretory-system scaffold.,90.0,Golgi,subsystem_inference,medium,golgi_mannosylation,liu_description_or_current_annotation,medium,False,,liu2014,yeast_inference,MNN10,10.1186/1752-0509-8-73,exact,direct AO090 locus-tag match,False,Q2UCX9,aor:AO090012000403,ko:K05531,5987899
AOR00161,AO090003001140,AO090003001140,inparanoid+besthit|||,S1:163,,Golgi processing,machinery_component,golgi_processing,yeast_scaffold,medium,Unique match in the original yeast secretory-system scaffold.,90.0,Golgi,subsystem_inference,medium,golgi_mannosylation,liu_description_or_current_annotation,medium,False,,liu2014,yeast_inference,MNN11,10.1186/1752-0509-8-73,exact,direct AO090 locus-tag match,False,Q2UJN4,aor:AO090003001140,ko:K05532,5992216
AOR00162,AO090003000967,AO090003000967,|wang et al 2010-AO||,S1:164,,"Glycosylation/modification , Regulates mannosylphosphorylation ",machinery_component,,unassigned,low,Available evidence does not distinguish a primary subsystem.,,unknown,unassigned,low,golgi_mannosylation,liu_description_or_current_annotation,medium,False,,liu2014,unknown,MNN4 ,10.1186/1752-0509-8-73,exact,direct AO090 locus-tag match,False,Q2UK37,aor:AO090003000967,,5992063
AOR00163,AO090701000814,AO090701000814,inparanoid+besthit|||,S1:165,,ERADC,machinery_component,erad,yeast_scaffold,medium,Unique match in the original yeast secretory-system scaffold.,60.0,unknown,uniprot_conflict,low,golgi_mannosylation,liu_description_or_current_annotation,medium,False,,liu2014,yeast_inference,MNN9,10.1186/1752-0509-8-73,exact,direct AO090 locus-tag match,False,Q2U7J5,aor:AO090701000814,ko:K05529,5995660
AOR00164,AO090003000057,AO090003000057,inparanoid+besthit|||,S1:166,,protein folding,machinery_component,folding,liu2014,high,Verified Liu 2014 Table S1 subsystem.,40.0,unknown,uniprot_conflict,low,none,,,True,up,liu2014,yeast_inference,MNS1,10.1186/1752-0509-8-73,exact,direct AO090 locus-tag match,False,Q2UMC2,aor:AO090003000057,ko:K23741,5991278
AOR00165,AO090003001225,AO090003001225,|wang et al 2010-AO||,S1:167,,"Glycosylation/modification , class I α-mannosidase ",machinery_component,er_glycosylation,liu2014_description+uniprot+kegg_ko,high,Class I alpha-mannosidase (KO K01230) performs ER N-glycan mannose trimming; ER quality control is a secondary role.,30.0,unknown,uniprot_conflict,low,n_glycan_trimming,curated_multi_source_evidence,high,False,,liu2014,unknown,MNS1 ,10.1186/1752-0509-8-73,exact,direct AO090 locus-tag match,False,Q2UJG7,aor:AO090003001225,ko:K01230,5992283
AOR00166,AO090038000177,AO090038000177,|wang et al 2010-AO||,S1:168,,"Glycosylation/modification , α-1,3-mannosyltransferase ",machinery_component,golgi_processing,kegg_pathway,low,"Single mapped KEGG pathway; broad, low-confidence placement.",90.0,membrane,uniprot,high,golgi_mannosylation,kegg_ko,medium,False,,liu2014,unknown,MNT2 ,10.1186/1752-0509-8-73,exact,direct AO090 locus-tag match,False,Q2U358,aor:AO090038000177,ko:K10968,5997235
AOR00167,AO090003000829,AO090003000829,|wang et al 2010-AO||Kuratsu et al 2007-AO SNARE,S1:169,,"Protein folding/UPR , Protein disulfide isomerase prpA ",machinery_component,folding,liu2014,high,Verified Liu 2014 Table S1 subsystem.,40.0,ER,uniprot,high,none,,,True,up,liu2014,unknown,MPD1,10.1186/1752-0509-8-73,exact,direct AO090 locus-tag match,False,Q2UKF5,aor:AO090003000829,ko:K09584,5991945
AOR00168,AO090011000579,AO090011000579,||Oliveira et al (2010)|,S1:170,,Protein disulfide isomerase,machinery_component,folding,liu2014,high,Verified Liu 2014 Table S1 subsystem.,40.0,membrane,uniprot,high,none,,,False,,liu2014,aspergillus_homolog,MPD1,10.1186/1752-0509-8-73,exact,direct AO090 locus-tag match,False,Q2U056,aor:AO090011000579,ko:K13996,5998295
AOR00169,AO090009000361,AO090009000361,||Oliveira et al 2010-A. niger|,S1:171,,Sorting receptor vacuolar hydrolases,machinery_component,,unassigned,low,Available evidence does not distinguish a primary subsystem.,,membrane,uniprot,high,none,,,False,,liu2014,aspergillus_homolog,MRL1,10.1186/1752-0509-8-73,exact,direct AO090 locus-tag match,False,Q2UUD2,aor:AO090009000361,ko:K10089,5988766
AOR00170,AO090102000101,AO090102000101,||Oliveira et al 2010-A. niger|,S1:172,mvp1,PtdIns-3-P binding protein,machinery_component,,unassigned,low,Available evidence does not distinguish a primary subsystem.,,unknown,uniprot_conflict,low,none,,,False,,liu2014,aspergillus_homolog,MVP1,10.1186/1752-0509-8-73,exact,direct AO090 locus-tag match,False,Q2UB56,aor:AO090102000101,ko:K17922,5994387
AOR00171,AO090009000707,AO090009000707,||Oliveira et al 2010-A. niger|,S1:173,,Myosin motor,machinery_component,,unassigned,low,Available evidence does not distinguish a primary subsystem.,,unknown,unassigned,low,none,,,False,,liu2014,aspergillus_homolog,MYO2,10.1186/1752-0509-8-73,exact,direct AO090 locus-tag match,False,Q2UTJ6,aor:AO090009000707,ko:K10357,5989051
AOR00172,AO090701000790,AO090701000790,|wang et al 2010-AO||,S1:174,,"Cellular export and secretion , Involved in nonclassical protein export pathway ",machinery_component,,unassigned,low,Available evidence does not distinguish a primary subsystem.,,membrane,uniprot,high,none,,,False,,liu2014,unknown,NCE102 ,10.1186/1752-0509-8-73,exact,direct AO090 locus-tag match,False,Q2U7L6,aor:AO090701000790,ko:K27384,5995639
AOR00173,AO090701000148,AO090701000148,||Oliveira et al 2010-A. niger|,S1:175,,Flippase,machinery_component,,unassigned,low,Available evidence does not distinguish a primary subsystem.,,unknown,uniprot_conflict,low,none,,,False,,liu2014,aspergillus_homolog,NEO1,10.1186/1752-0509-8-73,exact,direct AO090 locus-tag match,False,Q2U969,aor:AO090701000148,ko:K01530,5995086
AOR00174,AO090023000762,AO090023000762,||Oliveira et al 2010-A. niger|,S1:176,,N-myristoyl transferase,machinery_component,,unassigned,low,Available evidence does not distinguish a primary subsystem.,,cytosol,uniprot,high,none,,,False,,liu2014,aspergillus_homolog,NMT1,10.1186/1752-0509-8-73,exact,direct AO090 locus-tag match,False,Q2UGP8,aor:AO090023000762,ko:K00671,5993271
AOR00175,AO090005000811,AO090005000811,inparanoid+besthit|||,S1:177,npl4,ERADL,machinery_component,erad,yeast_scaffold,medium,Unique match in the original yeast secretory-system scaffold.,60.0,unknown,uniprot_conflict,low,none,,,False,,liu2014,yeast_inference,NPL4,10.1186/1752-0509-8-73,exact,direct AO090 locus-tag match,False,Q2URI8,,ko:K14015,5989774
AOR00176,AO090023000485,AO090023000485,||Oliveira et al 2010-A. niger|,S1:178,,R.III type SNARE,machinery_component,snare,liu2014_description,medium,Specific function stated in Liu 2014 description.,140.0,membrane,uniprot,high,none,,,False,,liu2014,aspergillus_homolog,NYV1,10.1186/1752-0509-8-73,exact,direct AO090 locus-tag match,False,Q2UHD9,aor:AO090023000485,ko:K08515,5993030
AOR00177,AO090038000451,AO090038000451,||Oliveira et al 2010-A. niger|,S1:179,,P-loop ATPase,machinery_component,erad,liu2014,high,Verified Liu 2014 Table S1 subsystem.,60.0,cytosol,uniprot,high,none,,,True,down,liu2014,aspergillus_homolog,OLA1,10.1186/1752-0509-8-73,exact,direct AO090 locus-tag match,False,Q2U2H8,aor:AO090038000451,ko:K19788,5997465
AOR00178,AO090009000257,AO090009000257,|wang et al 2010-AO||,S1:180,,"ERADL; Protein degradation , conserved ER protein ",machinery_component,erad,liu2014,high,Verified Liu 2014 Table S1 subsystem.,60.0,membrane,uniprot,high,none,,,False,,liu2014,unknown,ORM1,10.1186/1752-0509-8-73,exact,direct AO090 locus-tag match,False,Q2UUM5,aor:AO090009000257,ko:K28680,5988672
AOR00179,AO090001000698,AO090001000698,inparanoid+besthit|wang et al 2010-AO||,S1:181,,"Erglycosylation; Glycosylation/modification , oligosaccharyltransferase complex, αSU ",machinery_component,er_glycosylation,liu2014,high,Verified Liu 2014 Table S1 subsystem.,30.0,unknown,uniprot_conflict,low,n_glycan_transfer,liu2014,high,True,up,liu2014,yeast_inference,"OST1, OST2",10.1186/1752-0509-8-73,exact,direct AO090 locus-tag match,False,Q2UMM7,aor:AO090001000698,ko:K12666,5991161
AOR00180,AO090001000747,AO090001000747,inparanoid+besthit|wang et al 2010-AO||,S1:182,,"Erglycosylation; Glycosylation/modification , oligosaccharyltransferase complex, γSU ",machinery_component,er_glycosylation,liu2014,high,Verified Liu 2014 Table S1 subsystem.,30.0,unknown,uniprot_conflict,low,n_glycan_transfer,liu2014,high,True,up,liu2014,yeast_inference,"OST3, OST6",10.1186/1752-0509-8-73,exact,direct AO090 locus-tag match,False,Q2UMI0,aor:AO090001000747,ko:K12669,5991208
AOR00181,AO090166000087,AO090166000087,bhits|||,S1:183,,ERglycosylation,machinery_component,er_glycosylation,yeast_scaffold,medium,Unique match in the original yeast secretory-system scaffold.,30.0,membrane,uniprot,high,n_glycan_transfer,yeast_scaffold,medium,False,,liu2014,unknown,OST5,10.1186/1752-0509-8-73,exact,direct AO090 locus-tag match,False,Q2U9N0,aor:AO090166000087,,5994924
AOR00182,AO090701000218,AO090701000218,||Oliveira et al 2010-A. niger|,S1:184,pbn1,GPI Man-transferase subunit,machinery_component,,unassigned,low,Available evidence does not distinguish a primary subsystem.,,unknown,uniprot_conflict,low,none,,,False,,liu2014,aspergillus_homolog,PBN1,10.1186/1752-0509-8-73,exact,direct AO090 locus-tag match,False,Q2U910,,,
AOR00183,AO090001000429,AO090001000429,bhits|||,S1:185,,Phosphoglucomutase,machinery_component,,unassigned,low,Available evidence does not distinguish a primary subsystem.,,unknown,unassigned,low,none,,,False,,liu2014,unknown,PCM1,10.1186/1752-0509-8-73,exact,direct AO090 locus-tag match,False,Q2UNB6,aor:AO090001000429,ko:K01836,
AOR00184,AO090001000733,AO090001000733,inparanoid+besthit|wang et al 2010-AO||,S1:186,pdiA,"protein folding; Protein folding/UPR , Protein disulfide isomerase pdiAh ",machinery_component,folding,liu2014,high,Verified Liu 2014 Table S1 subsystem.,40.0,ER,uniprot,high,none,,,True,up,liu2014,yeast_inference,PDI1,10.1186/1752-0509-8-73,exact,direct AO090 locus-tag match,False,Q00248,aor:AO090001000733,ko:K09580,5991195
AOR00185,AO090120000344,AO090120000344,|wang et al 2010-AO||Kuratsu et al 2007-AO SNARE,S1:187,,"Protein folding/UPR , Protein disulfide isomerase tigA ",machinery_component,folding,liu2014,high,Verified Liu 2014 Table S1 subsystem.,40.0,ER,subsystem_inference,medium,none,,,False,,liu2014,unknown,PDI1,10.1186/1752-0509-8-73,exact,direct AO090 locus-tag match,False,Q2U681,aor:AO090120000344,ko:K09584,5996326
AOR00186,AO090010000769,AO090010000769,||Oliveira et al 2010-A. niger|,S1:188,vps10,Sorting receptor vacuolar hydrolases,machinery_component,cpy_pathway,current_annotation,medium,Specific current database function annotation.,120.0,unknown,uniprot_conflict,low,none,,,False,,liu2014,aspergillus_homolog,PEP1,10.1186/1752-0509-8-73,exact,direct AO090 locus-tag match,False,Q2TVY7,aor:AO090010000769,ko:K28985,5999853
AOR00187,AO090003001001,AO090003001001,||Oliveira et al 2010-A. niger|,S1:189,,Retromer coat,machinery_component,,unassigned,low,Available evidence does not distinguish a primary subsystem.,,unknown,unassigned,low,none,,,False,,liu2014,aspergillus_homolog,PEP8,10.1186/1752-0509-8-73,exact,direct AO090 locus-tag match,False,Q2UK05,aor:AO090003001001,ko:K18466,5992095
AOR00188,AO090701000381,AO090701000381,|wang et al 2010-AO||,S1:190,,"Protein degradation , E2 ubiquitin-conjugating enzyme—peroxin ",machinery_component,,unassigned,low,Available evidence does not distinguish a primary subsystem.,,unknown,unassigned,low,none,,,False,,liu2014,unknown,PEX4 ,10.1186/1752-0509-8-73,exact,direct AO090 locus-tag match,False,Q2U8L5,aor:AO090701000381,ko:K10689,
AOR00189,AO090001000706,AO090001000706,|wang et al 2010-AO||,S1:191,,"Cellular export and secretion , Secretory pathway Ca2 &#1;-ATPase pmrA ",machinery_component,golgi_processing,liu2014,high,Verified Liu 2014 Table S1 subsystem.,90.0,unknown,uniprot_conflict,low,none,,,False,,liu2014,unknown,PMR1 ,10.1186/1752-0509-8-73,exact,direct AO090 locus-tag match,False,Q2UML9,aor:AO090001000706,ko:K01537,
AOR00190,AO090020000105,AO090020000105,inparanoid+besthit|||,S1:192,,ERglycosylation,machinery_component,er_glycosylation,yeast_scaffold,medium,Unique match in the original yeast secretory-system scaffold.,30.0,unknown,uniprot_conflict,low,n_glycan_transfer,yeast_scaffold,medium,False,,liu2014,yeast_inference,"PMT1, PMT5",10.1186/1752-0509-8-73,exact,direct AO090 locus-tag match,False,Q2U526,aor:AO090020000105,ko:K00728,
AOR00191,AO090012001021,AO090012001021,inparanoid+besthit|||,S1:193,,ERglycosylation,machinery_component,er_glycosylation,yeast_scaffold,medium,Unique match in the original yeast secretory-system scaffold.,30.0,unknown,uniprot_conflict,low,n_glycan_transfer,yeast_scaffold,medium,False,,liu2014,yeast_inference,"PMT2, PMT3, PMT6",10.1186/1752-0509-8-73,exact,direct AO090 locus-tag match,False,Q2UBF4,aor:AO090012001021,ko:K00728,
AOR00192,AO090023000336,AO090023000336,inparanoid+besthit|wang et al 2010-AO||,S1:194,,"Erglycosylation; Glycosylation/modification , O-mannosyltransferase ",machinery_component,er_glycosylation,yeast_scaffold,medium,Unique match in the original yeast secretory-system scaffold.,30.0,unknown,uniprot_conflict,low,n_glycan_transfer,yeast_scaffold,medium,False,,liu2014,yeast_inference,PMT4,10.1186/1752-0509-8-73,exact,direct AO090 locus-tag match,False,Q2UHS0,aor:AO090023000336,ko:K00728,
AOR00193,AO090005001528,AO090005001528,inparanoid+besthit|||,S1:195,png1,ERADL,machinery_component,erad,yeast_scaffold,medium,Unique match in the original yeast secretory-system scaffold.,60.0,unknown,unassigned,low,none,,,False,,liu2014,yeast_inference,PNG1,10.1186/1752-0509-8-73,exact,direct AO090 locus-tag match,False,Q2UPS5,aor:AO090005001528,ko:K01456,5990387
AOR00194,AO090023000824,AO090023000824,||Oliveira et al 2010-A. niger|,S1:196,,20S CP proteasomal β subunit,machinery_component,,unassigned,low,Available evidence does not distinguish a primary subsystem.,,cytosol,uniprot,high,none,,,False,,liu2014,aspergillus_homolog,PRE1,10.1186/1752-0509-8-73,exact,direct AO090 locus-tag match,False,Q2UGI9,aor:AO090023000824,ko:K02734,
AOR00195,AO090003000095,AO090003000095,bhits|||,S1:197,,20S CP proteasomal β subunit,machinery_component,,unassigned,low,Available evidence does not distinguish a primary subsystem.,,cytosol,uniprot,high,none,,,False,,liu2014,unknown,PRE2,10.1186/1752-0509-8-73,exact,direct AO090 locus-tag match,False,Q2UM89,aor:AO090003000095,ko:K02737,
AOR00196,AO090005000157,AO090005000157,||Oliveira et al 2010-A. niger|,S1:198,,20S CP proteasomal β subunit,machinery_component,erad,liu2014,high,Verified Liu 2014 Table S1 subsystem.,60.0,cytosol,uniprot,high,none,,,False,,liu2014,aspergillus_homolog,PRE3,10.1186/1752-0509-8-73,exact,direct AO090 locus-tag match,False,Q2UT50,aor:AO090005000157,ko:K02738,
AOR00197,AO090003000016,AO090003000016,||Oliveira et al 2010-A. niger|,S1:199,,20S CP proteasomal β subunit,machinery_component,,unassigned,low,Available evidence does not distinguish a primary subsystem.,,cytosol,uniprot,high,none,,,False,,liu2014,aspergillus_homolog,PRE4,10.1186/1752-0509-8-73,exact,direct AO090 locus-tag match,False,Q2UMF9,aor:AO090003000016,ko:K02736,
AOR00198,AO090701000060,AO090701000060,bhits|||,S1:200,,20S CP proteasomal α subunit,machinery_component,,unassigned,low,Available evidence does not distinguish a primary subsystem.,,cytosol,uniprot,high,none,,,False,,liu2014,unknown,PRE5,10.1186/1752-0509-8-73,exact,direct AO090 locus-tag match,False,Q2U9E5,aor:AO090701000060,ko:K02725,
AOR00199,AO090102000273,AO090102000273,||Oliveira et al 2010-A. niger|,S1:201,,20S CP proteasomal α subunit,machinery_component,,unassigned,low,Available evidence does not distinguish a primary subsystem.,,cytosol,uniprot,high,none,,,False,,liu2014,aspergillus_homolog,"PRE6, PRE10",10.1186/1752-0509-8-73,exact,direct AO090 locus-tag match,False,Q2UAR6,aor:AO090102000273,ko:K02731,
AOR00200,AO090003000015,AO090003000015,||Oliveira et al 2010-A. niger|,S1:202,,20S CP proteasomal β subunit,machinery_component,,unassigned,low,Available evidence does not distinguish a primary subsystem.,,unknown,unassigned,low,none,,,False,,liu2014,aspergillus_homolog,PRE7,10.1186/1752-0509-8-73,exact,direct AO090 locus-tag match,False,Q2UMG0,aor:AO090003000015,ko:K02732,
AOR00201,AO090005000451,AO090005000451,||Oliveira et al 2010-A. niger|,S1:203,,20S CP proteasomal α subunit,machinery_component,,unassigned,low,Available evidence does not distinguish a primary subsystem.,,cytosol,uniprot,high,none,,,False,,liu2014,aspergillus_homolog,PRE8,10.1186/1752-0509-8-73,exact,direct AO090 locus-tag match,False,Q2USF0,aor:AO090005000451,ko:K02726,
AOR00202,AO090001000574,AO090001000574,||Oliveira et al 2010-A. niger|,S1:204,,20S CP proteasomal α subunit,machinery_component,,unassigned,low,Available evidence does not distinguish a primary subsystem.,,cytosol,uniprot,high,none,,,False,,liu2014,aspergillus_homolog,PRE9,10.1186/1752-0509-8-73,exact,direct AO090 locus-tag match,False,Q2UMY2,aor:AO090001000574,ko:K02728,
AOR00203,AO090003001069,AO090003001069,|wang et al 2010-AO|Oliveira et al 2010-A. niger|,S1:205,mpg1,"Glycosylation/modification , Mannose-1-phosphate guanyltransferase ",machinery_component,,unassigned,low,Available evidence does not distinguish a primary subsystem.,,cytosol,uniprot,high,none,,,False,,liu2014,aspergillus_homolog,PSA1,10.1186/1752-0509-8-73,exact,direct AO090 locus-tag match,False,Q2UJU5,,ko:K00966,
AOR00204,AO090005001595,AO090005001595,||Oliveira et al 2010-A. niger|,S1:206,,Ser/Thr phospatase,machinery_component,,unassigned,low,Available evidence does not distinguish a primary subsystem.,,unknown,unassigned,low,none,,,False,,liu2014,aspergillus_homolog,PTC2,10.1186/1752-0509-8-73,exact,direct AO090 locus-tag match,False,Q2UPL5,aor:AO090005001595,ko:K14803,5990447
AOR00205,AO090003000295,AO090003000295,||Oliveira et al 2010-A. niger|,S1:207,,20S CP proteasomal β subunit,machinery_component,,unassigned,low,Available evidence does not distinguish a primary subsystem.,,unknown,unassigned,low,none,,,False,,liu2014,aspergillus_homolog,PUP1,10.1186/1752-0509-8-73,exact,direct AO090 locus-tag match,False,Q2ULR9,aor:AO090003000295,ko:K02739,
AOR00206,AO090026000504,AO090026000504,||Oliveira et al 2010-A. niger|,S1:208,,20S CP proteasomal α subunit,machinery_component,,unassigned,low,Available evidence does not distinguish a primary subsystem.,,cytosol,uniprot,high,none,,,False,,liu2014,aspergillus_homolog,PUP2,10.1186/1752-0509-8-73,exact,direct AO090 locus-tag match,False,Q2UES3,aor:AO090026000504,ko:K02729,
AOR00207,AO090023000831,AO090023000831,||Oliveira et al 2010-A. niger|,S1:209,,20S CP proteasomal β subunit,machinery_component,,unassigned,low,Available evidence does not distinguish a primary subsystem.,,cytosol,uniprot,high,none,,,False,,liu2014,aspergillus_homolog,PUP3,10.1186/1752-0509-8-73,exact,direct AO090 locus-tag match,False,Q2UGI3,aor:AO090023000831,ko:K02735,
AOR00208,AO090009000655,AO090009000655,inparanoid+besthit|||,S1:210,,ERADL,machinery_component,erad,yeast_scaffold,medium,Unique match in the original yeast secretory-system scaffold.,60.0,cytosol,uniprot,high,none,,,False,,liu2014,yeast_inference,RAD23,10.1186/1752-0509-8-73,exact,direct AO090 locus-tag match,False,Q2UTN9,aor:AO090009000655,ko:K10839,5989008
AOR00209,AO090026000726,AO090026000726,||Oliveira et al 2010-A. niger|,S1:211,,Ras GTPase RasA,machinery_component,,unassigned,low,Available evidence does not distinguish a primary subsystem.,,membrane,uniprot,high,none,,,False,,liu2014,aspergillus_homolog,RAS2,10.1186/1752-0509-8-73,exact,direct AO090 locus-tag match,False,Q2UE83,aor:AO090026000726,ko:K07827,5994162
AOR00210,AO090011000535,AO090011000535,inparanoid+besthit|wang et al 2010-AO||,S1:212,,"COPI; Vesicular transport of proteins between ER and Golgi, retention of ER membrane proteins",machinery_component,copi,liu2014,high,Verified Liu 2014 Table S1 subsystem.,80.0,membrane,uniprot,high,none,,,True,up,liu2014,yeast_inference,RER1,10.1186/1752-0509-8-73,exact,direct AO090 locus-tag match,False,Q2U094,aor:AO090011000535,ko:K29081,5998257
AOR00211,AO090003001085,AO090003001085,|wang et al 2010-AO||,S1:213,,"Vesicular transport of proteins between ER and Golgi, retention of ER membrane proteins ",machinery_component,copii,liu2014,high,Verified Liu 2014 Table S1 subsystem.,70.0,vesicle,subsystem_inference,medium,none,,,False,,liu2014,unknown,RER2,10.1186/1752-0509-8-73,exact,direct AO090 locus-tag match,False,Q2UJT3,aor:AO090003001085,ko:K11778,5992167
AOR00212,AO090005001114,AO090005001114,inparanoid+besthit|wang et al 2010-AO||,S1:214,,"COPI; Vesicular transport of proteins between ER and Golgi, Delta subunit of the coatomer complex (COPI)",machinery_component,copi,liu2014,high,Verified Liu 2014 Table S1 subsystem.,80.0,unknown,uniprot_conflict,low,none,,,False,,liu2014,yeast_inference,RET2,10.1186/1752-0509-8-73,exact,direct AO090 locus-tag match,False,Q2UQT2,aor:AO090005001114,ko:K20471,5990030
AOR00213,AO090011000777,AO090011000777,inparanoid+besthit|wang et al 2010-AO||,S1:215,,"COPI; Vesicular transport of proteins between ER and Golgi, vesicle coat complex COPI, zeta subunit",machinery_component,copi,liu2014,high,Verified Liu 2014 Table S1 subsystem.,80.0,unknown,uniprot_conflict,low,none,,,False,,liu2014,yeast_inference,RET3,10.1186/1752-0509-8-73,exact,direct AO090 locus-tag match,False,Q2TZP2,aor:AO090011000777,ko:K20472,5998459
AOR00214,AO090001000748,AO090001000748,inparanoid+besthit|wang et al 2010-AO||,S1:216,,"Dolichol pathway; Glycosylation/modification , flippase ",machinery_component,dolichol_pathway,liu2014_description,medium,Specific function stated in Liu 2014 description.,20.0,unknown,uniprot_conflict,low,n_glycan_assembly,liu2014_description,medium,False,,liu2014,yeast_inference,RFT1,10.1186/1752-0509-8-73,exact,direct AO090 locus-tag match,False,Q2UMH9,aor:AO090001000748,ko:K06316,5991209
AOR00215,AO090003000071,AO090003000071,||Oliveira et al 2010-A. niger|,S1:217,,Ras GTPase RhoA,machinery_component,,unassigned,low,Available evidence does not distinguish a primary subsystem.,,membrane,uniprot,high,none,,,False,,liu2014,aspergillus_homolog,RHO1,10.1186/1752-0509-8-73,exact,direct AO090 locus-tag match,False,Q2UMA9,aor:AO090003000071,ko:K04513,
AOR00216,AO090102000559,AO090102000559,inparanoid+besthit|wang et al 2010-AO||,S1:218,,"protein folding; Trimming and quality control of N-glycosylated folded proteins, glucosidase II, αSU ",machinery_component,folding,liu2014,high,Verified Liu 2014 Table S1 subsystem.,40.0,ER,uniprot,high,n_glycan_trimming,liu_description_or_current_annotation,medium,True,up,liu2014,yeast_inference,ROT2,10.1186/1752-0509-8-73,exact,direct AO090 locus-tag match,False,Q2UA37,aor:AO090102000559,ko:K05546,5994756
AOR00217,AO090003000947,AO090003000947,||Oliveira et al 2010-A. niger|,S1:219,,"Fusion protein, precursor of Ub",machinery_component,erad,liu2014,high,Verified Liu 2014 Table S1 subsystem.,60.0,cytosol,uniprot,high,none,,,False,,liu2014,aspergillus_homolog,RPL40A,10.1186/1752-0509-8-73,exact,direct AO090 locus-tag match,False,Q2UK54,aor:AO090003000947,ko:K02927,5992046
AOR00218,AO090120000290,AO090120000290,||Oliveira et al 2010-A. niger|,S1:220,,19S RP proteasome ATPase,machinery_component,,unassigned,low,Available evidence does not distinguish a primary subsystem.,,unknown,unassigned,low,none,,,False,,liu2014,aspergillus_homolog,RPN1,10.1186/1752-0509-8-73,exact,direct AO090 locus-tag match,False,Q2U6C9,aor:AO090120000290,ko:K03028,5996278
AOR00219,AO090005001381,AO090005001381,||Oliveira et al 2010-A. niger|,S1:221,,19S RP proteasome ATPase,machinery_component,,unassigned,low,Available evidence does not distinguish a primary subsystem.,,unknown,unassigned,low,none,,,False,,liu2014,aspergillus_homolog,RPN12,10.1186/1752-0509-8-73,exact,direct AO090 locus-tag match,False,Q2UQ59,aor:AO090005001381,ko:K03031,
AOR00220,AO090023000714,AO090023000714,||Oliveira et al 2010-A. niger|,S1:222,,19S RP proteasome ATPase,machinery_component,,unassigned,low,Available evidence does not distinguish a primary subsystem.,,unknown,unassigned,low,none,,,False,,liu2014,aspergillus_homolog,RPN2,10.1186/1752-0509-8-73,exact,direct AO090 locus-tag match,False,Q2UGU0,aor:AO090023000714,ko:K03032,5993229
AOR00221,AO090020000084,AO090020000084,||Oliveira et al 2010-A. niger|,S1:223,,19S RP proteasome ATPase,machinery_component,,unassigned,low,Available evidence does not distinguish a primary subsystem.,,unknown,unassigned,low,none,,,False,,liu2014,aspergillus_homolog,RPN3,10.1186/1752-0509-8-73,exact,direct AO090 locus-tag match,False,Q2U541,aor:AO090020000084,ko:K03033,5996543
AOR00222,AO090020000338,AO090020000338,||Oliveira et al 2010-A. niger|,S1:224,,19S RP proteasome ATPase,machinery_component,,unassigned,low,Available evidence does not distinguish a primary subsystem.,,unknown,unassigned,low,none,,,False,,liu2014,aspergillus_homolog,RPN5,10.1186/1752-0509-8-73,exact,direct AO090 locus-tag match,False,Q2U4H8,aor:AO090020000338,ko:K03035,5996756
AOR00223,AO090001000417,AO090001000417,||Oliveira et al 2010-A. niger|,S1:225,,19S RP proteasome ATPase,machinery_component,,unassigned,low,Available evidence does not distinguish a primary subsystem.,,unknown,unassigned,low,none,,,False,,liu2014,aspergillus_homolog,RPN6,10.1186/1752-0509-8-73,exact,direct AO090 locus-tag match,False,Q2UNC8,aor:AO090001000417,ko:K03036,5990910
AOR00224,AO090012001005,AO090012001005,||Oliveira et al 2010-A. niger|,S1:226,,19S RP proteasome ATPase,machinery_component,,unassigned,low,Available evidence does not distinguish a primary subsystem.,,unknown,unassigned,low,none,,,False,,liu2014,aspergillus_homolog,RPN8,10.1186/1752-0509-8-73,exact,direct AO090 locus-tag match,False,Q2UBG9,aor:AO090012001005,ko:K03038,
AOR00225,AO090003000397,AO090003000397,||Oliveira et al 2010-A. niger|,S1:227,,19S RP proteasome ATPase,machinery_component,erad,liu2014,high,Verified Liu 2014 Table S1 subsystem.,60.0,unknown,unassigned,low,none,,,False,,liu2014,aspergillus_homolog,RPN9,10.1186/1752-0509-8-73,exact,direct AO090 locus-tag match,False,Q2ULI5,aor:AO090003000397,ko:K03039,5991565
AOR00226,AO090003000679,AO090003000679,||Oliveira et al 2010-A. niger|,S1:228,,"Fusion protein, precursor of Ub",machinery_component,,unassigned,low,Available evidence does not distinguish a primary subsystem.,,cytosol,uniprot,high,none,,,False,,liu2014,aspergillus_homolog,RPS31,10.1186/1752-0509-8-73,exact,direct AO090 locus-tag match,False,Q2UKT8,aor:AO090003000679,ko:K02977,5991812
AOR00227,AO090003000692,AO090003000692,|wang et al 2010-AO||,S1:229,,"Protein degradation , 26S proteasome regulatory subunit ",machinery_component,,unassigned,low,Available evidence does not distinguish a primary subsystem.,,cytosol,uniprot,high,none,,,False,,liu2014,unknown,RPT3 ,10.1186/1752-0509-8-73,exact,direct AO090 locus-tag match,False,Q2UKS6,aor:AO090003000692,ko:K03063,
AOR00228,AO090003000056,AO090003000056,||Oliveira et al 2010-A. niger|,S1:230,,19S RP proteasome ATPase,machinery_component,,unassigned,low,Available evidence does not distinguish a primary subsystem.,,cytosol,uniprot,high,none,,,False,,liu2014,aspergillus_homolog,RPT4,10.1186/1752-0509-8-73,exact,direct AO090 locus-tag match,False,Q2UMC3,aor:AO090003000056,ko:K03064,
AOR00229,AO090001000434,AO090001000434,||Oliveira et al 2010-A. niger|,S1:231,,19S RP proteasome ATPase,machinery_component,,unassigned,low,Available evidence does not distinguish a primary subsystem.,,cytosol,uniprot,high,none,,,False,,liu2014,aspergillus_homolog,RPT5,10.1186/1752-0509-8-73,exact,direct AO090 locus-tag match,False,Q2UNB2,aor:AO090001000434,ko:K03065,5990926
AOR00230,AO090206000022,AO090206000022,||Oliveira et al 2010-A. niger|,S1:232,,19S RP proteasome ATPase,machinery_component,,unassigned,low,Available evidence does not distinguish a primary subsystem.,,cytosol,uniprot,high,none,,,False,,liu2014,aspergillus_homolog,RPT6,10.1186/1752-0509-8-73,exact,direct AO090 locus-tag match,False,Q2PIX6,aor:AO090206000022,ko:K03066,5998647
AOR00231,AO090005001643,AO090005001643,|wang et al 2010-AO||,S1:233,,"Golgi processing; Vesicular transport of proteins between ER and Golgi, Golgi-matrix protein ",machinery_component,golgi_processing,liu2014,high,Verified Liu 2014 Table S1 subsystem.,90.0,Golgi,subsystem_inference,medium,none,,,True,down,liu2014,unknown,RUD3,10.1186/1752-0509-8-73,exact,direct AO090 locus-tag match,False,Q2UPH2,aor:AO090005001643,,5990490
AOR00232,AO090009000668,AO090009000668,||Oliveira et al 2010-A. niger|,S1:234,,Amphiphysin protein: actin polarization,machinery_component,,unassigned,low,Available evidence does not distinguish a primary subsystem.,,cytosol,uniprot,high,none,,,False,,liu2014,aspergillus_homolog,RVS161,10.1186/1752-0509-8-73,exact,direct AO090 locus-tag match,False,Q2UTN0,aor:AO090009000668,ko:K20120,5989017
AOR00233,AO090003000842,AO090003000842,inparanoid+besthit|wang et al 2010-AO||,S1:235,sar1,"COPII; Vesicle trafficking/transport , GTPase (ER to Golgi) ",machinery_component,copii,liu2014,high,Verified Liu 2014 Table S1 subsystem.,70.0,unknown,uniprot_conflict,low,none,,,True,up,liu2014,yeast_inference,SAR1,10.1186/1752-0509-8-73,exact,direct AO090 locus-tag match,False,Q877B9,aor:AO090003000842,ko:K07953,5991956
AOR00234,AO090003000853,AO090003000853,inparanoid+besthit|wang et al 2010-AO||,S1:236,,"TC,ERADL; Translocation to ER, Translocon (gamma subunit) ",machinery_component,tc,liu2014,high,Verified Liu 2014 Table S1 subsystem.,10.0,unknown,uniprot_conflict,low,none,,,True,up,liu2014,yeast_inference,"SBH1, SBH2",10.1186/1752-0509-8-73,exact,direct AO090 locus-tag match,False,Q2UKD5,aor:AO090003000853,ko:K09481,5991965
AOR00235,AO090038000586,AO090038000586,||Oliveira et al 2010-A. niger|,S1:237,,ER DnaJ co-chaperone,machinery_component,folding,liu2014,high,Verified Liu 2014 Table S1 subsystem.,40.0,ER,subsystem_inference,medium,none,,,True,up,liu2014,aspergillus_homolog,SCJ1,10.1186/1752-0509-8-73,exact,direct AO090 locus-tag match,False,Q2U263,aor:AO090038000586,,5997580
AOR00236,AO090003000682,AO090003000682,||Oliveira et al 2010-A. niger|,S1:238,,20S CP proteasomal α subunit,machinery_component,,unassigned,low,Available evidence does not distinguish a primary subsystem.,,cytosol,uniprot,high,none,,,False,,liu2014,aspergillus_homolog,SCL1,10.1186/1752-0509-8-73,exact,direct AO090 locus-tag match,False,Q2UKT5,aor:AO090003000682,ko:K02730,
AOR00237,AO090010000460,AO090010000460,|wang et al 2010-AO||,S1:239,,"LDSV; Vacuolar protein sorting , VPS (Golgi to plasma membrane) ",machinery_component,,unassigned,low,Available evidence does not distinguish a primary subsystem.,,unknown,unassigned,low,none,,,False,,liu2014,unknown,SEC1 ,10.1186/1752-0509-8-73,exact,direct AO090 locus-tag match,True,Q2TWR0,aor:AO090010000460,ko:K15292,5999580
AOR00238,AO090010000771,AO090010000771,inparanoid+besthit|wang et al 2010-AO||,S1:240,,"LDSV; Cellular export and secretion , exocyst complex SU",machinery_component,ldsv,liu2014_description,medium,Specific function stated in Liu 2014 description.,100.0,vesicle,subsystem_inference,medium,none,,,False,,liu2014,yeast_inference,SEC10,10.1186/1752-0509-8-73,exact,direct AO090 locus-tag match,False,Q2TVY5,aor:AO090010000771,ko:K19984,5999855
AOR00239,AO090012000838,AO090012000838,inparanoid+besthit|wang et al 2010-AO||,S1:241,sec11,"TC; Translocation to ER, signal peptidase complex SU ",machinery_component,tc,liu2014,high,Verified Liu 2014 Table S1 subsystem.,10.0,unknown,uniprot_conflict,low,none,,,True,up,liu2014,yeast_inference,SEC11,10.1186/1752-0509-8-73,exact,direct AO090 locus-tag match,False,Q2UBW3,aor:AO090012000838,ko:K13280,5988265
AOR00240,AO090023000986,AO090023000986,inparanoid+besthit|wang et al 2010-AO||,S1:242,sec13,"COPII; Vesicular transport of proteins between ER and Golgi, COPII complex SU ",machinery_component,copii,liu2014,high,Verified Liu 2014 Table S1 subsystem.,70.0,unknown,uniprot_conflict,low,none,,,False,,liu2014,yeast_inference,SEC13,10.1186/1752-0509-8-73,exact,direct AO090 locus-tag match,False,Q2UG43,,ko:K14004,5993476
AOR00241,AO090003000509,AO090003000509,|wang et al 2010-AO||,S1:243,,"Cellular export and secretion , Cytosolic factor phosphatidylinositol transfer ",machinery_component,,unassigned,low,Available evidence does not distinguish a primary subsystem.,,unknown,unassigned,low,none,,,False,,liu2014,unknown,SEC14 ,10.1186/1752-0509-8-73,exact,direct AO090 locus-tag match,False,Q2UL86,aor:AO090003000509,ko:K26544,5991664
AOR00242,AO090701000006,AO090701000006,inparanoid+besthit|||,S1:244,,LDSV,machinery_component,ldsv,liu2014_description,medium,Specific function stated in Liu 2014 description.,100.0,vesicle,subsystem_inference,medium,none,,,False,,liu2014,yeast_inference,SEC15,10.1186/1752-0509-8-73,exact,direct AO090 locus-tag match,False,Q2U9J5,aor:AO090701000006,ko:K19985,5994960
AOR00243,AO090701000149,AO090701000149,bhits|||,S1:245,sec16,COPII,machinery_component,copii,liu2014_description,medium,Specific function stated in Liu 2014 description.,70.0,unknown,uniprot_conflict,low,none,,,False,,liu2014,unknown,SEC16,10.1186/1752-0509-8-73,exact,direct AO090 locus-tag match,False,Q2U968,aor:AO090701000149,ko:K20353,5995087
AOR00244,AO090026000347,AO090026000347,inparanoid+besthit|||,S1:246,,COPII,machinery_component,copii,liu2014_description,medium,Specific function stated in Liu 2014 description.,70.0,membrane,uniprot,high,none,,,False,,liu2014,yeast_inference,SEC17,10.1186/1752-0509-8-73,exact,direct AO090 locus-tag match,False,Q2UF50,aor:AO090026000347,ko:K15296,
AOR00245,AO090005000718,AO090005000718,|wang et al 2010-AO||,S1:247,,"COPII,HDSV,LDSV,CPY,ALP pathway; Cellular export and secretion , Putative secretory component nsfA ",machinery_component,copii,liu2014,high,Verified Liu 2014 Table S1 subsystem.,70.0,cytosol,uniprot,high,none,,,False,,liu2014,unknown,SEC18 ,10.1186/1752-0509-8-73,exact,direct AO090 locus-tag match,False,Q2URR5,aor:AO090005000718,ko:K06027,5989697
AOR00246,,AO090005001666,|||Kuratsu et al 2007-AO SNARE,S1:248,,Qb-SNARE,machinery_component,snare,liu2014_description,medium,Specific function stated in Liu 2014 description.,140.0,vesicle,subsystem_inference,medium,none,,,False,,liu2014,unknown,SEC20,10.1186/1752-0509-8-73,unresolved,no current locus tag found; try step 2,True,,,,
AOR00247,AO090026000599,AO090026000599,inparanoid+besthit|wang et al 2010-AO||,S1:249,,"COPI; Vesicular transport of proteins between ER and Golgi, COPI complex, γ SU ",machinery_component,copi,liu2014,high,Verified Liu 2014 Table S1 subsystem.,80.0,unknown,uniprot_conflict,low,none,,,False,,liu2014,yeast_inference,SEC21,10.1186/1752-0509-8-73,exact,direct AO090 locus-tag match,False,Q2UEJ0,aor:AO090026000599,ko:K17267,5994055
AOR00248,AO090701000139,AO090701000139,inparanoid+besthit|||,S1:250,,"COPII, R-SNARE",machinery_component,copii,liu2014,high,Verified Liu 2014 Table S1 subsystem.,70.0,unknown,uniprot_conflict,low,none,,,False,,liu2014,yeast_inference,SEC22,10.1186/1752-0509-8-73,exact,direct AO090 locus-tag match,False,Q2U978,aor:AO090701000139,ko:K08517,5995077
AOR00249,AO090005000760,AO090005000760,inparanoid+besthit|wang et al 2010-AO||,S1:251,sec23,"COPII; Vesicular transport of proteins between ER and Golgi, COPII complex SU ",machinery_component,copii,liu2014_description,medium,Specific function stated in Liu 2014 description.,70.0,unknown,uniprot_conflict,low,none,,,False,,liu2014,yeast_inference,SEC23,10.1186/1752-0509-8-73,exact,direct AO090 locus-tag match,False,Q2URM9,aor:AO090005000760,ko:K14006,5989733
AOR00250,AO090003000403,AO090003000403,inparanoid+besthit|wang et al 2010-AO||,S1:252,sec24,"COPII; Vesicular transport of proteins between ER and Golgi, COPII complex SU ",machinery_component,copii,liu2014,high,Verified Liu 2014 Table S1 subsystem.,70.0,unknown,uniprot_conflict,low,none,,,False,,liu2014,yeast_inference,SEC24,10.1186/1752-0509-8-73,exact,direct AO090 locus-tag match,False,Q2ULI0,aor:AO090003000403,ko:K14007,5991570
AOR00251,AO090038000308,AO090038000308,inparanoid+besthit|wang et al 2010-AO||,S1:253,,"COPI; Vesicular transport of proteins between ER and Golgi, COPI complex, β SU ",machinery_component,copi,liu2014,high,Verified Liu 2014 Table S1 subsystem.,80.0,unknown,uniprot_conflict,low,none,,,True,up,liu2014,yeast_inference,SEC26,10.1186/1752-0509-8-73,exact,direct AO090 locus-tag match,False,Q2U2V2,aor:AO090038000308,ko:K17301,5997341
AOR00252,AO090011000577,AO090011000577,inparanoid+besthit|wang et al 2010-AO||,S1:254,,"COPI; Vesicular transport of proteins between ER and Golgi, COPI complex, β ' SU ",machinery_component,copi,liu2014,high,Verified Liu 2014 Table S1 subsystem.,80.0,unknown,uniprot_conflict,low,none,,,False,,liu2014,yeast_inference,SEC27,10.1186/1752-0509-8-73,exact,direct AO090 locus-tag match,False,Q2U058,aor:AO090011000577,ko:K17302,5998293
AOR00253,AO090012000556,AO090012000556,bhits|wang et al 2010-AO||,S1:255,,"COPI; Vesicular transport of proteins between ER and Golgi, COPI complex, ε SU ",machinery_component,copi,liu2014,high,Verified Liu 2014 Table S1 subsystem.,80.0,unknown,uniprot_conflict,low,none,,,False,,liu2014,unknown,SEC28,10.1186/1752-0509-8-73,exact,direct AO090 locus-tag match,False,Q2UCJ9,aor:AO090012000556,,5988029
AOR00254,AO090003000913,AO090003000913,inparanoid+besthit|||,S1:256,,LDSV,machinery_component,ldsv,liu2014_description,medium,Specific function stated in Liu 2014 description.,100.0,vesicle,subsystem_inference,medium,none,,,False,,liu2014,yeast_inference,SEC3,10.1186/1752-0509-8-73,exact,direct AO090 locus-tag match,False,Q2UK85,aor:AO090003000913,ko:K19983,5992015
AOR00255,AO090026000337,AO090026000337,inparanoid+besthit|wang et al 2010-AO||,S1:257,sec31,"COPII; Vesicular transport of proteins between ER and Golgi, COPII complex SU ",machinery_component,copii,liu2014,high,Verified Liu 2014 Table S1 subsystem.,70.0,unknown,uniprot_conflict,low,none,,,True,up,liu2014,yeast_inference,SEC31,10.1186/1752-0509-8-73,exact,direct AO090 locus-tag match,False,Q2UF60,,ko:K14005,
AOR00256,AO090206000003,AO090206000003,inparanoid+besthit|wang et al 2010-AO||,S1:258,,"LDSV; Vesicle trafficking/transport , GTPase (Golgi to plasma membrane) ",machinery_component,ldsv,liu2014_description,medium,Specific function stated in Liu 2014 description.,100.0,unknown,uniprot_conflict,low,none,,,False,,liu2014,yeast_inference,SEC4,10.1186/1752-0509-8-73,exact,direct AO090 locus-tag match,False,Q2PIZ1,aor:AO090206000003,ko:K07901,
AOR00257,AO090012000630,AO090012000630,bhits|||,S1:259,,LDSV,machinery_component,ldsv,liu2014_description,medium,Specific function stated in Liu 2014 description.,100.0,vesicle,subsystem_inference,medium,none,,,False,,liu2014,unknown,SEC5,10.1186/1752-0509-8-73,exact,direct AO090 locus-tag match,False,Q2UCE0,aor:AO090012000630,ko:K17637,5988088
AOR00258,AO090003001162,AO090003001162,inparanoid+besthit|wang et al 2010-AO||,S1:260,,"LDSV; Cellular export and secretion , subunit of the exocyst complex, targeting of secretory vesicles to active sites of exocytosis",machinery_component,ldsv,liu2014_description,medium,Specific function stated in Liu 2014 description.,100.0,vesicle,subsystem_inference,medium,none,,,False,,liu2014,yeast_inference,SEC6,10.1186/1752-0509-8-73,exact,direct AO090 locus-tag match,False,Q2UJL5,aor:AO090003001162,ko:K06110,5992235
AOR00259,AO090701000730,AO090701000730,inparanoid+besthit|wang et al 2010-AO||,S1:261,,"TC; Translocation to ER, Translocon (alpha subunit) ",machinery_component,tc,liu2014,high,Verified Liu 2014 Table S1 subsystem.,10.0,unknown,uniprot_conflict,low,none,,,True,up,liu2014,yeast_inference,"SEC61, SSH1",10.1186/1752-0509-8-73,exact,direct AO090 locus-tag match,False,Q2U7R7,aor:AO090701000730,ko:K10956,5995588
AOR00260,AO090026000361,AO090026000361,bhits|wang et al 2010-AO||,S1:262,,"TC; Translocation to ER, ER protein-translocation complex subunit ",machinery_component,tc,liu2014,high,Verified Liu 2014 Table S1 subsystem.,10.0,unknown,uniprot_conflict,low,none,,,True,up,liu2014,unknown,SEC62,10.1186/1752-0509-8-73,exact,direct AO090 locus-tag match,False,Q2UF40,aor:AO090026000361,ko:K12275,5993855
AOR00261,AO090005001238,AO090005001238,inparanoid+besthit|wang et al 2010-AO||,S1:263,,"TC; Translocation to ER, ER protein-translocation complex subunit ",machinery_component,tc,liu2014,high,Verified Liu 2014 Table S1 subsystem.,10.0,unknown,uniprot_conflict,low,none,,,True,up,liu2014,yeast_inference,SEC63,10.1186/1752-0509-8-73,exact,direct AO090 locus-tag match,False,Q2UQI1,aor:AO090005001238,ko:K09540,5990131
AOR00262,AO090005000120,AO090005000120,bhits|wang et al 2010-AO||,S1:264,,"TC; Translocation to ER, 19-kDa signal recognition particle ",machinery_component,tc,liu2014_description,medium,Specific function stated in Liu 2014 description.,10.0,cytosol,uniprot,high,none,,,False,,liu2014,unknown,SEC65,10.1186/1752-0509-8-73,exact,direct AO090 locus-tag match,False,Q2UT83,aor:AO090005000120,ko:K08838,5989179
AOR00263,AO090103000044,AO090103000044,bhits|wang et al 2010-AO||Kuratsu et al 2007-AO SNARE,S1:265,,"TC; Translocation to ER, ER protein-translocation complex subunit ",machinery_component,tc,liu2014,high,Verified Liu 2014 Table S1 subsystem.,10.0,ER,subsystem_inference,medium,none,,,True,up,liu2014,unknown,SEC66/SEC71,10.1186/1752-0509-8-73,exact,direct AO090 locus-tag match,False,Q2TYZ5,aor:AO090103000044,ko:K12273,5999182
AOR00264,AO090005000435,AO090005000435,|wang et al 2010-AO|Oliveira et al 2010-A. niger|,S1:266,,"GEF HypB for ARFs, LDSV; Cellular export and secretion , Reticulocyte binding protein ",machinery_component,ldsv,liu2014_description,medium,Specific function stated in Liu 2014 description.,100.0,unknown,uniprot_conflict,low,none,,,False,,liu2014,aspergillus_homolog,SEC7,10.1186/1752-0509-8-73,exact,direct AO090 locus-tag match,False,Q2USG6,aor:AO090005000435,ko:K18442,5989446
AOR00265,AO090701000291,AO090701000291,||Oliveira et al 2010-A. niger|,S1:267,,Targeting and import to the ER,machinery_component,tc,liu2014,high,Verified Liu 2014 Table S1 subsystem.,10.0,cytosol,uniprot,high,none,,,True,up,liu2014,aspergillus_homolog,SEC72,10.1186/1752-0509-8-73,exact,direct AO090 locus-tag match,False,Q2U8U3,aor:AO090701000291,ko:K12274,5995212
AOR00266,AO090701000290,AO090701000290,|wang et al 2010-AO||,S1:268,,"Translocation to ER, ER protein-translocation complex subunit ",machinery_component,,unassigned,low,Available evidence does not distinguish a primary subsystem.,,membrane,uniprot,high,none,,,False,,liu2014,unknown,SEC72 ,10.1186/1752-0509-8-73,exact,direct AO090 locus-tag match,False,Q2U8U4,aor:AO090701000290,ko:K12274,5995211
AOR00267,AO090701000719,AO090701000719,inparanoid+besthit|||,S1:269,,LDSV,machinery_component,ldsv,liu2014_description,medium,Specific function stated in Liu 2014 description.,100.0,vesicle,subsystem_inference,medium,none,,,False,,liu2014,yeast_inference,SEC8,10.1186/1752-0509-8-73,exact,direct AO090 locus-tag match,False,Q2U7S6,aor:AO090701000719,ko:K06111,5995757
AOR00268,AO090020000134,AO090020000134,||Oliveira et al 2010-A. niger|,S1:270,,Qa.II type SNARE,machinery_component,snare,liu2014_description,medium,Specific function stated in Liu 2014 description.,140.0,membrane,uniprot,high,none,,,False,,liu2014,aspergillus_homolog,SED5,10.1186/1752-0509-8-73,exact,direct AO090 locus-tag match,False,Q2U502,aor:AO090020000134,ko:K08490,5996582
AOR00269,AO090001000326,AO090001000326,||Oliveira et al 2010-A. niger|,S1:271,sey1,Dynamin GTPase,machinery_component,,unassigned,low,Available evidence does not distinguish a primary subsystem.,,unknown,uniprot_conflict,low,none,,,False,,liu2014,aspergillus_homolog,SEY1,10.1186/1752-0509-8-73,exact,direct AO090 locus-tag match,False,Q2UNK6,,ko:K22698,
AOR00270,AO090005001279,AO090005001279,||Oliveira et al 2010-A. niger|,S1:272,,Sorting of PmaA,machinery_component,copii,liu2014,high,Verified Liu 2014 Table S1 subsystem.,70.0,unknown,uniprot_conflict,low,none,,,False,,liu2014,aspergillus_homolog,SFB3,10.1186/1752-0509-8-73,exact,direct AO090 locus-tag match,False,Q2UQE8,aor:AO090005001279,ko:K14007,5990164
AOR00271,AO090038000454,AO090038000454,||Oliveira et al 2010-A. niger|,S1:273,,TTC protein,machinery_component,tc,kegg_pathway,low,"Single mapped KEGG pathway; broad, low-confidence placement.",10.0,ER,subsystem_inference,medium,none,,,False,,liu2014,aspergillus_homolog,SGT2,10.1186/1752-0509-8-73,exact,direct AO090 locus-tag match,False,Q2U2H5,aor:AO090038000454,ko:K16365,5997468
AOR00272,AO090003001273,AO090003001273,|wang et al 2010-AO|Oliveira et al 2010-A. niger|,S1:274,,"ER packaging chaperone; Cellular export and secretion , Secretory component protein, putative ",machinery_component,folding,liu2014_description,medium,Specific function stated in Liu 2014 description.,40.0,ER,subsystem_inference,medium,none,,,False,,liu2014,aspergillus_homolog,SHR3,10.1186/1752-0509-8-73,exact,direct AO090 locus-tag match,False,Q2UJC7,aor:AO090003001273,,5992323
AOR00273,AO090003000363,AO090003000363,|wang et al 2010-AO||Kuratsu et al 2007-AO SNARE,S1:275,,"Protein folding/UPR , Stress response transcription factor srrA ",machinery_component,folding,liu2014_description,medium,Specific function stated in Liu 2014 description.,40.0,ER,subsystem_inference,medium,none,,,False,,liu2014,unknown,SKN7 ,10.1186/1752-0509-8-73,exact,direct AO090 locus-tag match,False,Q2ULL5,aor:AO090003000363,ko:K15859,5991535
AOR00274,AO090020000087,AO090020000087,||Oliveira et al 2010-A. niger|,S1:276,,Actin linking to clathrin,machinery_component,,unassigned,low,Available evidence does not distinguish a primary subsystem.,,cytosol,uniprot,high,none,,,False,,liu2014,aspergillus_homolog,SLA2,10.1186/1752-0509-8-73,exact,direct AO090 locus-tag match,False,Q2U538,aor:AO090020000087,ko:K20040,5996546
AOR00275,AO090011000843,AO090011000843,|wang et al 2010-AO||,S1:277,,"Lipid/inositol metabolism , Fatty acyltransferase ",machinery_component,,unassigned,low,Available evidence does not distinguish a primary subsystem.,,unknown,unassigned,low,none,,,False,,liu2014,unknown,SLC1 ,10.1186/1752-0509-8-73,exact,direct AO090 locus-tag match,False,Q2TZI2,aor:AO090011000843,ko:K13509,5998519
AOR00276,AO090009000199,AO090009000199,||Oliveira et al 2010-A. niger|,S1:278,,MAP kinase: polarized growth,machinery_component,,unassigned,low,Available evidence does not distinguish a primary subsystem.,,unknown,unassigned,low,none,,,False,,liu2014,aspergillus_homolog,SLT2,10.1186/1752-0509-8-73,exact,direct AO090 locus-tag match,False,Q2UUS2,aor:AO090009000199,ko:K04464,
AOR00277,AO090701000606,AO090701000606,||Oliveira et al 2010-A. niger|,S1:279,,"SM protein, binds Sed5",machinery_component,,unassigned,low,Available evidence does not distinguish a primary subsystem.,,unknown,unassigned,low,none,,,False,,liu2014,aspergillus_homolog,SLY1,10.1186/1752-0509-8-73,exact,direct AO090 locus-tag match,False,Q2U818,aor:AO090701000606,ko:K19998,
AOR00278,AO090009000654,AO090009000654,inparanoid+besthit|||,S1:280,smp3,GPI biosynthesis,machinery_component,gpi_biosynthesis,yeast_scaffold,medium,Unique match in the original yeast secretory-system scaffold.,50.0,unknown,uniprot_conflict,low,gpi_anchor,yeast_scaffold,medium,False,,liu2014,yeast_inference,SMP3,10.1186/1752-0509-8-73,exact,direct AO090 locus-tag match,False,Q2UTP0,,ko:K08098,5989007
AOR00279,AO090012000430,AO090012000430,||Oliveira et al 2010-A. niger|,S1:281,,R.IV type SNARE,machinery_component,snare,liu2014,high,Verified Liu 2014 Table S1 subsystem.,140.0,membrane,uniprot,high,none,,,False,,liu2014,aspergillus_homolog,SNC2,10.1186/1752-0509-8-73,exact,direct AO090 locus-tag match,False,Q2UCV7,aor:AO090012000430,ko:K08513,5987921
AOR00280,AO090023000164,AO090023000164,|wang et al 2010-AO||,S1:282,,"Vacuolar protein sorting , Sorting nexin, retrieval from endosomes ",machinery_component,cpy_pathway,liu2014_description,medium,Specific function stated in Liu 2014 description.,120.0,unknown,uniprot_conflict,low,none,,,False,,liu2014,unknown,SNX41 ,10.1186/1752-0509-8-73,exact,direct AO090 locus-tag match,False,Q2UI75,aor:AO090023000164,ko:K21996,5992744
AOR00281,AO090005000615,AO090005000615,bhits|wang et al 2010-AO||,S1:283,,"TC; Translocation to ER, signal peptidase complex SU ",machinery_component,tc,liu2014,high,Verified Liu 2014 Table S1 subsystem.,10.0,unknown,uniprot_conflict,low,none,,,True,up,liu2014,unknown,SPC2,10.1186/1752-0509-8-73,exact,direct AO090 locus-tag match,False,Q2US08,aor:AO090005000615,,5989604
AOR00282,AO090102000523,AO090102000523,inparanoid+besthit|wang et al 2010-AO||,S1:284,,"TC; Translocation to ER,  signal peptidase complex SU ",machinery_component,tc,liu2014,high,Verified Liu 2014 Table S1 subsystem.,10.0,unknown,uniprot_conflict,low,none,,,True,up,liu2014,yeast_inference,SPC3,10.1186/1752-0509-8-73,exact,direct AO090 locus-tag match,False,Q2UA65,aor:AO090102000523,,5994728
AOR00283,AO090012000773,AO090012000773,|wang et al 2010-AO||,S1:285,,"Cell wall biogenesis , P-type ATPase—unknown function ",machinery_component,,unassigned,low,Available evidence does not distinguish a primary subsystem.,,unknown,uniprot_conflict,low,none,,,False,,liu2014,unknown,SPF1 ,10.1186/1752-0509-8-73,exact,direct AO090 locus-tag match,False,Q2UC23,aor:AO090012000773,ko:K14950,5988205
AOR00284,AO090005000980,AO090005000980,inparanoid+besthit|||,S1:286,,GPI biosynthesis,machinery_component,gpi_biosynthesis,yeast_scaffold,medium,Unique match in the original yeast secretory-system scaffold.,50.0,ER,subsystem_inference,medium,gpi_anchor,yeast_scaffold,medium,False,,liu2014,yeast_inference,SPT14,10.1186/1752-0509-8-73,exact,direct AO090 locus-tag match,False,Q2UR42,aor:AO090005000980,ko:K03857,5989920
AOR00285,AO090701000163,AO090701000163,inparanoid+besthit|wang et al 2010-AO||,S1:287,,"TC; Translocation to ER, signal recognition particle receptor ",machinery_component,tc,liu2014_description,medium,Specific function stated in Liu 2014 description.,10.0,unknown,uniprot_conflict,low,none,,,False,,liu2014,yeast_inference,SRP101,10.1186/1752-0509-8-73,exact,direct AO090 locus-tag match,False,Q2U958,aor:AO090701000163,ko:K13431,5995744
AOR00286,AO090011000933,AO090011000933,inparanoid+besthit|||,S1:288,,TC,machinery_component,tc,yeast_scaffold,medium,Unique match in the original yeast secretory-system scaffold.,10.0,unknown,uniprot_conflict,low,none,,,False,,liu2014,yeast_inference,SRP102,10.1186/1752-0509-8-73,exact,direct AO090 locus-tag match,False,Q2TZA6,aor:AO090011000933,ko:K12272,5998595
AOR00287,AO090011000469,AO090011000469,bhits|wang et al 2010-AO||,S1:289,,"TC; Translocation to ER, signal recognition particle SU ",machinery_component,tc,liu2014_description,medium,Specific function stated in Liu 2014 description.,10.0,cytosol,uniprot,high,none,,,False,,liu2014,unknown,SRP14,10.1186/1752-0509-8-73,exact,direct AO090 locus-tag match,False,Q2U0E6,aor:AO090011000469,ko:K03104,5998205
AOR00288,AO090120000351,AO090120000351,bhits|||,S1:290,,TC,machinery_component,tc,yeast_scaffold,medium,Unique match in the original yeast secretory-system scaffold.,10.0,ER,subsystem_inference,medium,none,,,False,,liu2014,unknown,SRP21,10.1186/1752-0509-8-73,exact,direct AO090 locus-tag match,False,Q2U675,aor:AO090120000351,,5996332
AOR00289,AO090102000593,AO090102000593,inparanoid+besthit|wang et al 2010-AO||,S1:291,,"TC; Translocation to ER, signal recognition particle, subunit ",machinery_component,tc,liu2014,high,Verified Liu 2014 Table S1 subsystem.,10.0,unknown,uniprot_conflict,low,none,,,False,,liu2014,yeast_inference,SRP54,10.1186/1752-0509-8-73,exact,direct AO090 locus-tag match,False,Q2UA05,aor:AO090102000593,ko:K03106,5994788
AOR00290,AO090003000956,AO090003000956,inparanoid+besthit|||,S1:292,,TC,machinery_component,tc,yeast_scaffold,medium,Unique match in the original yeast secretory-system scaffold.,10.0,cytosol,uniprot,high,none,,,False,,liu2014,yeast_inference,SRP68,10.1186/1752-0509-8-73,exact,direct AO090 locus-tag match,False,Q2UK46,aor:AO090003000956,ko:K03107,5992054
AOR00291,AO090003001205,AO090003001205,inparanoid+besthit|||,S1:293,,TC,machinery_component,tc,yeast_scaffold,medium,Unique match in the original yeast secretory-system scaffold.,10.0,unknown,uniprot_conflict,low,none,,,False,,liu2014,yeast_inference,SRP72,10.1186/1752-0509-8-73,exact,direct AO090 locus-tag match,False,Q2UJI0,aor:AO090003001205,ko:K03108,5992270
AOR00292,AO090012000995,AO090012000995,|wang et al 2010-AO|Oliveira et al 2010-A. niger|Kuratsu et al 2007-AO SNARE,S1:294,,"Protein folding/UPR , Heat shock protein, 70 kDa ",machinery_component,folding,liu2014_description,medium,Specific function stated in Liu 2014 description.,40.0,ER,subsystem_inference,medium,none,,,False,,liu2014,aspergillus_homolog,"SSA1,SSA2,SSA3,SSA4",10.1186/1752-0509-8-73,exact,direct AO090 locus-tag match,False,Q2UBH7,aor:AO090012000995,ko:K03283,
AOR00293,AO090011000513,AO090011000513,|wang et al 2010-AO||,S1:295,,"Protein folding/UPR , Heat shock protein, 70 kDa ",machinery_component,folding,liu2014_description,medium,Specific function stated in Liu 2014 description.,40.0,ER,subsystem_inference,medium,none,,,False,,liu2014,unknown,SSB1 ,10.1186/1752-0509-8-73,exact,direct AO090 locus-tag match,False,Q2U0A9,aor:AO090011000513,,5998242
AOR00294,AO090103000007,AO090103000007,|wang et al 2010-AO|Oliveira et al 2010-A. niger|Kuratsu et al 2007-AO SNARE,S1:296,,"Protein folding/UPR , Heat shock protein, 70 kDa, hscA ",machinery_component,folding,liu2014_description,medium,Specific function stated in Liu 2014 description.,40.0,cytosol,uniprot,high,none,,,False,,liu2014,aspergillus_homolog,SSB2,10.1186/1752-0509-8-73,exact,direct AO090 locus-tag match,False,Q2TZ28,aor:AO090103000007,ko:K03283,
AOR00295,AO090113000129,AO090113000129,||Oliveira et al 2010-A. niger|,S1:297,,Hsp90 chaperone complex,machinery_component,folding,liu2014_description,medium,Specific function stated in Liu 2014 description.,40.0,cytosol,uniprot,high,none,,,False,,liu2014,aspergillus_homolog,SSE2,10.1186/1752-0509-8-73,exact,direct AO090 locus-tag match,False,Q2U5I6,aor:AO090113000129,ko:K09489,
AOR00296,AO090010000311,AO090010000311,||Oliveira et al 2010-A. niger|,S1:298,,Qa.IV type SNARE,machinery_component,snare,liu2014_description,medium,Specific function stated in Liu 2014 description.,140.0,vesicle,subsystem_inference,medium,none,,,False,,liu2014,aspergillus_homolog,"SSO1, SSO2",10.1186/1752-0509-8-73,exact,direct AO090 locus-tag match,False,Q2TX29,aor:AO090010000311,ko:K08486,5999461
AOR00297,AO090005001482,AO090005001482,bhits|||,S1:299,dapB,Golgi processing,machinery_component,golgi_processing,yeast_scaffold,medium,Unique match in the original yeast secretory-system scaffold.,90.0,unknown,uniprot_conflict,low,none,,,False,,liu2014,unknown,STE13,10.1186/1752-0509-8-73,exact,direct AO090 locus-tag match,False,Q2UPW4,,ko:K01282,5990348
AOR00298,AO090038000562,AO090038000562,||Oliveira et al 2010-A. niger|,S1:300,,Hsp90 co-chaperone,machinery_component,folding,liu2014_description,medium,Specific function stated in Liu 2014 description.,40.0,cytosol,uniprot,high,none,,,False,,liu2014,aspergillus_homolog,STI1,10.1186/1752-0509-8-73,exact,direct AO090 locus-tag match,False,Q2U285,aor:AO090038000562,ko:K09553,
AOR00299,AO090103000069,AO090103000069,inparanoid+besthit|wang et al 2010-AO||,S1:301,,"Erglycosylation; Glycosylation/modification , oligosaccharyltransferase complex, SU ",machinery_component,er_glycosylation,liu2014,high,Verified Liu 2014 Table S1 subsystem.,30.0,unknown,uniprot_conflict,low,n_glycan_transfer,liu2014,high,True,up,liu2014,yeast_inference,STT3,10.1186/1752-0509-8-73,exact,direct AO090 locus-tag match,False,Q2TYX5,aor:AO090103000069,ko:K07151,5998803
AOR00300,AO090003000421,AO090003000421,||Oliveira et al 2010-A. niger|,S1:302,,Structural: microtule dynamics,machinery_component,,unassigned,low,Available evidence does not distinguish a primary subsystem.,,cytosol,uniprot,high,none,,,False,,liu2014,aspergillus_homolog,STU2,10.1186/1752-0509-8-73,exact,direct AO090 locus-tag match,False,Q2ULG4,aor:AO090003000421,ko:K24394,5991586
AOR00301,AO090020000592,AO090020000592,bhits|||,S1:303,,HDSV,machinery_component,hdsv,liu2014_description,medium,Specific function stated in Liu 2014 description.,110.0,vesicle,subsystem_inference,medium,none,,,False,,liu2014,unknown,SWA2,10.1186/1752-0509-8-73,exact,direct AO090 locus-tag match,False,Q2U3W3,aor:AO090020000592,,5996971
AOR00302,AO090023000690,AO090023000690,bhits|wang et al 2010-AO||,S1:304,,"Erglycosylation; Glycosylation/modification , oligosaccharyltransferase complex,Delta (essential) subunit",machinery_component,er_glycosylation,liu2014,high,Verified Liu 2014 Table S1 subsystem.,30.0,unknown,uniprot_conflict,low,n_glycan_transfer,liu2014,high,True,up,liu2014,unknown,SWP1,10.1186/1752-0509-8-73,exact,direct AO090 locus-tag match,False,Q2UGV9,aor:AO090023000690,ko:K12667,5993210
AOR00303,AO090012000240,AO090012000240,|||Kuratsu et al 2007-AO SNARE,S1:305,,"DNA, SC012",machinery_component,snare,kegg_pathway,low,"Single mapped KEGG pathway; broad, low-confidence placement.",140.0,membrane,uniprot,high,none,,,False,,liu2014,unknown,SYN8,10.1186/1752-0509-8-73,exact,direct AO090 locus-tag match,False,Q2UDB4,aor:AO090012000240,ko:K08501,5987764
AOR00304,AO090038000561,AO090038000561,||Oliveira et al 2010-A. niger|,S1:306,,Tricalbin,machinery_component,,unassigned,low,Available evidence does not distinguish a primary subsystem.,,unknown,uniprot_conflict,low,none,,,False,,liu2014,aspergillus_homolog,TCB1,10.1186/1752-0509-8-73,exact,direct AO090 locus-tag match,False,Q2U286,aor:AO090038000561,ko:K28063,5997557
AOR00305,AO090120000250,AO090120000250,||Oliveira et al 2010-A. niger|,S1:307,,Cargo exit from ER,machinery_component,gpi_biosynthesis,kegg_pathway,low,"Single mapped KEGG pathway; broad, low-confidence placement.",50.0,ER,subsystem_inference,medium,gpi_anchor,kegg_pathway,medium,False,,liu2014,aspergillus_homolog,TED1,10.1186/1752-0509-8-73,exact,direct AO090 locus-tag match,False,Q2U6G1,aor:AO090120000250,ko:K23362,5996246
AOR00306,AO090102000487,AO090102000487,|||Kuratsu et al 2007-AO SNARE,S1:308,,Qc-SNARE,machinery_component,snare,liu2014_description,medium,Specific function stated in Liu 2014 description.,140.0,unknown,uniprot_conflict,low,none,,,False,,liu2014,unknown,TLG1,10.1186/1752-0509-8-73,exact,direct AO090 locus-tag match,False,Q2UA95,aor:AO090102000487,ko:K08499,5994698
AOR00307,AO090003001228,AO090003001228,||Oliveira et al 2010-A. niger|,S1:309,,Qa.III.a type SNARE,machinery_component,snare,liu2014_description,medium,Specific function stated in Liu 2014 description.,140.0,unknown,uniprot_conflict,low,none,,,False,,liu2014,aspergillus_homolog,TLG2,10.1186/1752-0509-8-73,exact,direct AO090 locus-tag match,False,Q2UJG4,aor:AO090003001228,ko:K08489,5992286
AOR00308,AO090023000078,AO090023000078,bhits|||,S1:310,,C-methylation of prenylCys.,machinery_component,,unassigned,low,Available evidence does not distinguish a primary subsystem.,,unknown,unassigned,low,none,,,False,,liu2014,unknown,TOR2,10.1186/1752-0509-8-73,exact,direct AO090 locus-tag match,False,Q2UIF1,aor:AO090023000078,,5992668
AOR00309,AO090012000873,AO090012000873,|wang et al 2010-AO|Oliveira et al 2010-A. niger|,S1:311,,"tRNA ligase required for tRNA splicing; Protein folding/UPR , tRNA ligase ",machinery_component,folding,liu2014_description,medium,Specific function stated in Liu 2014 description.,40.0,ER,subsystem_inference,medium,none,,,False,,liu2014,aspergillus_homolog,TRL1,10.1186/1752-0509-8-73,exact,direct AO090 locus-tag match,False,Q2UBT4,aor:AO090012000873,ko:K14679,5988294
AOR00310,AO090701000055,AO090701000055,|wang et al 2010-AO||,S1:312,,"Vesicular transport of proteins between ER and Golgi, Targeting and fusion of ER-Golgi vesicles ",machinery_component,,unassigned,low,Available evidence does not distinguish a primary subsystem.,,Golgi,uniprot,high,none,,,False,,liu2014,unknown,TRS120 ,10.1186/1752-0509-8-73,exact,direct AO090 locus-tag match,False,Q2U9F0,aor:AO090701000055,ko:K20306,5995005
AOR00311,AO090011000833,AO090011000833,inparanoid+besthit|||,S1:313,,COPII,machinery_component,copii,liu2014_description,medium,Specific function stated in Liu 2014 description.,70.0,vesicle,subsystem_inference,medium,none,,,False,,liu2014,yeast_inference,TRS20,10.1186/1752-0509-8-73,exact,direct AO090 locus-tag match,False,Q2TZJ1,aor:AO090011000833,ko:K20301,5998510
AOR00312,AO090120000403,AO090120000403,inparanoid+besthit|||,S1:314,,COPII,machinery_component,copii,liu2014_description,medium,Specific function stated in Liu 2014 description.,70.0,unknown,uniprot_conflict,low,none,,,False,,liu2014,yeast_inference,TRS31,10.1186/1752-0509-8-73,exact,direct AO090 locus-tag match,False,Q2U630,aor:AO090120000403,ko:K20280,5996377
AOR00313,AO090701000012,AO090701000012,bhits|||,S1:315,,COPII,machinery_component,copii,liu2014_description,medium,Specific function stated in Liu 2014 description.,70.0,vesicle,subsystem_inference,medium,none,,,False,,liu2014,unknown,TRS33,10.1186/1752-0509-8-73,exact,direct AO090 locus-tag match,False,Q2U9J0,aor:AO090701000012,ko:K20304,5994965
AOR00314,AO090005001065,AO090005001065,||Oliveira et al 2010-A. niger|,S1:316,,Thioredoxin,machinery_component,,unassigned,low,Available evidence does not distinguish a primary subsystem.,,unknown,unassigned,low,none,,,False,,liu2014,aspergillus_homolog,TRX1,10.1186/1752-0509-8-73,exact,direct AO090 locus-tag match,False,Q2UQX3,aor:AO090005001065,ko:K03671,5989989
AOR00315,AO090009000281,AO090009000281,||Oliveira et al 2010-A. niger|,S1:317,,β-tubulin TubB,machinery_component,,unassigned,low,Available evidence does not distinguish a primary subsystem.,,cytosol,uniprot,high,none,,,False,,liu2014,aspergillus_homolog,TUB2,10.1186/1752-0509-8-73,exact,direct AO090 locus-tag match,False,Q2UUK4,aor:AO090009000281,ko:K07375,5988693
AOR00316,AO090005000840,AO090005000840,||Oliveira et al 2010-A. niger|,S1:318,,α-tubulin TubA,machinery_component,,unassigned,low,Available evidence does not distinguish a primary subsystem.,,cytosol,uniprot,high,none,,,False,,liu2014,aspergillus_homolog,TUB3,10.1186/1752-0509-8-73,exact,direct AO090 locus-tag match,False,Q2URG3,aor:AO090005000840,ko:K07374,5989799
AOR00317,AO090009000287,AO090009000287,||Oliveira et al 2010-A. niger|,S1:319,tvp38,Asymetric localization of Kar9,machinery_component,,unassigned,low,Available evidence does not distinguish a primary subsystem.,,unknown,uniprot_conflict,low,none,,,False,,liu2014,aspergillus_homolog,TVP38,10.1186/1752-0509-8-73,exact,direct AO090 locus-tag match,False,Q2UUJ9,,ko:K26753,
AOR00318,AO090012000248,AO090012000248,inparanoid+besthit|wang et al 2010-AO||,S1:320,,"Protein degradation , Ubiquitin-activating enzyme ",machinery_component,erad,yeast_scaffold,medium,Unique match in the original yeast secretory-system scaffold.,60.0,unknown,unassigned,low,none,,,False,,liu2014,yeast_inference,UBA1,10.1186/1752-0509-8-73,exact,direct AO090 locus-tag match,False,Q2UDA8,aor:AO090012000248,ko:K03178,
AOR00319,AO090701000588,AO090701000588,|wang et al 2010-AO||,S1:321,,"Protein degradation , E2 ubiquitin-conjugating enzyme ",machinery_component,erad,liu2014,high,Verified Liu 2014 Table S1 subsystem.,60.0,unknown,unassigned,low,none,,,False,,liu2014,unknown,UBC12 ,10.1186/1752-0509-8-73,exact,direct AO090 locus-tag match,False,Q2U835,aor:AO090701000588,ko:K10579,5995470
AOR00320,AO090102000609,AO090102000609,bhits|wang et al 2010-AO||,S1:322,,"ERADM,ERADL; Protein degradation , Ubiquitin-conjugating enzyme (UBC7 ortholog) ",machinery_component,erad,liu2014,high,Verified Liu 2014 Table S1 subsystem.,60.0,unknown,unassigned,low,none,,,False,,liu2014,unknown,UBC7,10.1186/1752-0509-8-73,exact,direct AO090 locus-tag match,False,Q2U9Z1,aor:AO090102000609,ko:K04555,5994802
AOR00321,AO090103000399,AO090103000399,bhits|||,S1:323,,E2 ubiquitin-conjugating enzyme (EC 2.3.2.23),machinery_component,hdsv,liu2014,high,Verified Liu 2014 Table S1 subsystem.,110.0,vesicle,subsystem_inference,medium,none,,,False,,liu2014,unknown,UBC7,10.1186/1752-0509-8-73,exact,direct AO090 locus-tag match,False,Q2TY43,aor:AO090103000399,ko:K10575,5999085
AOR00322,AO090102000527,AO090102000527,||Oliveira et al 2010-A. niger|,S1:324,,Ub-specific protease,machinery_component,,unassigned,low,Available evidence does not distinguish a primary subsystem.,,unknown,unassigned,low,none,,,False,,liu2014,aspergillus_homolog,UBP15,10.1186/1752-0509-8-73,exact,direct AO090 locus-tag match,False,Q2UA63,aor:AO090102000527,ko:K11838,5994730
AOR00323,AO090011000379,AO090011000379,bhits||Oliveira et al 2010-A. niger|,S1:325,,"ERADL, Ub activator domain protein",machinery_component,erad,liu2014,high,Verified Liu 2014 Table S1 subsystem.,60.0,unknown,unassigned,low,none,,,False,,liu2014,aspergillus_homolog,UBX2/UBX3,10.1186/1752-0509-8-73,exact,direct AO090 locus-tag match,False,Q2U0M5,aor:AO090011000379,ko:K18726,5998126
AOR00324,AO090005000853,AO090005000853,inparanoid+besthit|||,S1:326,,ERADL,machinery_component,erad,yeast_scaffold,medium,Unique match in the original yeast secretory-system scaffold.,60.0,unknown,unassigned,low,none,,,False,,liu2014,yeast_inference,UFD1,10.1186/1752-0509-8-73,exact,direct AO090 locus-tag match,False,Q2URF2,aor:AO090005000853,ko:K14016,5989810
AOR00325,AO090023000839,AO090023000839,||Oliveira et al 2010-A. niger|,S1:327,,Ub-Ub ligase,machinery_component,folding,kegg_pathway,low,"Single mapped KEGG pathway; broad, low-confidence placement.",40.0,cytosol,uniprot,high,none,,,False,,liu2014,aspergillus_homolog,UFD2,10.1186/1752-0509-8-73,exact,direct AO090 locus-tag match,False,Q2UGH5,aor:AO090023000839,ko:K10597,5993344
AOR00326,AO090011000678,AO090011000678,|||Kuratsu et al 2007-AO SNARE,S1:328,,Qa-SNARE,machinery_component,snare,liu2014,high,Verified Liu 2014 Table S1 subsystem.,140.0,membrane,uniprot,high,none,,,False,,liu2014,unknown,UFE1,10.1186/1752-0509-8-73,exact,direct AO090 locus-tag match,False,Q2TZX6,aor:AO090011000678,,5998375
AOR00327,AO090038000558,AO090038000558,bhits|||,S1:329,,UGPase,machinery_component,,unassigned,low,Available evidence does not distinguish a primary subsystem.,,unknown,unassigned,low,none,,,False,,liu2014,unknown,UGP1,10.1186/1752-0509-8-73,exact,direct AO090 locus-tag match,False,Q2U287,aor:AO090038000558,ko:K00963,
AOR00328,AO090026000428,AO090026000428,||Oliveira et al 2010-A. niger|,S1:330,,ER export receptor,machinery_component,folding,kegg_pathway,low,"Single mapped KEGG pathway; broad, low-confidence placement.",40.0,membrane,uniprot,high,none,,,False,,liu2014,aspergillus_homolog,UIP5,10.1186/1752-0509-8-73,exact,direct AO090 locus-tag match,False,Q2UEY5,aor:AO090026000428,ko:K10082,5993910
AOR00329,AO090012000504,AO090012000504,inparanoid+besthit|wang et al 2010-AO||,S1:331,,"COPII; Vesicular transport of proteins between ER and Golgi, SNARE complex assembly protein ",machinery_component,,unassigned,low,Available evidence does not distinguish a primary subsystem.,,Golgi,uniprot,high,none,,,False,,liu2014,yeast_inference,USO1,10.1186/1752-0509-8-73,exact,direct AO090 locus-tag match,True,Q2UCP4,aor:AO090012000504,ko:K20361,5987984
AOR00330,AO090113000014,AO090113000014,||Oliveira et al 2010-A. niger|,S1:332,vac8,Cytoplasm to vacuole targeting,machinery_component,,unassigned,low,Available evidence does not distinguish a primary subsystem.,,unknown,uniprot_conflict,low,none,,,False,,liu2014,aspergillus_homolog,VAC8,10.1186/1752-0509-8-73,exact,direct AO090 locus-tag match,False,Q2U5T5,aor:AO090113000014,ko:K08332,5995860
AOR00331,AO090023000864,AO090023000864,inparanoid+besthit|||,S1:333,,"ALPpathway, Qa-SNARE",machinery_component,alp_pathway,liu2014,high,Verified Liu 2014 Table S1 subsystem.,130.0,vacuole,subsystem_inference,medium,none,,,False,,liu2014,yeast_inference,"VAM3, PEP12",10.1186/1752-0509-8-73,exact,direct AO090 locus-tag match,False,Q2UGF2,aor:AO090023000864,,5993367
AOR00332,AO090026000605,AO090026000605,|||Kuratsu et al 2007-AO SNARE,S1:334,,Qc-SNARE,machinery_component,snare,liu2014_description,medium,Specific function stated in Liu 2014 description.,140.0,vesicle,subsystem_inference,medium,none,,,False,,liu2014,unknown,VAM7,10.1186/1752-0509-8-73,exact,direct AO090 locus-tag match,False,Q2UEI4,aor:AO090026000605,ko:K08502,5994061
AOR00333,AO090011000398,AO090011000398,||Oliveira et al (2010)|,S1:335,,Dynamin GTPase,machinery_component,hdsv,liu2014,high,Verified Liu 2014 Table S1 subsystem.,110.0,vesicle,subsystem_inference,medium,none,,,False,,liu2014,aspergillus_homolog,VPS1,10.1186/1752-0509-8-73,exact,direct AO090 locus-tag match,False,Q2U0L0,aor:AO090011000398,,5998141
AOR00334,AO090102000348,AO090102000348,||Oliveira et al (2010)|,S1:336,,Dynamin GTPase,machinery_component,hdsv,liu2014,high,Verified Liu 2014 Table S1 subsystem.,110.0,vesicle,subsystem_inference,medium,none,,,False,,liu2014,aspergillus_homolog,VPS1,10.1186/1752-0509-8-73,exact,direct AO090 locus-tag match,False,Q2UAK6,aor:AO090102000348,ko:K23481,5994587
AOR00335,AO090113000006,AO090113000006,|wang et al 2010-AO||,S1:337,,"CPY; Vacuolar protein sorting , vacuolar protein sorting",machinery_component,cpy_pathway,liu2014_description,medium,Specific function stated in Liu 2014 description.,120.0,vacuole,subsystem_inference,medium,none,,,False,,liu2014,unknown,VPS16 ,10.1186/1752-0509-8-73,exact,direct AO090 locus-tag match,False,Q2U5U2,aor:AO090113000006,ko:K20180,
AOR00336,AO090701000263,AO090701000263,|wang et al 2010-AO||,S1:338,,"COPII; Vesicular transport of proteins between ER and Golgi, membrane coat complex Retromer, subunit VPS5/SNX1",machinery_component,copii,liu2014_description,medium,Specific function stated in Liu 2014 description.,70.0,vesicle,subsystem_inference,medium,none,,,False,,liu2014,unknown,VPS17,10.1186/1752-0509-8-73,exact,direct AO090 locus-tag match,False,Q2U8W9,aor:AO090701000263,ko:K28986,5995186
AOR00337,AO090023000765,AO090023000765,|wang et al 2010-AO|Oliveira et al 2010-A. niger|,S1:339,,"Rab5 GTPase; Vesicle trafficking/transport , GTPase (early to late endosome) ",machinery_component,,unassigned,low,Available evidence does not distinguish a primary subsystem.,,unknown,uniprot_conflict,low,none,,,False,,liu2014,aspergillus_homolog,VPS21/YPT52 ,10.1186/1752-0509-8-73,exact,direct AO090 locus-tag match,False,Q2UGP5,aor:AO090023000765,ko:K07888,5993274
AOR00338,AO090012000925,AO090012000925,|wang et al 2010-AO||,S1:340,,"COPII; Vesicular transport of proteins between ER and Golgi, membrane coat complex Retromer, subunit VPS29/PEP11",machinery_component,copii,liu2014_description,medium,Specific function stated in Liu 2014 description.,70.0,vesicle,subsystem_inference,medium,none,,,False,,liu2014,unknown,VPS29,10.1186/1752-0509-8-73,exact,direct AO090 locus-tag match,False,Q2UBN9,aor:AO090012000925,ko:K18467,5988339
AOR00339,AO090026000225,AO090026000225,|wang et al 2010-AO||,S1:341,,"CPY; Vacuolar protein sorting , Probable vacuolar sorting protein hbrA ",machinery_component,cpy_pathway,liu2014_description,medium,Specific function stated in Liu 2014 description.,120.0,vacuole,subsystem_inference,medium,none,,,False,,liu2014,unknown,VPS33 ,10.1186/1752-0509-8-73,exact,direct AO090 locus-tag match,False,Q2UFF8,aor:AO090026000225,ko:K20182,5993737
AOR00340,AO090003000586,AO090003000586,|wang et al 2010-AO|Oliveira et al 2010-A. niger|,S1:342,,"Retromer coat; Vesicular transport of proteins between ER and Golgi, membrane coat complex Retromer, subunit VPS35",machinery_component,cpy_pathway,current_annotation,medium,Specific current database function annotation.,120.0,membrane,uniprot,high,none,,,False,,liu2014,aspergillus_homolog,VPS35,10.1186/1752-0509-8-73,exact,direct AO090 locus-tag match,False,Q2UL15,aor:AO090003000586,ko:K18468,5991735
AOR00341,AO090005001298,AO090005001298,|wang et al 2010-AO||,S1:343,,"CPY; Vacuolar protein sorting , vacuolar protein sorting AAA-ATPase (endosome to vacuole) ",machinery_component,cpy_pathway,liu2014_description,medium,Specific function stated in Liu 2014 description.,120.0,unknown,uniprot_conflict,low,none,,,False,,liu2014,unknown,VPS4 ,10.1186/1752-0509-8-73,exact,direct AO090 locus-tag match,False,Q2UQD2,aor:AO090005001298,ko:K12196,5990180
AOR00342,AO090003000675,AO090003000675,|wang et al 2010-AO||,S1:344,,"CPY; Vacuolar protein sorting , VPS (Golgi to vacuole) ",machinery_component,cpy_pathway,liu2014_description,medium,Specific function stated in Liu 2014 description.,120.0,vacuole,subsystem_inference,medium,none,,,False,,liu2014,unknown,VPS41 ,10.1186/1752-0509-8-73,exact,direct AO090 locus-tag match,False,Q2UKU2,aor:AO090003000675,ko:K20184,5991808
AOR00343,AO090701000053,AO090701000053,inparanoid+besthit|wang et al 2010-AO||,S1:345,,"CPY; Vacuolar protein sorting , vacuolar sorting protein VPS45/Stt10 (Sec1 family)(Golgi to endosome)",machinery_component,cpy_pathway,liu2014_description,medium,Specific function stated in Liu 2014 description.,120.0,membrane,uniprot,high,none,,,False,,liu2014,yeast_inference,VPS45,10.1186/1752-0509-8-73,exact,direct AO090 locus-tag match,False,Q2U9F2,aor:AO090701000053,ko:K12479,5995003
AOR00344,AO090009000311,AO090009000311,|wang et al 2010-AO||,S1:346,,"COPII; Vesicular transport of proteins between ER and Golgi, membrane coat complex Retromer, subunit VPS5/SNX1",machinery_component,copii,liu2014_description,medium,Specific function stated in Liu 2014 description.,70.0,unknown,uniprot_conflict,low,none,,,False,,liu2014,unknown,VPS5,10.1186/1752-0509-8-73,exact,direct AO090 locus-tag match,False,Q2UUH6,aor:AO090009000311,ko:K17917,5988721
AOR00345,AO090003000939,AO090003000939,|wang et al 2010-AO||,S1:347,,"CPY; Vacuolar protein sorting , vacuolar protein sorting",machinery_component,cpy_pathway,liu2014_description,medium,Specific function stated in Liu 2014 description.,120.0,Golgi,uniprot,high,none,,,False,,liu2014,unknown,VPS52 ,10.1186/1752-0509-8-73,exact,direct AO090 locus-tag match,False,Q2UK62,aor:AO090003000939,ko:K20298,5992038
AOR00346,AO090003000609,AO090003000609,||Oliveira et al 2010-A. niger|,S1:348,,Proteolysis,machinery_component,,unassigned,low,Available evidence does not distinguish a primary subsystem.,,unknown,unassigned,low,none,,,False,,liu2014,aspergillus_homolog,VPS70,10.1186/1752-0509-8-73,exact,direct AO090 locus-tag match,False,Q2UKZ4,aor:AO090003000609,,5991756
AOR00347,AO090003000972,AO090003000972,||Oliveira et al (2010)|,S1:349,,Vacuolar protein sorting,machinery_component,cpy_pathway,liu2014_description,medium,Specific function stated in Liu 2014 description.,120.0,vacuole,subsystem_inference,medium,none,,,False,,liu2014,aspergillus_homolog,VPS70,10.1186/1752-0509-8-73,exact,direct AO090 locus-tag match,False,Q2UK33,aor:AO090003000972,ko:K01301,5992067
AOR00348,AO090009000688,AO090009000688,||Oliveira et al 2010-A. niger|,S1:350,gmt1,GDP-Mannose transporter,machinery_component,,unassigned,low,Available evidence does not distinguish a primary subsystem.,,unknown,uniprot_conflict,low,none,,,False,,liu2014,aspergillus_homolog,VRG4,10.1186/1752-0509-8-73,exact,direct AO090 locus-tag match,False,Q2UTL1,aor:AO090009000688,ko:K15356,
AOR00349,AO090012000979,AO090012000979,||Oliveira et al 2010-A. niger|,S1:351,,VTC subunit,machinery_component,,unassigned,low,Available evidence does not distinguish a primary subsystem.,,unknown,uniprot_conflict,low,none,,,False,,liu2014,aspergillus_homolog,VTC3,10.1186/1752-0509-8-73,exact,direct AO090 locus-tag match,False,Q2UBI9,aor:AO090012000979,ko:K27691,5988389
AOR00350,AO090011000795,AO090011000795,||Oliveira et al 2010-A. niger|,S1:352,,VTC subunit,machinery_component,,unassigned,low,Available evidence does not distinguish a primary subsystem.,,unknown,unassigned,low,none,,,False,,liu2014,aspergillus_homolog,VTC4,10.1186/1752-0509-8-73,ambiguous,AO090 tag has multiple UniProt candidates; no candidate selected,True,,,ko:K27692,
AOR00351,AO090003001144,AO090003001144,||Oliveira et al 2010-A. niger|,S1:353,,Qb.III.b type SNARE,machinery_component,snare,liu2014_description,medium,Specific function stated in Liu 2014 description.,140.0,membrane,uniprot,high,none,,,False,,liu2014,aspergillus_homolog,VTI1,10.1186/1752-0509-8-73,exact,direct AO090 locus-tag match,False,Q2UJN0,aor:AO090003001144,ko:K08493,5992220
AOR00352,AO090020000468,AO090020000468,inparanoid+besthit|wang et al 2010-AO||,S1:354,,"Erglycosylation; Glycosylation/modification , oligosaccharyltransferase complex, βSU",machinery_component,er_glycosylation,liu2014_description+uniprot+kegg_ko,high,"WBP1 is the ER oligosaccharyltransferase beta subunit (KO K12670), making N-glycan transfer its most specific function.",30.0,unknown,uniprot_conflict,low,n_glycan_transfer,curated_multi_source_evidence,high,False,,liu2014,yeast_inference,WBP1,10.1186/1752-0509-8-73,exact,direct AO090 locus-tag match,False,Q2U468,aor:AO090020000468,ko:K12670,5997085
AOR00353,AO090003000068,AO090003000068,||Oliveira et al 2010-A. niger|,S1:355,,Ser/Thr kinase: septin assembly,machinery_component,,unassigned,low,Available evidence does not distinguish a primary subsystem.,,unknown,unassigned,low,none,,,False,,liu2014,aspergillus_homolog,YCK2,10.1186/1752-0509-8-73,exact,direct AO090 locus-tag match,False,Q2UMB2,aor:AO090003000068,ko:K02218,5991288
AOR00354,AO090003000801,AO090003000801,||Oliveira et al 2010-A. niger|,S1:356,,Chaperone for protein translocation,machinery_component,folding,kegg_pathway,low,"Single mapped KEGG pathway; broad, low-confidence placement.",40.0,ER,subsystem_inference,medium,none,,,False,,liu2014,aspergillus_homolog,YDJ1,10.1186/1752-0509-8-73,exact,direct AO090 locus-tag match,True,Q2UKI0,aor:AO090003000801,ko:K09503,5991920
AOR00355,AO090003000506,AO090003000506,||Oliveira et al 2010-A. niger|,S1:357,,Invertase secretion in yeast,machinery_component,folding,kegg_pathway,low,"Single mapped KEGG pathway; broad, low-confidence placement.",40.0,unknown,uniprot_conflict,low,none,,,False,,liu2014,aspergillus_homolog,YET3,10.1186/1752-0509-8-73,exact,direct AO090 locus-tag match,False,Q2UL88,aor:AO090003000506,ko:K14009,5991662
AOR00356,AO090701000164,AO090701000164,||Oliveira et al 2010-A. niger|,S1:358,,COPII/Golgi fusion,machinery_component,copii,liu2014,high,Verified Liu 2014 Table S1 subsystem.,70.0,unknown,uniprot_conflict,low,none,,,True,up,liu2014,aspergillus_homolog,YIF1,10.1186/1752-0509-8-73,exact,direct AO090 locus-tag match,False,Q2U957,aor:AO090701000164,ko:K20362,5995098
AOR00357,AO090003000038,AO090003000038,||Oliveira et al 2010-A. niger|,S1:359,,Interacts with Rab GTPases,machinery_component,copii,liu2014,high,Verified Liu 2014 Table S1 subsystem.,70.0,membrane,uniprot,high,none,,,False,,liu2014,aspergillus_homolog,YIP3,10.1186/1752-0509-8-73,exact,direct AO090 locus-tag match,False,Q2UMD9,aor:AO090003000038,ko:K20359,5991261
AOR00358,AO090023000584,AO090023000584,||Oliveira et al 2010-A. niger|,S1:360,,R.II tye SNARE,machinery_component,snare,liu2014,high,Verified Liu 2014 Table S1 subsystem.,140.0,unknown,uniprot_conflict,low,none,,,False,,liu2014,aspergillus_homolog,YKT6,10.1186/1752-0509-8-73,exact,direct AO090 locus-tag match,False,Q2UH49,aor:AO090023000584,ko:K08516,5993120
AOR00359,AO090009000178,AO090009000178,||Oliveira et al 2010-A. niger|,S1:361,,"α-1,2-Mannosidase",machinery_component,erad,aspergillus_homolog+uniprot+yeast_ortholog+kegg_ko,medium,The A. oryzae protein is a class I alpha-mannosidase (KO K01230); its MNL2 ortholog is ER-localized and functions in ERAD quality control.,60.0,unknown,uniprot_conflict,low,n_glycan_trimming,curated_multi_source_evidence,high,False,,liu2014,aspergillus_homolog,YLR057W,10.1186/1752-0509-8-73,exact,direct AO090 locus-tag match,False,Q2UUU1,aor:AO090009000178,ko:K01230,5988606
AOR00360,AO090005000158,AO090005000158,||Oliveira et al 2010-A. niger|,S1:362,,Supressor of Bud 5,machinery_component,putative_mitochondria_protein,liu2014,high,Verified Liu 2014 Table S1 subsystem.,180.0,unknown,unassigned,low,none,,,False,,liu2014,aspergillus_homolog,YNL320W,10.1186/1752-0509-8-73,exact,direct AO090 locus-tag match,False,Q2UT49,aor:AO090005000158,ko:K24083,5989213
AOR00361,AO090011000717,AO090011000717,bhits|||,S1:363,,ER tubular morphology,machinery_component,,unassigned,low,Available evidence does not distinguish a primary subsystem.,,membrane,uniprot,high,none,,,False,,liu2014,unknown,YOP1,10.1186/1752-0509-8-73,exact,direct AO090 locus-tag match,False,Q2TZU5,aor:AO090011000717,,5998406
AOR00362,AO090023000334,AO090023000334,bhits|||,S1:364,,ERADL,machinery_component,erad,liu2014,high,Verified Liu 2014 Table S1 subsystem.,60.0,unknown,uniprot_conflict,low,none,,,True,up,liu2014,unknown,YOS9,10.1186/1752-0509-8-73,exact,direct AO090 locus-tag match,False,Q2UHS2,aor:AO090023000334,ko:K10088,5992897
AOR00363,AO090102000638,AO090102000638,inparanoid+besthit|wang et al 2010-AO||,S1:365,,"COPII; Vesicle trafficking/transport , GTPase (cis to medial Golgi) ",machinery_component,copii,liu2014_description,medium,Specific function stated in Liu 2014 description.,70.0,vesicle,subsystem_inference,medium,none,,,False,,liu2014,yeast_inference,YPT1,10.1186/1752-0509-8-73,exact,direct AO090 locus-tag match,False,Q2U9W5,aor:AO090102000638,ko:K07874,5994828
AOR00364,AO090005000880,AO090005000880,|wang et al 2010-AO|Oliveira et al 2010-A. niger|,S1:366,,"Rab11 GTPase, COPI; Vesicle trafficking/transport ",machinery_component,copi,liu2014,high,Verified Liu 2014 Table S1 subsystem.,80.0,membrane,uniprot,high,none,,,False,,liu2014,aspergillus_homolog,"YPT31, YPT32 ",10.1186/1752-0509-8-73,exact,direct AO090 locus-tag match,False,Q2URC8,aor:AO090005000880,ko:K07904,5989834
AOR00365,AO090003000619,AO090003000619,|wang et al 2010-AO||,S1:367,,"Vesicle trafficking/transport , ",machinery_component,,unassigned,low,Available evidence does not distinguish a primary subsystem.,,unknown,unassigned,low,none,,,False,,liu2014,unknown,"YPT51,YPT53 ",10.1186/1752-0509-8-73,exact,direct AO090 locus-tag match,False,Q2UKY4,aor:AO090003000619,,5991766
AOR00366,AO090012000273,AO090012000273,|wang et al 2010-AO|Oliveira et al 2010-A. niger|,S1:368,,"Rab6 GTPase SrgC, CPY; Vesicle trafficking/transport , GTPase (Golgi to vacuole)",machinery_component,,unassigned,low,Available evidence does not distinguish a primary subsystem.,,unknown,unassigned,low,none,,,False,,liu2014,aspergillus_homolog,YPT6,10.1186/1752-0509-8-73,exact,direct AO090 locus-tag match,False,Q2UD88,aor:AO090012000273,,5987790
AOR00367,AO090120000329,AO090120000329,|wang et al 2010-AO||,S1:369,,"CPY; Vesicle trafficking/transport , GTPase (late endosome to vacuole) ",machinery_component,,unassigned,low,Available evidence does not distinguish a primary subsystem.,,unknown,unassigned,low,none,,,False,,liu2014,unknown,YPT7 ,10.1186/1752-0509-8-73,exact,direct AO090 locus-tag match,False,Q2U694,aor:AO090120000329,ko:K07897,
AOR00368,AO090005000965,AO090005000965,||Oliveira et al 2010-A. niger|,S1:370,,Proteolysis,machinery_component,mitochondrial_m_aaa_protease,liu2014,high,Verified Liu 2014 Table S1 subsystem.,190.0,unknown,unassigned,low,none,,,False,,liu2014,aspergillus_homolog,YTA12,10.1186/1752-0509-8-73,exact,direct AO090 locus-tag match,False,Q2UR54,aor:AO090005000965,,5989908
AOR00369,AO090011000292,AO090011000292,||Oliveira et al 2010-A. niger|,S1:371,,DnaJ protein,machinery_component,,unassigned,low,Available evidence does not distinguish a primary subsystem.,,cytosol,uniprot,high,none,,,False,,liu2014,aspergillus_homolog,ZUO1,10.1186/1752-0509-8-73,exact,direct AO090 locus-tag match,False,Q2U0V3,aor:AO090011000292,ko:K09522,5998048
